datetime_utc,temperature_c,wind_speed_kmh,wind_direction_deg
2023-06-01 00:00:00+00:00,9.3,15.5,48
2023-06-01 01:00:00+00:00,9.2,15.5,46
2023-06-01 02:00:00+00:00,9.1,15.8,43
2023-06-01 03:00:00+00:00,9.0,16.8,45
2023-06-01 04:00:00+00:00,9.0,15.3,45
2023-06-01 05:00:00+00:00,9.1,16.3,43
2023-06-01 06:00:00+00:00,9.4,17.6,41
2023-06-01 07:00:00+00:00,9.7,17.1,42
2023-06-01 08:00:00+00:00,10.5,18.1,44
2023-06-01 09:00:00+00:00,11.2,18.6,44
2023-06-01 10:00:00+00:00,12.6,18.1,47
2023-06-01 11:00:00+00:00,14.2,18.1,49
2023-06-01 12:00:00+00:00,14.1,16.8,47
2023-06-01 13:00:00+00:00,14.9,18.1,44
2023-06-01 14:00:00+00:00,14.6,18.2,38
2023-06-01 15:00:00+00:00,14.2,18.0,37
2023-06-01 16:00:00+00:00,13.5,17.5,37
2023-06-01 17:00:00+00:00,13.2,18.2,39
2023-06-01 18:00:00+00:00,12.7,18.6,43
2023-06-01 19:00:00+00:00,12.2,18.9,42
2023-06-01 20:00:00+00:00,11.5,18.6,41
2023-06-01 21:00:00+00:00,10.9,19.1,41
2023-06-01 22:00:00+00:00,10.5,18.6,41
2023-06-01 23:00:00+00:00,9.9,19.4,42
2023-06-02 00:00:00+00:00,9.2,17.6,43
2023-06-02 01:00:00+00:00,9.2,17.8,42
2023-06-02 02:00:00+00:00,9.2,16.8,43
2023-06-02 03:00:00+00:00,8.9,16.8,42
2023-06-02 04:00:00+00:00,8.4,16.1,40
2023-06-02 05:00:00+00:00,8.4,19.1,43
2023-06-02 06:00:00+00:00,8.8,19.4,43
2023-06-02 07:00:00+00:00,9.6,19.1,43
2023-06-02 08:00:00+00:00,10.8,17.3,45
2023-06-02 09:00:00+00:00,12.0,15.3,45
2023-06-02 10:00:00+00:00,13.5,15.5,42
2023-06-02 11:00:00+00:00,14.7,16.3,45
2023-06-02 12:00:00+00:00,15.5,15.0,48
2023-06-02 13:00:00+00:00,16.1,15.3,49
2023-06-02 14:00:00+00:00,16.5,15.8,47
2023-06-02 15:00:00+00:00,16.5,16.6,49
2023-06-02 16:00:00+00:00,16.1,16.9,52
2023-06-02 17:00:00+00:00,15.3,16.9,56
2023-06-02 18:00:00+00:00,14.2,16.3,62
2023-06-02 19:00:00+00:00,12.8,14.3,62
2023-06-02 20:00:00+00:00,11.0,11.9,61
2023-06-02 21:00:00+00:00,9.4,10.4,56
2023-06-02 22:00:00+00:00,8.4,9.3,54
2023-06-02 23:00:00+00:00,7.8,7.7,49
2023-06-03 00:00:00+00:00,7.3,8.2,41
2023-06-03 01:00:00+00:00,7.0,7.4,39
2023-06-03 02:00:00+00:00,6.9,7.3,33
2023-06-03 03:00:00+00:00,7.7,9.0,29
2023-06-03 04:00:00+00:00,7.7,9.5,25
2023-06-03 05:00:00+00:00,8.0,10.0,21
2023-06-03 06:00:00+00:00,8.7,11.8,23
2023-06-03 07:00:00+00:00,9.9,11.7,34
2023-06-03 08:00:00+00:00,11.2,10.5,38
2023-06-03 09:00:00+00:00,12.6,9.9,44
2023-06-03 10:00:00+00:00,14.2,10.5,49
2023-06-03 11:00:00+00:00,15.5,11.8,52
2023-06-03 12:00:00+00:00,16.2,12.3,58
2023-06-03 13:00:00+00:00,17.1,12.2,62
2023-06-03 14:00:00+00:00,17.6,12.2,62
2023-06-03 15:00:00+00:00,17.6,12.4,60
2023-06-03 16:00:00+00:00,17.5,12.9,60
2023-06-03 17:00:00+00:00,16.8,14.1,58
2023-06-03 18:00:00+00:00,15.8,14.5,55
2023-06-03 19:00:00+00:00,14.3,13.3,57
2023-06-03 20:00:00+00:00,12.2,10.8,64
2023-06-03 21:00:00+00:00,10.4,8.4,59
2023-06-03 22:00:00+00:00,9.2,7.7,53
2023-06-03 23:00:00+00:00,8.3,7.4,43
2023-06-04 00:00:00+00:00,7.4,6.9,28
2023-06-04 01:00:00+00:00,7.0,6.5,19
2023-06-04 02:00:00+00:00,6.8,6.7,16
2023-06-04 03:00:00+00:00,6.8,7.8,13
2023-06-04 04:00:00+00:00,6.9,8.1,13
2023-06-04 05:00:00+00:00,7.7,11.2,21
2023-06-04 06:00:00+00:00,8.6,12.1,30
2023-06-04 07:00:00+00:00,9.8,11.9,35
2023-06-04 08:00:00+00:00,11.3,13.1,37
2023-06-04 09:00:00+00:00,12.7,14.8,45
2023-06-04 10:00:00+00:00,14.1,14.7,54
2023-06-04 11:00:00+00:00,15.4,14.3,62
2023-06-04 12:00:00+00:00,15.9,13.2,61
2023-06-04 13:00:00+00:00,16.5,12.6,59
2023-06-04 14:00:00+00:00,17.1,12.2,56
2023-06-04 15:00:00+00:00,17.6,13.0,56
2023-06-04 16:00:00+00:00,17.7,12.8,58
2023-06-04 17:00:00+00:00,17.6,13.5,65
2023-06-04 18:00:00+00:00,16.8,16.0,59
2023-06-04 19:00:00+00:00,14.9,14.5,67
2023-06-04 20:00:00+00:00,12.9,10.8,75
2023-06-04 21:00:00+00:00,11.3,10.2,72
2023-06-04 22:00:00+00:00,10.7,9.3,74
2023-06-04 23:00:00+00:00,10.3,8.3,72
2023-06-05 00:00:00+00:00,9.9,7.8,68
2023-06-05 01:00:00+00:00,10.0,8.9,63
2023-06-05 02:00:00+00:00,9.7,8.1,58
2023-06-05 03:00:00+00:00,9.7,9.2,48
2023-06-05 04:00:00+00:00,9.6,11.2,45
2023-06-05 05:00:00+00:00,9.6,13.5,42
2023-06-05 06:00:00+00:00,10.0,16.7,37
2023-06-05 07:00:00+00:00,10.3,17.7,38
2023-06-05 08:00:00+00:00,10.9,17.8,42
2023-06-05 09:00:00+00:00,11.8,17.3,48
2023-06-05 10:00:00+00:00,12.5,16.7,53
2023-06-05 11:00:00+00:00,13.5,16.3,55
2023-06-05 12:00:00+00:00,15.1,16.2,53
2023-06-05 13:00:00+00:00,16.1,16.5,54
2023-06-05 14:00:00+00:00,17.2,17.3,54
2023-06-05 15:00:00+00:00,16.6,17.4,52
2023-06-05 16:00:00+00:00,16.4,17.9,50
2023-06-05 17:00:00+00:00,15.6,17.9,52
2023-06-05 18:00:00+00:00,14.7,17.6,59
2023-06-05 19:00:00+00:00,13.4,16.7,65
2023-06-05 20:00:00+00:00,11.8,14.6,70
2023-06-05 21:00:00+00:00,10.4,12.8,68
2023-06-05 22:00:00+00:00,10.1,12.9,67
2023-06-05 23:00:00+00:00,10.0,13.7,63
2023-06-06 00:00:00+00:00,9.5,13.2,64
2023-06-06 01:00:00+00:00,9.3,11.6,60
2023-06-06 02:00:00+00:00,9.1,11.7,56
2023-06-06 03:00:00+00:00,8.9,12.3,52
2023-06-06 04:00:00+00:00,8.8,12.2,45
2023-06-06 05:00:00+00:00,8.9,13.8,43
2023-06-06 06:00:00+00:00,9.0,14.5,44
2023-06-06 07:00:00+00:00,9.8,15.3,45
2023-06-06 08:00:00+00:00,10.5,15.6,52
2023-06-06 09:00:00+00:00,11.6,14.7,54
2023-06-06 10:00:00+00:00,12.5,14.3,56
2023-06-06 11:00:00+00:00,13.4,14.9,58
2023-06-06 12:00:00+00:00,12.5,16.0,54
2023-06-06 13:00:00+00:00,12.9,15.9,57
2023-06-06 14:00:00+00:00,13.3,16.0,59
2023-06-06 15:00:00+00:00,13.6,15.4,57
2023-06-06 16:00:00+00:00,13.4,15.3,56
2023-06-06 17:00:00+00:00,13.2,15.0,60
2023-06-06 18:00:00+00:00,12.8,16.3,65
2023-06-06 19:00:00+00:00,11.8,16.3,65
2023-06-06 20:00:00+00:00,11.1,14.8,64
2023-06-06 21:00:00+00:00,11.0,16.1,66
2023-06-06 22:00:00+00:00,10.7,15.7,70
2023-06-06 23:00:00+00:00,10.5,15.1,72
2023-06-07 00:00:00+00:00,9.9,14.2,66
2023-06-07 01:00:00+00:00,9.8,14.8,67
2023-06-07 02:00:00+00:00,9.5,13.4,66
2023-06-07 03:00:00+00:00,9.5,13.7,63
2023-06-07 04:00:00+00:00,9.3,13.8,62
2023-06-07 05:00:00+00:00,9.2,13.7,63
2023-06-07 06:00:00+00:00,9.3,14.8,64
2023-06-07 07:00:00+00:00,9.8,14.7,68
2023-06-07 08:00:00+00:00,10.1,14.0,72
2023-06-07 09:00:00+00:00,10.7,14.2,74
2023-06-07 10:00:00+00:00,12.0,14.6,74
2023-06-07 11:00:00+00:00,12.8,14.2,74
2023-06-07 12:00:00+00:00,12.8,14.6,74
2023-06-07 13:00:00+00:00,13.4,14.7,73
2023-06-07 14:00:00+00:00,14.0,15.4,69
2023-06-07 15:00:00+00:00,13.9,15.8,69
2023-06-07 16:00:00+00:00,14.1,16.3,68
2023-06-07 17:00:00+00:00,14.0,16.8,67
2023-06-07 18:00:00+00:00,13.3,17.1,68
2023-06-07 19:00:00+00:00,12.2,16.7,71
2023-06-07 20:00:00+00:00,11.2,16.4,71
2023-06-07 21:00:00+00:00,10.4,15.6,71
2023-06-07 22:00:00+00:00,9.9,15.0,73
2023-06-07 23:00:00+00:00,9.6,14.5,76
2023-06-08 00:00:00+00:00,9.3,13.5,81
2023-06-08 01:00:00+00:00,9.1,13.8,75
2023-06-08 02:00:00+00:00,8.8,14.0,72
2023-06-08 03:00:00+00:00,8.7,13.3,71
2023-06-08 04:00:00+00:00,8.6,13.6,68
2023-06-08 05:00:00+00:00,8.7,15.3,71
2023-06-08 06:00:00+00:00,9.1,16.2,73
2023-06-08 07:00:00+00:00,9.6,16.2,73
2023-06-08 08:00:00+00:00,10.9,16.7,71
2023-06-08 09:00:00+00:00,11.6,16.5,70
2023-06-08 10:00:00+00:00,12.3,16.5,70
2023-06-08 11:00:00+00:00,13.6,17.4,72
2023-06-08 12:00:00+00:00,14.9,18.1,73
2023-06-08 13:00:00+00:00,15.0,16.3,72
2023-06-08 14:00:00+00:00,15.7,17.1,72
2023-06-08 15:00:00+00:00,15.8,17.7,70
2023-06-08 16:00:00+00:00,15.5,19.0,71
2023-06-08 17:00:00+00:00,14.8,20.0,72
2023-06-08 18:00:00+00:00,13.5,19.7,72
2023-06-08 19:00:00+00:00,12.2,18.4,73
2023-06-08 20:00:00+00:00,11.0,16.5,70
2023-06-08 21:00:00+00:00,9.9,14.0,61
2023-06-08 22:00:00+00:00,9.6,14.2,60
2023-06-08 23:00:00+00:00,9.4,14.3,56
2023-06-09 00:00:00+00:00,9.3,14.8,56
2023-06-09 01:00:00+00:00,9.3,16.8,67
2023-06-09 02:00:00+00:00,9.2,16.1,63
2023-06-09 03:00:00+00:00,9.1,15.8,55
2023-06-09 04:00:00+00:00,8.9,15.9,52
2023-06-09 05:00:00+00:00,9.1,16.9,52
2023-06-09 06:00:00+00:00,9.4,16.9,50
2023-06-09 07:00:00+00:00,10.5,17.9,56
2023-06-09 08:00:00+00:00,12.4,16.9,56
2023-06-09 09:00:00+00:00,13.9,17.9,56
2023-06-09 10:00:00+00:00,15.4,18.8,58
2023-06-09 11:00:00+00:00,16.7,19.2,60
2023-06-09 12:00:00+00:00,17.6,19.7,59
2023-06-09 13:00:00+00:00,17.3,19.0,61
2023-06-09 14:00:00+00:00,17.6,19.3,61
2023-06-09 15:00:00+00:00,17.7,20.0,62
2023-06-09 16:00:00+00:00,17.3,19.0,63
2023-06-09 17:00:00+00:00,16.6,18.8,61
2023-06-09 18:00:00+00:00,15.7,17.6,59
2023-06-09 19:00:00+00:00,14.5,16.3,55
2023-06-09 20:00:00+00:00,13.0,13.8,47
2023-06-09 21:00:00+00:00,11.5,13.6,40
2023-06-09 22:00:00+00:00,10.6,13.3,33
2023-06-09 23:00:00+00:00,9.8,13.2,26
2023-06-10 00:00:00+00:00,9.0,14.0,23
2023-06-10 01:00:00+00:00,8.8,13.2,17
2023-06-10 02:00:00+00:00,8.7,13.9,17
2023-06-10 03:00:00+00:00,8.7,14.0,12
2023-06-10 04:00:00+00:00,8.8,13.8,7
2023-06-10 05:00:00+00:00,9.7,14.9,8
2023-06-10 06:00:00+00:00,11.2,14.6,9
2023-06-10 07:00:00+00:00,13.0,14.5,14
2023-06-10 08:00:00+00:00,14.9,14.2,21
2023-06-10 09:00:00+00:00,17.1,14.2,27
2023-06-10 10:00:00+00:00,19.1,13.9,37
2023-06-10 11:00:00+00:00,21.2,14.0,48
2023-06-10 12:00:00+00:00,23.0,15.8,55
2023-06-10 13:00:00+00:00,24.5,16.6,66
2023-06-10 14:00:00+00:00,25.5,17.5,81
2023-06-10 15:00:00+00:00,25.4,17.9,100
2023-06-10 16:00:00+00:00,25.1,17.4,97
2023-06-10 17:00:00+00:00,24.7,13.9,107
2023-06-10 18:00:00+00:00,22.8,16.6,94
2023-06-10 19:00:00+00:00,20.8,13.3,88
2023-06-10 20:00:00+00:00,18.6,10.0,77
2023-06-10 21:00:00+00:00,16.6,7.8,68
2023-06-10 22:00:00+00:00,15.2,6.6,49
2023-06-10 23:00:00+00:00,14.2,6.7,36
2023-06-11 00:00:00+00:00,14.9,6.1,28
2023-06-11 01:00:00+00:00,14.4,7.0,21
2023-06-11 02:00:00+00:00,13.4,7.5,17
2023-06-11 03:00:00+00:00,12.7,6.9,6
2023-06-11 04:00:00+00:00,12.8,6.5,3
2023-06-11 05:00:00+00:00,13.3,6.9,354
2023-06-11 06:00:00+00:00,14.7,6.8,360
2023-06-11 07:00:00+00:00,16.1,7.0,35
2023-06-11 08:00:00+00:00,17.5,7.9,43
2023-06-11 09:00:00+00:00,19.3,8.4,40
2023-06-11 10:00:00+00:00,21.3,8.2,49
2023-06-11 11:00:00+00:00,22.7,8.8,55
2023-06-11 12:00:00+00:00,22.9,6.3,66
2023-06-11 13:00:00+00:00,23.6,5.4,90
2023-06-11 14:00:00+00:00,24.5,1.8,79
2023-06-11 15:00:00+00:00,25.7,4.2,70
2023-06-11 16:00:00+00:00,26.1,6.2,69
2023-06-11 17:00:00+00:00,26.1,9.2,64
2023-06-11 18:00:00+00:00,23.4,7.2,84
2023-06-11 19:00:00+00:00,21.9,9.3,283
2023-06-11 20:00:00+00:00,20.4,7.6,295
2023-06-11 21:00:00+00:00,19.0,5.4,340
2023-06-11 22:00:00+00:00,18.9,5.8,7
2023-06-11 23:00:00+00:00,18.2,6.3,13
2023-06-12 00:00:00+00:00,17.9,10.8,358
2023-06-12 01:00:00+00:00,17.2,9.8,352
2023-06-12 02:00:00+00:00,16.5,10.9,352
2023-06-12 03:00:00+00:00,15.7,10.5,4
2023-06-12 04:00:00+00:00,14.9,10.1,358
2023-06-12 05:00:00+00:00,15.5,10.8,345
2023-06-12 06:00:00+00:00,17.4,12.3,357
2023-06-12 07:00:00+00:00,18.9,10.5,8
2023-06-12 08:00:00+00:00,20.0,12.1,23
2023-06-12 09:00:00+00:00,21.6,12.7,25
2023-06-12 10:00:00+00:00,23.4,13.9,31
2023-06-12 11:00:00+00:00,24.7,15.6,40
2023-06-12 12:00:00+00:00,26.5,15.8,47
2023-06-12 13:00:00+00:00,26.5,13.9,69
2023-06-12 14:00:00+00:00,25.5,12.2,92
2023-06-12 15:00:00+00:00,25.5,14.7,68
2023-06-12 16:00:00+00:00,20.9,7.1,221
2023-06-12 17:00:00+00:00,22.0,3.3,13
2023-06-12 18:00:00+00:00,22.5,7.2,84
2023-06-12 19:00:00+00:00,20.4,10.6,145
2023-06-12 20:00:00+00:00,19.3,7.6,71
2023-06-12 21:00:00+00:00,18.2,6.7,54
2023-06-12 22:00:00+00:00,17.6,5.6,45
2023-06-12 23:00:00+00:00,17.3,6.4,38
2023-06-13 00:00:00+00:00,17.0,4.8,27
2023-06-13 01:00:00+00:00,16.5,7.4,29
2023-06-13 02:00:00+00:00,15.3,8.5,12
2023-06-13 03:00:00+00:00,14.2,9.4,360
2023-06-13 04:00:00+00:00,13.7,11.5,360
2023-06-13 05:00:00+00:00,14.0,13.3,360
2023-06-13 06:00:00+00:00,15.2,15.1,3
2023-06-13 07:00:00+00:00,16.3,14.8,6
2023-06-13 08:00:00+00:00,17.8,15.7,9
2023-06-13 09:00:00+00:00,19.5,16.3,22
2023-06-13 10:00:00+00:00,21.0,17.7,33
2023-06-13 11:00:00+00:00,22.4,17.6,49
2023-06-13 12:00:00+00:00,23.9,15.9,62
2023-06-13 13:00:00+00:00,24.7,16.4,75
2023-06-13 14:00:00+00:00,25.1,18.1,83
2023-06-13 15:00:00+00:00,24.8,18.7,92
2023-06-13 16:00:00+00:00,24.2,18.8,97
2023-06-13 17:00:00+00:00,23.4,18.9,99
2023-06-13 18:00:00+00:00,22.2,15.9,95
2023-06-13 19:00:00+00:00,20.4,12.6,87
2023-06-13 20:00:00+00:00,18.2,10.2,72
2023-06-13 21:00:00+00:00,16.2,10.8,60
2023-06-13 22:00:00+00:00,14.6,9.5,53
2023-06-13 23:00:00+00:00,13.4,9.2,48
2023-06-14 00:00:00+00:00,12.0,8.4,31
2023-06-14 01:00:00+00:00,11.1,9.2,26
2023-06-14 02:00:00+00:00,10.6,9.9,19
2023-06-14 03:00:00+00:00,10.4,10.7,14
2023-06-14 04:00:00+00:00,10.5,12.3,15
2023-06-14 05:00:00+00:00,11.4,14.0,18
2023-06-14 06:00:00+00:00,12.8,14.3,18
2023-06-14 07:00:00+00:00,14.4,14.6,33
2023-06-14 08:00:00+00:00,16.2,14.8,45
2023-06-14 09:00:00+00:00,18.0,16.3,55
2023-06-14 10:00:00+00:00,19.7,17.7,63
2023-06-14 11:00:00+00:00,21.0,18.3,70
2023-06-14 12:00:00+00:00,22.0,18.1,73
2023-06-14 13:00:00+00:00,22.4,17.8,72
2023-06-14 14:00:00+00:00,22.4,17.9,71
2023-06-14 15:00:00+00:00,22.0,18.3,70
2023-06-14 16:00:00+00:00,21.4,18.0,70
2023-06-14 17:00:00+00:00,20.6,16.9,70
2023-06-14 18:00:00+00:00,19.6,15.4,69
2023-06-14 19:00:00+00:00,18.3,12.6,66
2023-06-14 20:00:00+00:00,16.4,10.6,55
2023-06-14 21:00:00+00:00,14.6,10.4,44
2023-06-14 22:00:00+00:00,13.3,9.3,36
2023-06-14 23:00:00+00:00,12.4,7.8,22
2023-06-15 00:00:00+00:00,12.0,8.0,18
2023-06-15 01:00:00+00:00,11.7,7.1,15
2023-06-15 02:00:00+00:00,11.9,7.7,11
2023-06-15 03:00:00+00:00,11.9,7.4,14
2023-06-15 04:00:00+00:00,11.9,7.2,18
2023-06-15 05:00:00+00:00,12.1,7.3,20
2023-06-15 06:00:00+00:00,12.9,8.2,29
2023-06-15 07:00:00+00:00,14.8,8.2,38
2023-06-15 08:00:00+00:00,16.4,8.9,47
2023-06-15 09:00:00+00:00,18.2,8.8,55
2023-06-15 10:00:00+00:00,19.9,9.8,62
2023-06-15 11:00:00+00:00,21.2,11.8,70
2023-06-15 12:00:00+00:00,22.1,10.9,84
2023-06-15 13:00:00+00:00,22.7,10.8,92
2023-06-15 14:00:00+00:00,22.9,10.9,96
2023-06-15 15:00:00+00:00,23.0,11.2,94
2023-06-15 16:00:00+00:00,22.9,11.2,86
2023-06-15 17:00:00+00:00,22.2,11.7,81
2023-06-15 18:00:00+00:00,21.4,12.1,78
2023-06-15 19:00:00+00:00,20.3,12.2,76
2023-06-15 20:00:00+00:00,18.4,10.2,80
2023-06-15 21:00:00+00:00,16.4,7.3,81
2023-06-15 22:00:00+00:00,14.6,6.2,83
2023-06-15 23:00:00+00:00,13.5,6.7,74
2023-06-16 00:00:00+00:00,14.8,4.7,58
2023-06-16 01:00:00+00:00,14.4,4.5,76
2023-06-16 02:00:00+00:00,14.6,1.8,11
2023-06-16 03:00:00+00:00,14.0,2.2,360
2023-06-16 04:00:00+00:00,13.6,3.3,41
2023-06-16 05:00:00+00:00,13.2,2.4,63
2023-06-16 06:00:00+00:00,14.5,2.4,63
2023-06-16 07:00:00+00:00,16.2,2.9,90
2023-06-16 08:00:00+00:00,18.0,4.9,107
2023-06-16 09:00:00+00:00,19.7,7.8,112
2023-06-16 10:00:00+00:00,21.1,9.4,122
2023-06-16 11:00:00+00:00,22.3,10.0,131
2023-06-16 12:00:00+00:00,23.1,9.9,136
2023-06-16 13:00:00+00:00,23.7,8.7,135
2023-06-16 14:00:00+00:00,23.9,9.0,127
2023-06-16 15:00:00+00:00,24.0,8.7,120
2023-06-16 16:00:00+00:00,24.0,8.7,114
2023-06-16 17:00:00+00:00,23.7,9.2,121
2023-06-16 18:00:00+00:00,22.9,9.3,126
2023-06-16 19:00:00+00:00,21.5,7.4,137
2023-06-16 20:00:00+00:00,19.6,8.7,142
2023-06-16 21:00:00+00:00,17.4,7.8,124
2023-06-16 22:00:00+00:00,15.4,6.6,135
2023-06-16 23:00:00+00:00,13.9,8.4,140
2023-06-17 00:00:00+00:00,13.8,9.9,170
2023-06-17 01:00:00+00:00,13.7,6.6,189
2023-06-17 02:00:00+00:00,12.8,8.0,185
2023-06-17 03:00:00+00:00,12.1,8.0,175
2023-06-17 04:00:00+00:00,12.5,7.0,168
2023-06-17 05:00:00+00:00,13.4,3.0,166
2023-06-17 06:00:00+00:00,14.6,4.8,117
2023-06-17 07:00:00+00:00,15.7,6.2,126
2023-06-17 08:00:00+00:00,17.1,8.1,122
2023-06-17 09:00:00+00:00,18.6,9.8,126
2023-06-17 10:00:00+00:00,19.4,11.6,126
2023-06-17 11:00:00+00:00,20.1,13.0,138
2023-06-17 12:00:00+00:00,18.2,10.0,139
2023-06-17 13:00:00+00:00,18.9,9.6,110
2023-06-17 14:00:00+00:00,20.2,11.8,121
2023-06-17 15:00:00+00:00,20.8,13.1,122
2023-06-17 16:00:00+00:00,21.0,13.5,124
2023-06-17 17:00:00+00:00,20.6,12.7,125
2023-06-17 18:00:00+00:00,20.5,11.8,121
2023-06-17 19:00:00+00:00,19.7,8.4,100
2023-06-17 20:00:00+00:00,18.2,9.7,92
2023-06-17 21:00:00+00:00,17.4,9.0,95
2023-06-17 22:00:00+00:00,16.1,7.0,102
2023-06-17 23:00:00+00:00,14.5,5.8,83
2023-06-18 00:00:00+00:00,14.9,10.4,200
2023-06-18 01:00:00+00:00,14.9,5.7,325
2023-06-18 02:00:00+00:00,14.1,5.4,98
2023-06-18 03:00:00+00:00,13.3,4.8,132
2023-06-18 04:00:00+00:00,13.5,5.7,72
2023-06-18 05:00:00+00:00,13.4,10.4,44
2023-06-18 06:00:00+00:00,13.6,7.9,51
2023-06-18 07:00:00+00:00,14.7,6.6,61
2023-06-18 08:00:00+00:00,16.1,7.4,67
2023-06-18 09:00:00+00:00,17.5,10.0,77
2023-06-18 10:00:00+00:00,19.0,11.6,83
2023-06-18 11:00:00+00:00,20.0,13.7,108
2023-06-18 12:00:00+00:00,21.7,10.2,100
2023-06-18 13:00:00+00:00,22.0,10.8,120
2023-06-18 14:00:00+00:00,19.4,9.3,196
2023-06-18 15:00:00+00:00,18.9,8.7,343
2023-06-18 16:00:00+00:00,17.2,17.4,66
2023-06-18 17:00:00+00:00,16.3,3.6,360
2023-06-18 18:00:00+00:00,16.9,9.4,353
2023-06-18 19:00:00+00:00,16.8,7.3,33
2023-06-18 20:00:00+00:00,16.5,3.7,29
2023-06-18 21:00:00+00:00,16.3,4.3,66
2023-06-18 22:00:00+00:00,16.4,4.8,297
2023-06-18 23:00:00+00:00,16.3,5.2,282
2023-06-19 00:00:00+00:00,15.9,10.5,262
2023-06-19 01:00:00+00:00,15.6,11.9,272
2023-06-19 02:00:00+00:00,15.0,14.6,250
2023-06-19 03:00:00+00:00,14.3,14.6,250
2023-06-19 04:00:00+00:00,14.1,14.2,249
2023-06-19 05:00:00+00:00,14.8,15.2,239
2023-06-19 06:00:00+00:00,15.9,15.6,230
2023-06-19 07:00:00+00:00,17.1,15.8,221
2023-06-19 08:00:00+00:00,18.1,21.5,220
2023-06-19 09:00:00+00:00,19.1,21.6,226
2023-06-19 10:00:00+00:00,19.8,19.6,227
2023-06-19 11:00:00+00:00,20.4,17.8,225
2023-06-19 12:00:00+00:00,20.6,18.2,218
2023-06-19 13:00:00+00:00,21.0,17.8,216
2023-06-19 14:00:00+00:00,21.6,17.9,220
2023-06-19 15:00:00+00:00,21.7,17.3,225
2023-06-19 16:00:00+00:00,21.9,16.3,221
2023-06-19 17:00:00+00:00,21.8,15.9,218
2023-06-19 18:00:00+00:00,21.4,13.0,222
2023-06-19 19:00:00+00:00,20.3,7.7,221
2023-06-19 20:00:00+00:00,18.0,5.8,210
2023-06-19 21:00:00+00:00,16.5,6.2,216
2023-06-19 22:00:00+00:00,15.8,6.0,237
2023-06-19 23:00:00+00:00,15.1,5.6,255
2023-06-20 00:00:00+00:00,15.2,5.8,266
2023-06-20 01:00:00+00:00,15.2,6.5,273
2023-06-20 02:00:00+00:00,14.6,6.6,283
2023-06-20 03:00:00+00:00,14.2,5.0,291
2023-06-20 04:00:00+00:00,13.4,5.4,323
2023-06-20 05:00:00+00:00,15.7,5.2,348
2023-06-20 06:00:00+00:00,16.5,5.5,23
2023-06-20 07:00:00+00:00,16.4,6.6,22
2023-06-20 08:00:00+00:00,16.3,8.7,24
2023-06-20 09:00:00+00:00,16.1,10.7,20
2023-06-20 10:00:00+00:00,16.2,14.1,347
2023-06-20 11:00:00+00:00,16.2,16.0,316
2023-06-20 12:00:00+00:00,16.5,13.7,357
2023-06-20 13:00:00+00:00,17.6,16.2,343
2023-06-20 14:00:00+00:00,17.9,12.6,340
2023-06-20 15:00:00+00:00,18.4,11.5,328
2023-06-20 16:00:00+00:00,18.7,8.2,319
2023-06-20 17:00:00+00:00,19.8,11.2,276
2023-06-20 18:00:00+00:00,19.3,15.1,269
2023-06-20 19:00:00+00:00,18.5,14.1,276
2023-06-20 20:00:00+00:00,17.2,9.7,270
2023-06-20 21:00:00+00:00,15.8,8.9,256
2023-06-20 22:00:00+00:00,14.7,10.6,252
2023-06-20 23:00:00+00:00,14.4,11.3,253
2023-06-21 00:00:00+00:00,15.4,11.2,249
2023-06-21 01:00:00+00:00,15.4,11.6,240
2023-06-21 02:00:00+00:00,14.5,11.7,236
2023-06-21 03:00:00+00:00,13.8,14.4,248
2023-06-21 04:00:00+00:00,13.6,14.2,249
2023-06-21 05:00:00+00:00,14.0,16.6,248
2023-06-21 06:00:00+00:00,14.9,18.7,254
2023-06-21 07:00:00+00:00,16.3,17.0,253
2023-06-21 08:00:00+00:00,17.8,17.0,249
2023-06-21 09:00:00+00:00,19.2,18.5,246
2023-06-21 10:00:00+00:00,19.7,17.9,240
2023-06-21 11:00:00+00:00,20.4,18.5,241
2023-06-21 12:00:00+00:00,21.3,16.9,236
2023-06-21 13:00:00+00:00,19.9,20.6,254
2023-06-21 14:00:00+00:00,20.2,14.9,250
2023-06-21 15:00:00+00:00,21.6,14.6,250
2023-06-21 16:00:00+00:00,21.5,13.9,253
2023-06-21 17:00:00+00:00,20.7,10.5,264
2023-06-21 18:00:00+00:00,20.1,9.4,268
2023-06-21 19:00:00+00:00,19.3,4.3,312
2023-06-21 20:00:00+00:00,18.0,4.8,297
2023-06-21 21:00:00+00:00,16.4,5.2,286
2023-06-21 22:00:00+00:00,15.2,4.0,297
2023-06-21 23:00:00+00:00,14.8,3.4,288
2023-06-22 00:00:00+00:00,16.1,4.4,235
2023-06-22 01:00:00+00:00,16.1,3.8,17
2023-06-22 02:00:00+00:00,15.8,4.8,27
2023-06-22 03:00:00+00:00,15.0,4.7,4
2023-06-22 04:00:00+00:00,15.7,3.9,338
2023-06-22 05:00:00+00:00,16.0,6.4,344
2023-06-22 06:00:00+00:00,16.8,5.8,356
2023-06-22 07:00:00+00:00,17.7,0.4,90
2023-06-22 08:00:00+00:00,18.1,5.4,42
2023-06-22 09:00:00+00:00,19.3,5.9,38
2023-06-22 10:00:00+00:00,20.4,5.6,45
2023-06-22 11:00:00+00:00,21.2,4.8,42
2023-06-22 12:00:00+00:00,19.8,6.2,83
2023-06-22 13:00:00+00:00,20.2,5.1,231
2023-06-22 14:00:00+00:00,20.6,7.4,284
2023-06-22 15:00:00+00:00,21.8,5.4,307
2023-06-22 16:00:00+00:00,22.3,5.4,318
2023-06-22 17:00:00+00:00,22.2,6.5,326
2023-06-22 18:00:00+00:00,20.8,6.3,103
2023-06-22 19:00:00+00:00,19.7,8.1,135
2023-06-22 20:00:00+00:00,18.2,3.9,146
2023-06-22 21:00:00+00:00,16.6,5.9,166
2023-06-22 22:00:00+00:00,16.0,5.9,191
2023-06-22 23:00:00+00:00,15.0,6.4,223
2023-06-23 00:00:00+00:00,16.7,6.5,199
2023-06-23 01:00:00+00:00,15.9,5.9,218
2023-06-23 02:00:00+00:00,15.3,6.1,220
2023-06-23 03:00:00+00:00,15.3,8.2,232
2023-06-23 04:00:00+00:00,15.3,9.5,233
2023-06-23 05:00:00+00:00,16.0,8.6,237
2023-06-23 06:00:00+00:00,17.3,8.9,243
2023-06-23 07:00:00+00:00,18.0,5.5,203
2023-06-23 08:00:00+00:00,18.6,7.1,210
2023-06-23 09:00:00+00:00,19.3,9.9,226
2023-06-23 10:00:00+00:00,19.8,12.6,239
2023-06-23 11:00:00+00:00,21.0,16.1,243
2023-06-23 12:00:00+00:00,21.7,14.9,238
2023-06-23 13:00:00+00:00,21.9,17.3,225
2023-06-23 14:00:00+00:00,21.8,17.8,227
2023-06-23 15:00:00+00:00,21.5,21.4,229
2023-06-23 16:00:00+00:00,20.4,15.1,232
2023-06-23 17:00:00+00:00,20.2,16.3,221
2023-06-23 18:00:00+00:00,19.1,15.7,217
2023-06-23 19:00:00+00:00,18.8,16.0,216
2023-06-23 20:00:00+00:00,18.6,16.4,213
2023-06-23 21:00:00+00:00,18.4,17.3,216
2023-06-23 22:00:00+00:00,18.3,19.6,221
2023-06-23 23:00:00+00:00,18.0,19.9,225
2023-06-24 00:00:00+00:00,17.6,21.1,223
2023-06-24 01:00:00+00:00,17.1,21.7,227
2023-06-24 02:00:00+00:00,17.0,22.2,227
2023-06-24 03:00:00+00:00,17.5,22.4,228
2023-06-24 04:00:00+00:00,17.7,21.7,227
2023-06-24 05:00:00+00:00,18.1,21.2,228
2023-06-24 06:00:00+00:00,19.0,19.7,239
2023-06-24 07:00:00+00:00,20.0,24.3,238
2023-06-24 08:00:00+00:00,20.2,19.2,236
2023-06-24 09:00:00+00:00,21.8,19.4,239
2023-06-24 10:00:00+00:00,21.8,17.8,238
2023-06-24 11:00:00+00:00,22.8,16.4,237
2023-06-24 12:00:00+00:00,24.4,18.1,239
2023-06-24 13:00:00+00:00,24.8,18.4,239
2023-06-24 14:00:00+00:00,24.7,18.2,236
2023-06-24 15:00:00+00:00,25.0,16.3,235
2023-06-24 16:00:00+00:00,24.9,14.1,232
2023-06-24 17:00:00+00:00,24.9,12.7,227
2023-06-24 18:00:00+00:00,24.5,11.5,219
2023-06-24 19:00:00+00:00,23.7,8.8,199
2023-06-24 20:00:00+00:00,21.8,7.2,177
2023-06-24 21:00:00+00:00,20.3,8.5,168
2023-06-24 22:00:00+00:00,19.6,9.4,187
2023-06-24 23:00:00+00:00,18.9,9.5,191
2023-06-25 00:00:00+00:00,18.4,9.1,189
2023-06-25 01:00:00+00:00,18.3,12.3,183
2023-06-25 02:00:00+00:00,17.8,12.0,201
2023-06-25 03:00:00+00:00,17.2,10.5,196
2023-06-25 04:00:00+00:00,16.8,12.2,182
2023-06-25 05:00:00+00:00,17.2,13.4,188
2023-06-25 06:00:00+00:00,18.1,12.6,183
2023-06-25 07:00:00+00:00,19.3,12.7,173
2023-06-25 08:00:00+00:00,20.6,14.6,170
2023-06-25 09:00:00+00:00,22.1,16.7,174
2023-06-25 10:00:00+00:00,23.4,17.3,176
2023-06-25 11:00:00+00:00,24.6,17.3,175
2023-06-25 12:00:00+00:00,26.2,17.7,174
2023-06-25 13:00:00+00:00,25.3,21.8,196
2023-06-25 14:00:00+00:00,25.4,24.2,203
2023-06-25 15:00:00+00:00,23.6,28.1,221
2023-06-25 16:00:00+00:00,20.8,18.8,263
2023-06-25 17:00:00+00:00,20.8,16.8,260
2023-06-25 18:00:00+00:00,19.9,18.0,258
2023-06-25 19:00:00+00:00,18.7,19.1,272
2023-06-25 20:00:00+00:00,16.5,15.3,278
2023-06-25 21:00:00+00:00,16.0,16.6,265
2023-06-25 22:00:00+00:00,15.2,23.1,266
2023-06-25 23:00:00+00:00,14.0,21.6,266
2023-06-26 00:00:00+00:00,13.5,21.0,263
2023-06-26 01:00:00+00:00,13.5,20.0,263
2023-06-26 02:00:00+00:00,13.4,20.8,260
2023-06-26 03:00:00+00:00,13.2,22.4,266
2023-06-26 04:00:00+00:00,13.0,21.6,274
2023-06-26 05:00:00+00:00,13.3,22.0,269
2023-06-26 06:00:00+00:00,14.2,22.3,269
2023-06-26 07:00:00+00:00,15.1,23.8,268
2023-06-26 08:00:00+00:00,15.8,24.3,263
2023-06-26 09:00:00+00:00,16.7,25.7,264
2023-06-26 10:00:00+00:00,17.3,26.0,266
2023-06-26 11:00:00+00:00,17.8,25.6,268
2023-06-26 12:00:00+00:00,18.0,23.4,260
2023-06-26 13:00:00+00:00,17.5,23.1,267
2023-06-26 14:00:00+00:00,18.2,24.2,267
2023-06-26 15:00:00+00:00,18.5,25.6,268
2023-06-26 16:00:00+00:00,18.1,25.2,270
2023-06-26 17:00:00+00:00,17.7,23.0,271
2023-06-26 18:00:00+00:00,17.1,22.8,275
2023-06-26 19:00:00+00:00,16.2,19.4,271
2023-06-26 20:00:00+00:00,15.3,16.9,269
2023-06-26 21:00:00+00:00,14.6,15.9,267
2023-06-26 22:00:00+00:00,14.5,14.4,266
2023-06-26 23:00:00+00:00,13.4,10.0,255
2023-06-27 00:00:00+00:00,13.6,13.8,255
2023-06-27 01:00:00+00:00,12.9,13.2,253
2023-06-27 02:00:00+00:00,12.5,13.1,254
2023-06-27 03:00:00+00:00,12.4,14.1,255
2023-06-27 04:00:00+00:00,12.3,12.6,250
2023-06-27 05:00:00+00:00,13.6,13.5,245
2023-06-27 06:00:00+00:00,14.1,13.0,246
2023-06-27 07:00:00+00:00,14.4,12.6,233
2023-06-27 08:00:00+00:00,14.7,12.2,227
2023-06-27 09:00:00+00:00,14.9,11.8,218
2023-06-27 10:00:00+00:00,15.1,12.0,213
2023-06-27 11:00:00+00:00,16.3,14.0,206
2023-06-27 12:00:00+00:00,18.8,25.2,228
2023-06-27 13:00:00+00:00,18.4,24.3,230
2023-06-27 14:00:00+00:00,18.2,25.3,221
2023-06-27 15:00:00+00:00,18.1,24.2,224
2023-06-27 16:00:00+00:00,19.1,23.4,224
2023-06-27 17:00:00+00:00,18.9,16.7,213
2023-06-27 18:00:00+00:00,18.6,16.9,220
2023-06-27 19:00:00+00:00,18.6,18.2,231
2023-06-27 20:00:00+00:00,18.6,17.4,236
2023-06-27 21:00:00+00:00,18.1,17.3,239
2023-06-27 22:00:00+00:00,17.8,19.7,239
2023-06-27 23:00:00+00:00,17.5,20.9,246
2023-06-28 00:00:00+00:00,17.1,20.3,245
2023-06-28 01:00:00+00:00,17.1,20.8,247
2023-06-28 02:00:00+00:00,17.1,20.7,250
2023-06-28 03:00:00+00:00,16.9,19.7,252
2023-06-28 04:00:00+00:00,17.1,18.7,251
2023-06-28 05:00:00+00:00,17.5,17.9,248
2023-06-28 06:00:00+00:00,17.8,16.4,251
2023-06-28 07:00:00+00:00,18.7,14.8,247
2023-06-28 08:00:00+00:00,19.1,15.8,235
2023-06-28 09:00:00+00:00,20.2,17.5,233
2023-06-28 10:00:00+00:00,21.5,18.2,236
2023-06-28 11:00:00+00:00,22.8,19.2,236
2023-06-28 12:00:00+00:00,21.1,22.4,237
2023-06-28 13:00:00+00:00,22.0,21.7,234
2023-06-28 14:00:00+00:00,22.6,20.7,229
2023-06-28 15:00:00+00:00,21.0,21.4,226
2023-06-28 16:00:00+00:00,20.2,17.8,234
2023-06-28 17:00:00+00:00,19.5,13.2,248
2023-06-28 18:00:00+00:00,18.8,16.3,276
2023-06-28 19:00:00+00:00,17.7,14.4,274
2023-06-28 20:00:00+00:00,16.8,15.1,288
2023-06-28 21:00:00+00:00,15.7,13.0,298
2023-06-28 22:00:00+00:00,15.1,11.8,301
2023-06-28 23:00:00+00:00,15.1,12.4,306
2023-06-29 00:00:00+00:00,14.6,12.4,306
2023-06-29 01:00:00+00:00,14.4,12.5,303
2023-06-29 02:00:00+00:00,14.1,12.9,300
2023-06-29 03:00:00+00:00,13.0,12.5,303
2023-06-29 04:00:00+00:00,12.7,11.6,300
2023-06-29 05:00:00+00:00,13.1,11.3,301
2023-06-29 06:00:00+00:00,14.3,10.6,298
2023-06-29 07:00:00+00:00,15.4,13.7,305
2023-06-29 08:00:00+00:00,16.3,15.4,307
2023-06-29 09:00:00+00:00,17.2,16.5,302
2023-06-29 10:00:00+00:00,17.9,18.2,300
2023-06-29 11:00:00+00:00,18.2,19.2,296
2023-06-29 12:00:00+00:00,17.8,18.7,293
2023-06-29 13:00:00+00:00,18.6,19.4,288
2023-06-29 14:00:00+00:00,18.5,21.2,288
2023-06-29 15:00:00+00:00,18.0,19.6,287
2023-06-29 16:00:00+00:00,17.9,19.7,278
2023-06-29 17:00:00+00:00,17.4,20.1,280
2023-06-29 18:00:00+00:00,16.3,18.3,280
2023-06-29 19:00:00+00:00,15.4,13.8,277
2023-06-29 20:00:00+00:00,14.1,10.1,264
2023-06-29 21:00:00+00:00,13.0,11.3,263
2023-06-29 22:00:00+00:00,12.7,11.2,268
2023-06-29 23:00:00+00:00,12.6,10.9,264
2023-06-30 00:00:00+00:00,12.7,12.8,254
2023-06-30 01:00:00+00:00,12.2,12.6,239
2023-06-30 02:00:00+00:00,11.6,12.3,238
2023-06-30 03:00:00+00:00,11.2,13.1,233
2023-06-30 04:00:00+00:00,11.0,12.0,226
2023-06-30 05:00:00+00:00,12.0,13.1,217
2023-06-30 06:00:00+00:00,13.0,15.1,213
2023-06-30 07:00:00+00:00,13.6,14.2,204
2023-06-30 08:00:00+00:00,13.6,15.3,195
2023-06-30 09:00:00+00:00,14.1,18.4,197
2023-06-30 10:00:00+00:00,15.5,21.7,201
2023-06-30 11:00:00+00:00,15.0,25.1,207
2023-06-30 12:00:00+00:00,14.8,24.4,214
2023-06-30 13:00:00+00:00,15.6,20.4,206
2023-06-30 14:00:00+00:00,16.5,23.6,219
2023-06-30 15:00:00+00:00,16.8,24.5,230
2023-06-30 16:00:00+00:00,17.1,21.6,237
2023-06-30 17:00:00+00:00,17.5,17.6,226
2023-06-30 18:00:00+00:00,17.3,15.8,225
2023-06-30 19:00:00+00:00,17.0,19.8,233
2023-06-30 20:00:00+00:00,16.7,20.7,235
2023-06-30 21:00:00+00:00,16.8,20.9,241
2023-06-30 22:00:00+00:00,16.7,23.0,253
2023-06-30 23:00:00+00:00,16.6,24.0,261
2023-07-01 00:00:00+00:00,16.1,24.5,267
2023-07-01 01:00:00+00:00,15.9,24.5,267
2023-07-01 02:00:00+00:00,15.6,24.1,271
2023-07-01 03:00:00+00:00,15.0,23.2,276
2023-07-01 04:00:00+00:00,14.7,20.6,276
2023-07-01 05:00:00+00:00,14.5,21.0,276
2023-07-01 06:00:00+00:00,14.5,19.6,276
2023-07-01 07:00:00+00:00,15.1,24.9,281
2023-07-01 08:00:00+00:00,15.8,27.5,281
2023-07-01 09:00:00+00:00,16.1,29.0,277
2023-07-01 10:00:00+00:00,17.1,30.7,275
2023-07-01 11:00:00+00:00,16.7,30.4,275
2023-07-01 12:00:00+00:00,17.1,32.1,272
2023-07-01 13:00:00+00:00,16.9,34.2,272
2023-07-01 14:00:00+00:00,17.3,34.6,271
2023-07-01 15:00:00+00:00,17.2,33.6,275
2023-07-01 16:00:00+00:00,16.3,30.5,277
2023-07-01 17:00:00+00:00,16.4,29.2,279
2023-07-01 18:00:00+00:00,15.9,26.5,282
2023-07-01 19:00:00+00:00,15.5,22.2,278
2023-07-01 20:00:00+00:00,14.6,19.5,273
2023-07-01 21:00:00+00:00,13.9,17.3,275
2023-07-01 22:00:00+00:00,13.4,17.5,279
2023-07-01 23:00:00+00:00,12.7,15.1,273
2023-07-02 00:00:00+00:00,13.0,13.3,273
2023-07-02 01:00:00+00:00,12.6,15.1,273
2023-07-02 02:00:00+00:00,12.3,16.2,271
2023-07-02 03:00:00+00:00,12.3,16.9,271
2023-07-02 04:00:00+00:00,12.4,17.3,270
2023-07-02 05:00:00+00:00,12.5,18.7,269
2023-07-02 06:00:00+00:00,12.7,24.5,274
2023-07-02 07:00:00+00:00,13.4,26.4,275
2023-07-02 08:00:00+00:00,14.1,25.6,272
2023-07-02 09:00:00+00:00,14.1,25.3,264
2023-07-02 10:00:00+00:00,14.8,26.0,267
2023-07-02 11:00:00+00:00,15.7,28.8,271
2023-07-02 12:00:00+00:00,16.1,29.4,263
2023-07-02 13:00:00+00:00,16.2,31.4,261
2023-07-02 14:00:00+00:00,15.9,28.4,262
2023-07-02 15:00:00+00:00,16.5,27.1,265
2023-07-02 16:00:00+00:00,16.4,28.9,266
2023-07-02 17:00:00+00:00,14.6,25.7,265
2023-07-02 18:00:00+00:00,14.6,24.4,261
2023-07-02 19:00:00+00:00,14.0,22.0,255
2023-07-02 20:00:00+00:00,13.2,22.0,266
2023-07-02 21:00:00+00:00,12.8,20.5,260
2023-07-02 22:00:00+00:00,12.1,16.7,256
2023-07-02 23:00:00+00:00,11.7,15.3,255
2023-07-03 00:00:00+00:00,11.3,15.6,251
2023-07-03 01:00:00+00:00,11.1,17.3,249
2023-07-03 02:00:00+00:00,10.7,17.5,251
2023-07-03 03:00:00+00:00,11.0,18.0,250
2023-07-03 04:00:00+00:00,10.6,16.7,251
2023-07-03 05:00:00+00:00,11.3,17.5,251
2023-07-03 06:00:00+00:00,11.6,17.6,247
2023-07-03 07:00:00+00:00,12.4,25.8,251
2023-07-03 08:00:00+00:00,13.5,27.2,250
2023-07-03 09:00:00+00:00,14.1,30.0,250
2023-07-03 10:00:00+00:00,12.8,23.7,240
2023-07-03 11:00:00+00:00,13.6,23.7,234
2023-07-03 12:00:00+00:00,13.2,19.4,248
2023-07-03 13:00:00+00:00,12.3,17.3,301
2023-07-03 14:00:00+00:00,14.1,21.7,282
2023-07-03 15:00:00+00:00,14.8,25.8,278
2023-07-03 16:00:00+00:00,15.0,26.7,273
2023-07-03 17:00:00+00:00,15.2,26.0,275
2023-07-03 18:00:00+00:00,14.6,23.4,270
2023-07-03 19:00:00+00:00,13.7,18.4,267
2023-07-03 20:00:00+00:00,13.0,15.5,258
2023-07-03 21:00:00+00:00,12.1,14.1,257
2023-07-03 22:00:00+00:00,11.6,11.8,247
2023-07-03 23:00:00+00:00,11.1,11.3,248
2023-07-04 00:00:00+00:00,10.8,16.7,245
2023-07-04 01:00:00+00:00,11.1,15.6,247
2023-07-04 02:00:00+00:00,10.7,17.6,244
2023-07-04 03:00:00+00:00,10.9,19.8,243
2023-07-04 04:00:00+00:00,10.6,19.5,245
2023-07-04 05:00:00+00:00,11.3,20.7,250
2023-07-04 06:00:00+00:00,11.9,18.9,246
2023-07-04 07:00:00+00:00,12.8,23.2,257
2023-07-04 08:00:00+00:00,14.0,22.0,255
2023-07-04 09:00:00+00:00,14.9,21.9,247
2023-07-04 10:00:00+00:00,15.9,20.7,250
2023-07-04 11:00:00+00:00,16.8,19.8,251
2023-07-04 12:00:00+00:00,17.5,17.6,242
2023-07-04 13:00:00+00:00,17.6,19.1,234
2023-07-04 14:00:00+00:00,17.7,18.7,232
2023-07-04 15:00:00+00:00,17.8,16.6,231
2023-07-04 16:00:00+00:00,17.6,15.1,230
2023-07-04 17:00:00+00:00,16.9,12.9,234
2023-07-04 18:00:00+00:00,16.5,10.3,241
2023-07-04 19:00:00+00:00,15.5,5.1,274
2023-07-04 20:00:00+00:00,13.8,4.7,293
2023-07-04 21:00:00+00:00,12.7,6.0,303
2023-07-04 22:00:00+00:00,12.4,9.2,301
2023-07-04 23:00:00+00:00,11.9,11.2,303
2023-07-05 00:00:00+00:00,12.5,13.4,297
2023-07-05 01:00:00+00:00,12.0,15.7,290
2023-07-05 02:00:00+00:00,11.0,16.9,281
2023-07-05 03:00:00+00:00,10.6,13.8,276
2023-07-05 04:00:00+00:00,10.9,15.2,275
2023-07-05 05:00:00+00:00,11.7,18.5,278
2023-07-05 06:00:00+00:00,12.5,20.3,282
2023-07-05 07:00:00+00:00,14.2,22.1,289
2023-07-05 08:00:00+00:00,14.8,22.9,289
2023-07-05 09:00:00+00:00,15.1,22.9,283
2023-07-05 10:00:00+00:00,15.9,23.8,280
2023-07-05 11:00:00+00:00,16.1,23.9,277
2023-07-05 12:00:00+00:00,16.0,24.3,278
2023-07-05 13:00:00+00:00,16.3,22.8,276
2023-07-05 14:00:00+00:00,16.7,23.1,274
2023-07-05 15:00:00+00:00,17.4,23.4,274
2023-07-05 16:00:00+00:00,17.2,22.4,265
2023-07-05 17:00:00+00:00,17.0,22.9,263
2023-07-05 18:00:00+00:00,16.1,19.2,264
2023-07-05 19:00:00+00:00,15.4,13.7,267
2023-07-05 20:00:00+00:00,14.5,11.3,261
2023-07-05 21:00:00+00:00,13.2,11.1,241
2023-07-05 22:00:00+00:00,12.7,11.8,243
2023-07-05 23:00:00+00:00,13.3,14.3,236
2023-07-06 00:00:00+00:00,12.7,15.4,233
2023-07-06 01:00:00+00:00,12.5,18.0,237
2023-07-06 02:00:00+00:00,12.4,16.8,242
2023-07-06 03:00:00+00:00,11.9,13.7,240
2023-07-06 04:00:00+00:00,11.8,12.7,235
2023-07-06 05:00:00+00:00,12.3,13.3,229
2023-07-06 06:00:00+00:00,13.3,15.5,228
2023-07-06 07:00:00+00:00,14.1,17.3,228
2023-07-06 08:00:00+00:00,15.4,18.1,224
2023-07-06 09:00:00+00:00,16.1,17.3,222
2023-07-06 10:00:00+00:00,17.1,18.1,223
2023-07-06 11:00:00+00:00,18.0,21.4,225
2023-07-06 12:00:00+00:00,18.0,22.2,216
2023-07-06 13:00:00+00:00,17.5,21.8,211
2023-07-06 14:00:00+00:00,17.9,23.4,209
2023-07-06 15:00:00+00:00,18.7,24.2,208
2023-07-06 16:00:00+00:00,19.3,26.1,203
2023-07-06 17:00:00+00:00,18.6,26.8,200
2023-07-06 18:00:00+00:00,18.3,22.7,198
2023-07-06 19:00:00+00:00,18.0,22.0,191
2023-07-06 20:00:00+00:00,16.9,20.8,189
2023-07-06 21:00:00+00:00,15.7,19.4,191
2023-07-06 22:00:00+00:00,14.9,19.1,191
2023-07-06 23:00:00+00:00,14.3,19.7,195
2023-07-07 00:00:00+00:00,14.4,21.9,200
2023-07-07 01:00:00+00:00,13.9,22.2,205
2023-07-07 02:00:00+00:00,13.5,21.3,202
2023-07-07 03:00:00+00:00,13.3,21.3,204
2023-07-07 04:00:00+00:00,13.0,20.1,204
2023-07-07 05:00:00+00:00,13.4,19.3,204
2023-07-07 06:00:00+00:00,14.7,19.7,204
2023-07-07 07:00:00+00:00,16.1,22.6,202
2023-07-07 08:00:00+00:00,17.7,24.5,200
2023-07-07 09:00:00+00:00,18.9,21.3,191
2023-07-07 10:00:00+00:00,20.0,19.2,185
2023-07-07 11:00:00+00:00,21.1,19.5,182
2023-07-07 12:00:00+00:00,22.3,18.7,181
2023-07-07 13:00:00+00:00,22.8,20.2,183
2023-07-07 14:00:00+00:00,24.0,19.6,173
2023-07-07 15:00:00+00:00,25.0,20.6,161
2023-07-07 16:00:00+00:00,25.4,19.5,176
2023-07-07 17:00:00+00:00,23.9,21.3,176
2023-07-07 18:00:00+00:00,24.0,10.2,188
2023-07-07 19:00:00+00:00,22.8,10.5,149
2023-07-07 20:00:00+00:00,20.6,8.1,148
2023-07-07 21:00:00+00:00,19.2,9.3,118
2023-07-07 22:00:00+00:00,19.7,17.0,144
2023-07-07 23:00:00+00:00,18.9,15.2,144
2023-07-08 00:00:00+00:00,17.7,12.3,148
2023-07-08 01:00:00+00:00,17.2,10.3,144
2023-07-08 02:00:00+00:00,16.0,7.9,137
2023-07-08 03:00:00+00:00,15.1,7.1,135
2023-07-08 04:00:00+00:00,14.8,7.6,135
2023-07-08 05:00:00+00:00,16.5,6.6,131
2023-07-08 06:00:00+00:00,18.6,10.2,135
2023-07-08 07:00:00+00:00,20.4,11.7,146
2023-07-08 08:00:00+00:00,22.0,16.7,166
2023-07-08 09:00:00+00:00,23.2,14.4,177
2023-07-08 10:00:00+00:00,23.1,12.1,163
2023-07-08 11:00:00+00:00,24.0,14.0,157
2023-07-08 12:00:00+00:00,21.2,12.8,122
2023-07-08 13:00:00+00:00,21.4,14.7,118
2023-07-08 14:00:00+00:00,21.0,17.7,95
2023-07-08 15:00:00+00:00,20.8,13.4,126
2023-07-08 16:00:00+00:00,20.1,16.3,158
2023-07-08 17:00:00+00:00,19.0,11.8,153
2023-07-08 18:00:00+00:00,20.1,16.6,156
2023-07-08 19:00:00+00:00,19.9,14.5,157
2023-07-08 20:00:00+00:00,18.6,18.8,168
2023-07-08 21:00:00+00:00,17.3,14.5,187
2023-07-08 22:00:00+00:00,17.0,14.4,177
2023-07-08 23:00:00+00:00,16.9,18.6,165
2023-07-09 00:00:00+00:00,17.0,9.8,163
2023-07-09 01:00:00+00:00,16.5,12.2,204
2023-07-09 02:00:00+00:00,15.8,13.6,230
2023-07-09 03:00:00+00:00,15.2,14.2,246
2023-07-09 04:00:00+00:00,15.2,13.2,253
2023-07-09 05:00:00+00:00,15.4,8.6,248
2023-07-09 06:00:00+00:00,15.8,6.0,237
2023-07-09 07:00:00+00:00,16.9,5.9,223
2023-07-09 08:00:00+00:00,17.9,9.0,203
2023-07-09 09:00:00+00:00,18.2,10.2,203
2023-07-09 10:00:00+00:00,19.2,12.9,198
2023-07-09 11:00:00+00:00,19.8,14.3,192
2023-07-09 12:00:00+00:00,20.6,15.3,195
2023-07-09 13:00:00+00:00,21.2,15.4,201
2023-07-09 14:00:00+00:00,21.6,16.7,194
2023-07-09 15:00:00+00:00,22.0,18.1,197
2023-07-09 16:00:00+00:00,21.5,19.0,205
2023-07-09 17:00:00+00:00,20.9,13.7,207
2023-07-09 18:00:00+00:00,18.0,16.9,236
2023-07-09 19:00:00+00:00,17.5,12.6,217
2023-07-09 20:00:00+00:00,16.5,10.2,219
2023-07-09 21:00:00+00:00,15.2,9.4,212
2023-07-09 22:00:00+00:00,14.6,11.2,220
2023-07-09 23:00:00+00:00,14.2,10.2,231
2023-07-10 00:00:00+00:00,13.2,6.1,242
2023-07-10 01:00:00+00:00,12.6,6.6,241
2023-07-10 02:00:00+00:00,12.4,7.4,241
2023-07-10 03:00:00+00:00,12.5,8.6,237
2023-07-10 04:00:00+00:00,12.2,8.8,235
2023-07-10 05:00:00+00:00,13.1,11.2,230
2023-07-10 06:00:00+00:00,14.1,11.3,217
2023-07-10 07:00:00+00:00,15.4,14.2,210
2023-07-10 08:00:00+00:00,17.0,16.8,203
2023-07-10 09:00:00+00:00,18.4,20.2,202
2023-07-10 10:00:00+00:00,19.4,23.1,201
2023-07-10 11:00:00+00:00,18.3,21.7,195
2023-07-10 12:00:00+00:00,17.6,20.1,195
2023-07-10 13:00:00+00:00,17.6,18.4,182
2023-07-10 14:00:00+00:00,17.8,21.8,172
2023-07-10 15:00:00+00:00,18.9,22.9,172
2023-07-10 16:00:00+00:00,18.7,23.2,174
2023-07-10 17:00:00+00:00,17.6,22.0,181
2023-07-10 18:00:00+00:00,17.1,26.2,201
2023-07-10 19:00:00+00:00,16.9,22.1,204
2023-07-10 20:00:00+00:00,16.3,21.3,210
2023-07-10 21:00:00+00:00,15.6,20.5,208
2023-07-10 22:00:00+00:00,15.2,19.5,205
2023-07-10 23:00:00+00:00,15.2,18.0,196
2023-07-11 00:00:00+00:00,14.8,17.8,188
2023-07-11 01:00:00+00:00,14.6,17.0,186
2023-07-11 02:00:00+00:00,14.6,11.9,182
2023-07-11 03:00:00+00:00,14.4,6.0,205
2023-07-11 04:00:00+00:00,14.7,9.0,268
2023-07-11 05:00:00+00:00,15.1,15.9,237
2023-07-11 06:00:00+00:00,15.3,22.2,230
2023-07-11 07:00:00+00:00,16.0,23.9,239
2023-07-11 08:00:00+00:00,16.6,21.1,240
2023-07-11 09:00:00+00:00,17.4,19.5,240
2023-07-11 10:00:00+00:00,18.4,21.7,243
2023-07-11 11:00:00+00:00,18.5,21.7,228
2023-07-11 12:00:00+00:00,18.4,19.6,221
2023-07-11 13:00:00+00:00,17.2,20.5,231
2023-07-11 14:00:00+00:00,18.2,19.1,227
2023-07-11 15:00:00+00:00,18.4,18.5,246
2023-07-11 16:00:00+00:00,17.9,18.0,250
2023-07-11 17:00:00+00:00,18.1,17.1,248
2023-07-11 18:00:00+00:00,17.0,15.3,262
2023-07-11 19:00:00+00:00,16.1,13.4,265
2023-07-11 20:00:00+00:00,15.0,12.1,260
2023-07-11 21:00:00+00:00,14.0,13.4,265
2023-07-11 22:00:00+00:00,13.5,14.8,264
2023-07-11 23:00:00+00:00,13.3,16.7,264
2023-07-12 00:00:00+00:00,13.3,17.3,258
2023-07-12 01:00:00+00:00,13.4,17.7,250
2023-07-12 02:00:00+00:00,13.1,18.1,247
2023-07-12 03:00:00+00:00,12.8,17.4,252
2023-07-12 04:00:00+00:00,12.8,17.0,249
2023-07-12 05:00:00+00:00,12.9,18.4,244
2023-07-12 06:00:00+00:00,13.7,22.9,246
2023-07-12 07:00:00+00:00,14.4,25.9,249
2023-07-12 08:00:00+00:00,15.2,29.6,249
2023-07-12 09:00:00+00:00,15.7,27.0,251
2023-07-12 10:00:00+00:00,16.9,26.2,249
2023-07-12 11:00:00+00:00,17.4,25.8,247
2023-07-12 12:00:00+00:00,15.9,26.1,252
2023-07-12 13:00:00+00:00,17.9,24.4,251
2023-07-12 14:00:00+00:00,17.3,25.3,259
2023-07-12 15:00:00+00:00,18.0,27.6,263
2023-07-12 16:00:00+00:00,16.3,26.3,267
2023-07-12 17:00:00+00:00,17.0,27.7,269
2023-07-12 18:00:00+00:00,16.4,25.2,270
2023-07-12 19:00:00+00:00,15.9,21.6,268
2023-07-12 20:00:00+00:00,15.0,18.8,266
2023-07-12 21:00:00+00:00,14.5,17.8,263
2023-07-12 22:00:00+00:00,14.1,18.6,261
2023-07-12 23:00:00+00:00,13.6,17.9,261
2023-07-13 00:00:00+00:00,13.1,16.2,258
2023-07-13 01:00:00+00:00,12.8,16.1,260
2023-07-13 02:00:00+00:00,13.0,16.5,259
2023-07-13 03:00:00+00:00,12.7,16.9,259
2023-07-13 04:00:00+00:00,12.7,17.1,263
2023-07-13 05:00:00+00:00,12.5,16.0,261
2023-07-13 06:00:00+00:00,13.3,17.8,262
2023-07-13 07:00:00+00:00,14.5,18.4,267
2023-07-13 08:00:00+00:00,15.6,17.4,263
2023-07-13 09:00:00+00:00,16.3,16.2,258
2023-07-13 10:00:00+00:00,17.2,17.7,258
2023-07-13 11:00:00+00:00,17.7,18.9,256
2023-07-13 12:00:00+00:00,18.6,15.3,240
2023-07-13 13:00:00+00:00,19.1,15.5,239
2023-07-13 14:00:00+00:00,18.6,14.8,256
2023-07-13 15:00:00+00:00,19.3,15.1,269
2023-07-13 16:00:00+00:00,18.9,15.8,269
2023-07-13 17:00:00+00:00,18.5,14.8,267
2023-07-13 18:00:00+00:00,17.9,11.5,270
2023-07-13 19:00:00+00:00,17.1,9.7,270
2023-07-13 20:00:00+00:00,15.1,5.4,270
2023-07-13 21:00:00+00:00,13.1,6.7,234
2023-07-13 22:00:00+00:00,12.6,5.4,228
2023-07-13 23:00:00+00:00,12.0,4.6,231
2023-07-14 00:00:00+00:00,12.2,5.9,223
2023-07-14 01:00:00+00:00,12.0,6.9,219
2023-07-14 02:00:00+00:00,11.8,7.7,221
2023-07-14 03:00:00+00:00,12.0,9.1,214
2023-07-14 04:00:00+00:00,12.1,8.7,204
2023-07-14 05:00:00+00:00,12.8,11.4,198
2023-07-14 06:00:00+00:00,13.8,14.3,198
2023-07-14 07:00:00+00:00,14.5,16.0,189
2023-07-14 08:00:00+00:00,14.6,14.0,168
2023-07-14 09:00:00+00:00,14.8,14.5,161
2023-07-14 10:00:00+00:00,14.6,13.8,152
2023-07-14 11:00:00+00:00,15.1,20.0,154
2023-07-14 12:00:00+00:00,14.9,20.0,141
2023-07-14 13:00:00+00:00,15.3,21.9,135
2023-07-14 14:00:00+00:00,15.5,26.8,139
2023-07-14 15:00:00+00:00,15.8,29.8,137
2023-07-14 16:00:00+00:00,15.5,30.0,136
2023-07-14 17:00:00+00:00,15.7,27.3,144
2023-07-14 18:00:00+00:00,16.1,25.5,157
2023-07-14 19:00:00+00:00,16.3,23.3,163
2023-07-14 20:00:00+00:00,16.6,21.3,169
2023-07-14 21:00:00+00:00,16.8,19.9,186
2023-07-14 22:00:00+00:00,16.9,22.6,209
2023-07-14 23:00:00+00:00,15.4,22.2,212
2023-07-15 00:00:00+00:00,14.8,19.6,212
2023-07-15 01:00:00+00:00,14.3,20.4,206
2023-07-15 02:00:00+00:00,13.9,21.7,201
2023-07-15 03:00:00+00:00,14.2,22.8,198
2023-07-15 04:00:00+00:00,14.4,23.0,194
2023-07-15 05:00:00+00:00,14.4,23.4,191
2023-07-15 06:00:00+00:00,14.7,24.9,190
2023-07-15 07:00:00+00:00,15.1,27.3,196
2023-07-15 08:00:00+00:00,15.9,24.5,197
2023-07-15 09:00:00+00:00,16.6,27.9,197
2023-07-15 10:00:00+00:00,17.3,32.3,197
2023-07-15 11:00:00+00:00,17.2,33.4,204
2023-07-15 12:00:00+00:00,17.0,35.6,198
2023-07-15 13:00:00+00:00,17.7,29.0,197
2023-07-15 14:00:00+00:00,17.8,29.2,200
2023-07-15 15:00:00+00:00,18.2,32.4,210
2023-07-15 16:00:00+00:00,18.0,32.0,211
2023-07-15 17:00:00+00:00,17.2,32.9,212
2023-07-15 18:00:00+00:00,16.6,33.7,209
2023-07-15 19:00:00+00:00,16.1,29.8,215
2023-07-15 20:00:00+00:00,15.2,28.5,217
2023-07-15 21:00:00+00:00,14.7,28.1,216
2023-07-15 22:00:00+00:00,14.5,29.0,223
2023-07-15 23:00:00+00:00,14.3,30.6,228
2023-07-16 00:00:00+00:00,14.6,32.4,233
2023-07-16 01:00:00+00:00,14.6,30.2,232
2023-07-16 02:00:00+00:00,14.5,29.1,234
2023-07-16 03:00:00+00:00,14.2,27.6,234
2023-07-16 04:00:00+00:00,13.8,27.4,243
2023-07-16 05:00:00+00:00,13.6,27.9,241
2023-07-16 06:00:00+00:00,13.6,27.0,239
2023-07-16 07:00:00+00:00,14.0,26.8,239
2023-07-16 08:00:00+00:00,14.4,29.5,248
2023-07-16 09:00:00+00:00,15.3,30.1,253
2023-07-16 10:00:00+00:00,16.0,27.4,253
2023-07-16 11:00:00+00:00,17.5,28.6,251
2023-07-16 12:00:00+00:00,17.4,22.9,254
2023-07-16 13:00:00+00:00,16.8,23.1,252
2023-07-16 14:00:00+00:00,18.4,22.2,257
2023-07-16 15:00:00+00:00,17.4,21.7,249
2023-07-16 16:00:00+00:00,16.2,20.3,247
2023-07-16 17:00:00+00:00,16.6,21.2,249
2023-07-16 18:00:00+00:00,16.3,17.6,239
2023-07-16 19:00:00+00:00,15.1,15.8,253
2023-07-16 20:00:00+00:00,14.5,12.8,238
2023-07-16 21:00:00+00:00,13.3,13.8,229
2023-07-16 22:00:00+00:00,12.9,17.4,232
2023-07-16 23:00:00+00:00,12.5,19.1,234
2023-07-17 00:00:00+00:00,13.0,22.4,237
2023-07-17 01:00:00+00:00,12.6,21.3,240
2023-07-17 02:00:00+00:00,12.4,21.1,240
2023-07-17 03:00:00+00:00,12.2,20.8,242
2023-07-17 04:00:00+00:00,12.1,19.6,244
2023-07-17 05:00:00+00:00,12.5,19.4,248
2023-07-17 06:00:00+00:00,13.1,20.7,247
2023-07-17 07:00:00+00:00,13.8,23.7,250
2023-07-17 08:00:00+00:00,14.7,23.9,252
2023-07-17 09:00:00+00:00,15.3,22.1,251
2023-07-17 10:00:00+00:00,16.3,19.2,253
2023-07-17 11:00:00+00:00,16.3,20.4,256
2023-07-17 12:00:00+00:00,17.3,17.9,255
2023-07-17 13:00:00+00:00,17.9,18.4,268
2023-07-17 14:00:00+00:00,16.5,23.1,267
2023-07-17 15:00:00+00:00,17.2,21.0,277
2023-07-17 16:00:00+00:00,17.0,20.5,269
2023-07-17 17:00:00+00:00,16.8,19.9,274
2023-07-17 18:00:00+00:00,16.4,18.7,269
2023-07-17 19:00:00+00:00,15.5,14.8,267
2023-07-17 20:00:00+00:00,14.2,10.8,266
2023-07-17 21:00:00+00:00,13.1,7.6,270
2023-07-17 22:00:00+00:00,11.7,6.5,264
2023-07-17 23:00:00+00:00,11.2,5.4,217
2023-07-18 00:00:00+00:00,11.8,7.4,223
2023-07-18 01:00:00+00:00,11.3,4.2,211
2023-07-18 02:00:00+00:00,10.3,5.4,228
2023-07-18 03:00:00+00:00,10.0,5.6,243
2023-07-18 04:00:00+00:00,9.9,5.6,243
2023-07-18 05:00:00+00:00,11.5,8.0,234
2023-07-18 06:00:00+00:00,12.9,8.1,225
2023-07-18 07:00:00+00:00,13.5,7.9,227
2023-07-18 08:00:00+00:00,13.8,9.2,219
2023-07-18 09:00:00+00:00,14.4,9.7,225
2023-07-18 10:00:00+00:00,14.9,8.9,223
2023-07-18 11:00:00+00:00,15.0,9.3,208
2023-07-18 12:00:00+00:00,14.5,10.5,218
2023-07-18 13:00:00+00:00,14.4,10.2,212
2023-07-18 14:00:00+00:00,14.1,9.5,217
2023-07-18 15:00:00+00:00,14.4,12.1,217
2023-07-18 16:00:00+00:00,15.1,11.1,216
2023-07-18 17:00:00+00:00,16.1,11.7,214
2023-07-18 18:00:00+00:00,15.5,10.0,206
2023-07-18 19:00:00+00:00,15.3,7.7,208
2023-07-18 20:00:00+00:00,14.8,4.4,189
2023-07-18 21:00:00+00:00,13.7,4.3,180
2023-07-18 22:00:00+00:00,11.8,6.1,220
2023-07-18 23:00:00+00:00,11.8,5.4,233
2023-07-19 00:00:00+00:00,13.8,5.1,184
2023-07-19 01:00:00+00:00,13.1,4.7,203
2023-07-19 02:00:00+00:00,13.8,4.3,204
2023-07-19 03:00:00+00:00,14.0,4.0,243
2023-07-19 04:00:00+00:00,14.0,3.3,283
2023-07-19 05:00:00+00:00,14.0,4.3,312
2023-07-19 06:00:00+00:00,14.4,5.4,318
2023-07-19 07:00:00+00:00,14.6,7.2,333
2023-07-19 08:00:00+00:00,14.4,11.5,340
2023-07-19 09:00:00+00:00,15.4,11.8,337
2023-07-19 10:00:00+00:00,17.5,11.6,344
2023-07-19 11:00:00+00:00,17.4,11.6,334
2023-07-19 12:00:00+00:00,17.2,15.0,316
2023-07-19 13:00:00+00:00,18.4,13.9,307
2023-07-19 14:00:00+00:00,19.0,12.5,309
2023-07-19 15:00:00+00:00,18.8,18.2,300
2023-07-19 16:00:00+00:00,18.2,18.7,310
2023-07-19 17:00:00+00:00,17.8,17.1,311
2023-07-19 18:00:00+00:00,17.1,16.6,309
2023-07-19 19:00:00+00:00,16.1,12.5,309
2023-07-19 20:00:00+00:00,14.4,9.8,298
2023-07-19 21:00:00+00:00,13.2,10.4,290
2023-07-19 22:00:00+00:00,12.6,9.8,287
2023-07-19 23:00:00+00:00,12.1,10.1,276
2023-07-20 00:00:00+00:00,11.8,10.1,270
2023-07-20 01:00:00+00:00,11.9,11.2,270
2023-07-20 02:00:00+00:00,11.8,11.9,272
2023-07-20 03:00:00+00:00,11.6,12.2,272
2023-07-20 04:00:00+00:00,11.8,11.9,273
2023-07-20 05:00:00+00:00,12.2,12.3,273
2023-07-20 06:00:00+00:00,13.5,12.3,277
2023-07-20 07:00:00+00:00,14.4,13.6,281
2023-07-20 08:00:00+00:00,15.2,13.1,278
2023-07-20 09:00:00+00:00,15.9,12.4,278
2023-07-20 10:00:00+00:00,16.7,12.9,283
2023-07-20 11:00:00+00:00,17.5,13.2,281
2023-07-20 12:00:00+00:00,18.0,14.6,286
2023-07-20 13:00:00+00:00,18.1,15.3,279
2023-07-20 14:00:00+00:00,18.1,15.2,284
2023-07-20 15:00:00+00:00,17.9,16.1,286
2023-07-20 16:00:00+00:00,17.5,16.5,286
2023-07-20 17:00:00+00:00,16.9,16.5,290
2023-07-20 18:00:00+00:00,16.2,14.9,290
2023-07-20 19:00:00+00:00,15.2,11.0,289
2023-07-20 20:00:00+00:00,13.7,11.4,288
2023-07-20 21:00:00+00:00,12.5,12.3,285
2023-07-20 22:00:00+00:00,11.9,12.7,285
2023-07-20 23:00:00+00:00,11.5,12.5,282
2023-07-21 00:00:00+00:00,11.6,13.9,280
2023-07-21 01:00:00+00:00,11.3,13.4,276
2023-07-21 02:00:00+00:00,11.6,13.0,272
2023-07-21 03:00:00+00:00,11.9,14.8,271
2023-07-21 04:00:00+00:00,12.1,14.8,276
2023-07-21 05:00:00+00:00,12.1,16.0,278
2023-07-21 06:00:00+00:00,12.6,17.2,281
2023-07-21 07:00:00+00:00,13.1,15.9,283
2023-07-21 08:00:00+00:00,14.0,16.2,283
2023-07-21 09:00:00+00:00,13.9,13.9,280
2023-07-21 10:00:00+00:00,15.2,15.0,287
2023-07-21 11:00:00+00:00,14.1,16.4,285
2023-07-21 12:00:00+00:00,15.8,19.7,288
2023-07-21 13:00:00+00:00,16.7,20.6,282
2023-07-21 14:00:00+00:00,16.9,21.1,278
2023-07-21 15:00:00+00:00,16.3,20.5,285
2023-07-21 16:00:00+00:00,16.6,19.6,284
2023-07-21 17:00:00+00:00,16.5,18.9,284
2023-07-21 18:00:00+00:00,15.8,18.2,279
2023-07-21 19:00:00+00:00,15.0,17.0,276
2023-07-21 20:00:00+00:00,14.3,16.2,274
2023-07-21 21:00:00+00:00,13.7,15.2,275
2023-07-21 22:00:00+00:00,13.4,12.0,263
2023-07-21 23:00:00+00:00,13.3,8.4,227
2023-07-22 00:00:00+00:00,12.9,7.6,205
2023-07-22 01:00:00+00:00,12.8,11.9,205
2023-07-22 02:00:00+00:00,12.9,13.5,214
2023-07-22 03:00:00+00:00,12.9,15.8,210
2023-07-22 04:00:00+00:00,12.9,15.1,213
2023-07-22 05:00:00+00:00,12.9,16.8,215
2023-07-22 06:00:00+00:00,12.9,16.9,214
2023-07-22 07:00:00+00:00,13.6,16.8,208
2023-07-22 08:00:00+00:00,14.0,20.6,213
2023-07-22 09:00:00+00:00,14.2,18.2,210
2023-07-22 10:00:00+00:00,14.5,18.8,206
2023-07-22 11:00:00+00:00,14.8,19.5,205
2023-07-22 12:00:00+00:00,15.7,21.1,197
2023-07-22 13:00:00+00:00,16.3,23.1,201
2023-07-22 14:00:00+00:00,16.4,24.9,200
2023-07-22 15:00:00+00:00,17.0,27.6,204
2023-07-22 16:00:00+00:00,16.4,25.1,205
2023-07-22 17:00:00+00:00,16.4,21.9,203
2023-07-22 18:00:00+00:00,16.9,19.8,207
2023-07-22 19:00:00+00:00,16.7,15.8,201
2023-07-22 20:00:00+00:00,16.4,14.9,195
2023-07-22 21:00:00+00:00,16.2,13.3,193
2023-07-22 22:00:00+00:00,15.8,13.4,186
2023-07-22 23:00:00+00:00,15.6,13.0,178
2023-07-23 00:00:00+00:00,15.2,12.7,188
2023-07-23 01:00:00+00:00,15.2,14.0,206
2023-07-23 02:00:00+00:00,15.7,21.7,234
2023-07-23 03:00:00+00:00,15.8,23.4,239
2023-07-23 04:00:00+00:00,15.8,21.3,240
2023-07-23 05:00:00+00:00,15.9,18.7,240
2023-07-23 06:00:00+00:00,16.2,18.5,237
2023-07-23 07:00:00+00:00,16.4,20.1,243
2023-07-23 08:00:00+00:00,16.8,19.7,249
2023-07-23 09:00:00+00:00,17.0,19.0,255
2023-07-23 10:00:00+00:00,17.3,18.8,265
2023-07-23 11:00:00+00:00,18.0,20.9,272
2023-07-23 12:00:00+00:00,18.4,17.7,290
2023-07-23 13:00:00+00:00,17.3,15.5,301
2023-07-23 14:00:00+00:00,17.0,12.4,306
2023-07-23 15:00:00+00:00,16.7,12.6,333
2023-07-23 16:00:00+00:00,16.1,14.8,6
2023-07-23 17:00:00+00:00,15.3,18.2,14
2023-07-23 18:00:00+00:00,15.1,17.1,18
2023-07-23 19:00:00+00:00,14.5,20.3,27
2023-07-23 20:00:00+00:00,14.1,20.8,28
2023-07-23 21:00:00+00:00,13.7,20.5,24
2023-07-23 22:00:00+00:00,13.2,22.0,18
2023-07-23 23:00:00+00:00,12.9,22.4,19
2023-07-24 00:00:00+00:00,12.7,19.8,25
2023-07-24 01:00:00+00:00,12.6,18.9,18
2023-07-24 02:00:00+00:00,12.5,18.2,8
2023-07-24 03:00:00+00:00,12.2,20.4,8
2023-07-24 04:00:00+00:00,12.0,19.9,13
2023-07-24 05:00:00+00:00,11.8,20.0,8
2023-07-24 06:00:00+00:00,11.5,20.5,1
2023-07-24 07:00:00+00:00,11.7,21.0,6
2023-07-24 08:00:00+00:00,12.5,22.2,8
2023-07-24 09:00:00+00:00,13.8,21.8,8
2023-07-24 10:00:00+00:00,14.9,19.9,5
2023-07-24 11:00:00+00:00,15.9,18.4,2
2023-07-24 12:00:00+00:00,15.5,18.0,1
2023-07-24 13:00:00+00:00,16.3,17.0,356
2023-07-24 14:00:00+00:00,16.6,16.2,357
2023-07-24 15:00:00+00:00,16.7,14.4,357
2023-07-24 16:00:00+00:00,16.3,11.5,2
2023-07-24 17:00:00+00:00,16.4,9.0,2
2023-07-24 18:00:00+00:00,15.8,8.5,332
2023-07-24 19:00:00+00:00,15.0,5.7,325
2023-07-24 20:00:00+00:00,12.7,6.5,289
2023-07-24 21:00:00+00:00,12.2,5.4,266
2023-07-24 22:00:00+00:00,11.8,5.4,270
2023-07-24 23:00:00+00:00,11.7,7.6,275
2023-07-25 00:00:00+00:00,10.7,7.1,285
2023-07-25 01:00:00+00:00,10.4,7.7,281
2023-07-25 02:00:00+00:00,10.1,8.0,278
2023-07-25 03:00:00+00:00,9.8,8.0,275
2023-07-25 04:00:00+00:00,9.9,9.5,281
2023-07-25 05:00:00+00:00,10.2,11.9,284
2023-07-25 06:00:00+00:00,11.5,15.8,287
2023-07-25 07:00:00+00:00,12.8,17.0,287
2023-07-25 08:00:00+00:00,13.8,15.5,295
2023-07-25 09:00:00+00:00,14.8,13.6,307
2023-07-25 10:00:00+00:00,15.9,12.3,320
2023-07-25 11:00:00+00:00,16.8,12.7,325
2023-07-25 12:00:00+00:00,16.5,14.0,314
2023-07-25 13:00:00+00:00,16.8,16.8,305
2023-07-25 14:00:00+00:00,16.6,16.0,293
2023-07-25 15:00:00+00:00,16.7,17.7,290
2023-07-25 16:00:00+00:00,16.6,18.3,290
2023-07-25 17:00:00+00:00,16.0,19.5,289
2023-07-25 18:00:00+00:00,15.4,20.2,289
2023-07-25 19:00:00+00:00,14.5,18.2,288
2023-07-25 20:00:00+00:00,13.3,15.5,283
2023-07-25 21:00:00+00:00,12.5,15.7,281
2023-07-25 22:00:00+00:00,12.2,16.5,280
2023-07-25 23:00:00+00:00,12.1,16.8,279
2023-07-26 00:00:00+00:00,12.3,18.7,270
2023-07-26 01:00:00+00:00,12.0,16.2,269
2023-07-26 02:00:00+00:00,11.6,14.1,264
2023-07-26 03:00:00+00:00,11.3,13.1,261
2023-07-26 04:00:00+00:00,11.2,11.5,256
2023-07-26 05:00:00+00:00,11.4,11.6,248
2023-07-26 06:00:00+00:00,12.8,14.3,245
2023-07-26 07:00:00+00:00,14.4,14.2,246
2023-07-26 08:00:00+00:00,16.0,14.2,246
2023-07-26 09:00:00+00:00,17.4,14.3,245
2023-07-26 10:00:00+00:00,18.3,13.8,229
2023-07-26 11:00:00+00:00,18.9,15.4,217
2023-07-26 12:00:00+00:00,19.5,17.7,219
2023-07-26 13:00:00+00:00,20.0,19.0,213
2023-07-26 14:00:00+00:00,19.8,20.0,210
2023-07-26 15:00:00+00:00,18.6,16.6,207
2023-07-26 16:00:00+00:00,17.3,15.1,205
2023-07-26 17:00:00+00:00,15.8,16.6,202
2023-07-26 18:00:00+00:00,14.8,16.1,196
2023-07-26 19:00:00+00:00,14.6,16.5,190
2023-07-26 20:00:00+00:00,14.6,17.5,188
2023-07-26 21:00:00+00:00,14.6,16.6,182
2023-07-26 22:00:00+00:00,14.8,14.8,183
2023-07-26 23:00:00+00:00,15.0,14.0,181
2023-07-27 00:00:00+00:00,15.1,13.9,190
2023-07-27 01:00:00+00:00,15.3,16.4,199
2023-07-27 02:00:00+00:00,15.4,16.1,209
2023-07-27 03:00:00+00:00,15.6,15.2,216
2023-07-27 04:00:00+00:00,15.9,15.5,224
2023-07-27 05:00:00+00:00,16.3,16.5,238
2023-07-27 06:00:00+00:00,16.8,15.9,245
2023-07-27 07:00:00+00:00,17.7,17.5,251
2023-07-27 08:00:00+00:00,17.9,17.3,253
2023-07-27 09:00:00+00:00,18.6,20.0,263
2023-07-27 10:00:00+00:00,19.1,19.9,265
2023-07-27 11:00:00+00:00,19.7,21.5,260
2023-07-27 12:00:00+00:00,21.0,22.0,272
2023-07-27 13:00:00+00:00,20.7,22.7,270
2023-07-27 14:00:00+00:00,20.5,22.7,271
2023-07-27 15:00:00+00:00,19.5,22.8,275
2023-07-27 16:00:00+00:00,19.5,20.5,280
2023-07-27 17:00:00+00:00,19.6,19.4,281
2023-07-27 18:00:00+00:00,19.2,17.5,279
2023-07-27 19:00:00+00:00,18.4,13.4,278
2023-07-27 20:00:00+00:00,17.0,10.6,280
2023-07-27 21:00:00+00:00,15.8,8.4,280
2023-07-27 22:00:00+00:00,15.2,6.6,283
2023-07-27 23:00:00+00:00,14.1,6.5,273
2023-07-28 00:00:00+00:00,14.4,7.3,259
2023-07-28 01:00:00+00:00,14.1,7.2,252
2023-07-28 02:00:00+00:00,13.7,7.8,248
2023-07-28 03:00:00+00:00,14.0,8.4,250
2023-07-28 04:00:00+00:00,13.6,9.4,247
2023-07-28 05:00:00+00:00,13.6,11.3,248
2023-07-28 06:00:00+00:00,15.3,12.7,245
2023-07-28 07:00:00+00:00,16.9,14.7,239
2023-07-28 08:00:00+00:00,17.9,14.5,224
2023-07-28 09:00:00+00:00,18.5,16.8,222
2023-07-28 10:00:00+00:00,18.9,19.1,227
2023-07-28 11:00:00+00:00,19.0,17.3,228
2023-07-28 12:00:00+00:00,19.8,18.6,226
2023-07-28 13:00:00+00:00,20.4,20.1,227
2023-07-28 14:00:00+00:00,20.6,19.4,228
2023-07-28 15:00:00+00:00,21.0,19.9,225
2023-07-28 16:00:00+00:00,20.7,18.7,220
2023-07-28 17:00:00+00:00,20.5,18.6,216
2023-07-28 18:00:00+00:00,19.6,14.4,212
2023-07-28 19:00:00+00:00,19.1,13.3,218
2023-07-28 20:00:00+00:00,18.2,13.8,229
2023-07-28 21:00:00+00:00,17.3,13.5,228
2023-07-28 22:00:00+00:00,16.6,14.8,227
2023-07-28 23:00:00+00:00,16.3,15.3,227
2023-07-29 00:00:00+00:00,15.6,16.5,226
2023-07-29 01:00:00+00:00,14.9,16.1,222
2023-07-29 02:00:00+00:00,14.7,15.8,221
2023-07-29 03:00:00+00:00,14.6,17.6,226
2023-07-29 04:00:00+00:00,14.3,18.6,227
2023-07-29 05:00:00+00:00,13.8,18.3,227
2023-07-29 06:00:00+00:00,14.5,19.6,226
2023-07-29 07:00:00+00:00,15.8,24.1,231
2023-07-29 08:00:00+00:00,16.4,22.8,232
2023-07-29 09:00:00+00:00,17.2,22.4,237
2023-07-29 10:00:00+00:00,17.7,24.2,237
2023-07-29 11:00:00+00:00,18.0,24.3,245
2023-07-29 12:00:00+00:00,18.3,24.2,247
2023-07-29 13:00:00+00:00,18.8,26.1,246
2023-07-29 14:00:00+00:00,18.6,25.4,245
2023-07-29 15:00:00+00:00,18.5,25.6,244
2023-07-29 16:00:00+00:00,18.2,26.4,244
2023-07-29 17:00:00+00:00,17.9,25.0,247
2023-07-29 18:00:00+00:00,17.5,20.1,241
2023-07-29 19:00:00+00:00,16.5,21.1,240
2023-07-29 20:00:00+00:00,15.3,19.1,234
2023-07-29 21:00:00+00:00,14.7,18.5,233
2023-07-29 22:00:00+00:00,14.2,18.4,228
2023-07-29 23:00:00+00:00,14.0,19.9,229
2023-07-30 00:00:00+00:00,14.2,20.4,229
2023-07-30 01:00:00+00:00,13.9,19.7,232
2023-07-30 02:00:00+00:00,13.5,22.2,234
2023-07-30 03:00:00+00:00,13.9,22.1,244
2023-07-30 04:00:00+00:00,13.2,21.3,242
2023-07-30 05:00:00+00:00,13.2,22.1,244
2023-07-30 06:00:00+00:00,13.7,23.1,247
2023-07-30 07:00:00+00:00,14.4,21.7,246
2023-07-30 08:00:00+00:00,14.8,27.2,259
2023-07-30 09:00:00+00:00,15.2,27.9,259
2023-07-30 10:00:00+00:00,16.0,26.7,256
2023-07-30 11:00:00+00:00,16.6,25.5,251
2023-07-30 12:00:00+00:00,17.4,28.0,254
2023-07-30 13:00:00+00:00,18.1,28.5,252
2023-07-30 14:00:00+00:00,18.6,26.9,245
2023-07-30 15:00:00+00:00,17.7,23.6,239
2023-07-30 16:00:00+00:00,16.7,24.0,246
2023-07-30 17:00:00+00:00,16.6,24.3,249
2023-07-30 18:00:00+00:00,16.4,19.1,238
2023-07-30 19:00:00+00:00,16.1,17.3,227
2023-07-30 20:00:00+00:00,15.8,17.9,232
2023-07-30 21:00:00+00:00,15.8,20.1,226
2023-07-30 22:00:00+00:00,15.7,16.4,213
2023-07-30 23:00:00+00:00,15.5,15.3,195
2023-07-31 00:00:00+00:00,15.9,22.3,214
2023-07-31 01:00:00+00:00,15.7,18.9,219
2023-07-31 02:00:00+00:00,16.4,19.4,222
2023-07-31 03:00:00+00:00,16.6,20.5,231
2023-07-31 04:00:00+00:00,16.5,19.1,238
2023-07-31 05:00:00+00:00,16.4,18.8,241
2023-07-31 06:00:00+00:00,16.5,19.1,238
2023-07-31 07:00:00+00:00,16.6,18.4,235
2023-07-31 08:00:00+00:00,16.8,19.8,233
2023-07-31 09:00:00+00:00,16.7,19.5,236
2023-07-31 10:00:00+00:00,16.6,19.2,236
2023-07-31 11:00:00+00:00,17.1,20.4,238
2023-07-31 12:00:00+00:00,16.2,21.1,233
2023-07-31 13:00:00+00:00,16.1,17.9,232
2023-07-31 14:00:00+00:00,16.2,20.3,237
2023-07-31 15:00:00+00:00,15.8,19.0,251
2023-07-31 16:00:00+00:00,17.5,20.0,263
2023-07-31 17:00:00+00:00,15.7,15.1,267
2023-07-31 18:00:00+00:00,15.5,19.4,255
2023-07-31 19:00:00+00:00,15.4,20.1,249
2023-07-31 20:00:00+00:00,14.9,17.8,256
2023-07-31 21:00:00+00:00,14.6,17.4,257
2023-07-31 22:00:00+00:00,14.1,21.7,259
2023-07-31 23:00:00+00:00,14.1,23.1,266
2023-08-01 00:00:00+00:00,13.9,21.3,259
2023-08-01 01:00:00+00:00,14.0,25.9,269
2023-08-01 02:00:00+00:00,13.8,25.6,273
2023-08-01 03:00:00+00:00,13.7,25.6,269
2023-08-01 04:00:00+00:00,13.5,22.3,268
2023-08-01 05:00:00+00:00,13.5,20.9,269
2023-08-01 06:00:00+00:00,13.7,19.8,270
2023-08-01 07:00:00+00:00,14.2,20.9,270
2023-08-01 08:00:00+00:00,14.8,22.5,276
2023-08-01 09:00:00+00:00,15.8,25.9,280
2023-08-01 10:00:00+00:00,16.2,25.9,280
2023-08-01 11:00:00+00:00,16.6,24.7,278
2023-08-01 12:00:00+00:00,16.5,25.7,265
2023-08-01 13:00:00+00:00,17.1,25.9,268
2023-08-01 14:00:00+00:00,17.8,24.0,262
2023-08-01 15:00:00+00:00,18.0,20.5,259
2023-08-01 16:00:00+00:00,18.2,17.5,256
2023-08-01 17:00:00+00:00,17.9,14.8,247
2023-08-01 18:00:00+00:00,17.4,12.1,233
2023-08-01 19:00:00+00:00,16.8,7.7,221
2023-08-01 20:00:00+00:00,14.7,5.1,184
2023-08-01 21:00:00+00:00,14.2,5.8,180
2023-08-01 22:00:00+00:00,13.7,6.8,162
2023-08-01 23:00:00+00:00,13.5,7.1,135
2023-08-02 00:00:00+00:00,13.2,10.5,149
2023-08-02 01:00:00+00:00,13.2,7.8,158
2023-08-02 02:00:00+00:00,12.6,6.4,128
2023-08-02 03:00:00+00:00,13.1,9.4,113
2023-08-02 04:00:00+00:00,13.1,8.8,81
2023-08-02 05:00:00+00:00,13.0,11.5,86
2023-08-02 06:00:00+00:00,13.1,10.4,90
2023-08-02 07:00:00+00:00,13.4,12.0,111
2023-08-02 08:00:00+00:00,14.1,6.2,126
2023-08-02 09:00:00+00:00,14.5,2.0,135
2023-08-02 10:00:00+00:00,15.9,7.1,300
2023-08-02 11:00:00+00:00,17.6,9.7,312
2023-08-02 12:00:00+00:00,16.3,9.2,349
2023-08-02 13:00:00+00:00,16.4,16.7,7
2023-08-02 14:00:00+00:00,16.2,19.6,13
2023-08-02 15:00:00+00:00,16.1,21.8,8
2023-08-02 16:00:00+00:00,15.6,22.9,7
2023-08-02 17:00:00+00:00,15.1,24.6,11
2023-08-02 18:00:00+00:00,15.2,22.7,3
2023-08-02 19:00:00+00:00,14.7,20.9,356
2023-08-02 20:00:00+00:00,14.7,22.9,353
2023-08-02 21:00:00+00:00,14.4,24.3,352
2023-08-02 22:00:00+00:00,14.2,25.6,349
2023-08-02 23:00:00+00:00,13.9,23.8,350
2023-08-03 00:00:00+00:00,13.3,23.7,347
2023-08-03 01:00:00+00:00,12.9,20.2,344
2023-08-03 02:00:00+00:00,12.5,18.3,338
2023-08-03 03:00:00+00:00,12.3,17.1,332
2023-08-03 04:00:00+00:00,12.0,15.5,318
2023-08-03 05:00:00+00:00,11.9,15.8,311
2023-08-03 06:00:00+00:00,12.9,16.3,319
2023-08-03 07:00:00+00:00,14.2,15.8,333
2023-08-03 08:00:00+00:00,15.2,15.0,336
2023-08-03 09:00:00+00:00,16.5,18.3,345
2023-08-03 10:00:00+00:00,16.7,15.5,342
2023-08-03 11:00:00+00:00,17.9,13.9,339
2023-08-03 12:00:00+00:00,18.4,13.4,333
2023-08-03 13:00:00+00:00,19.0,13.0,326
2023-08-03 14:00:00+00:00,19.4,14.5,318
2023-08-03 15:00:00+00:00,19.0,14.8,309
2023-08-03 16:00:00+00:00,17.9,14.6,303
2023-08-03 17:00:00+00:00,17.6,14.5,297
2023-08-03 18:00:00+00:00,17.2,17.6,314
2023-08-03 19:00:00+00:00,16.0,10.8,296
2023-08-03 20:00:00+00:00,14.7,10.8,307
2023-08-03 21:00:00+00:00,14.6,14.8,296
2023-08-03 22:00:00+00:00,14.3,12.9,293
2023-08-03 23:00:00+00:00,14.0,9.3,298
2023-08-04 00:00:00+00:00,14.1,14.0,293
2023-08-04 01:00:00+00:00,13.9,10.3,299
2023-08-04 02:00:00+00:00,13.4,9.7,292
2023-08-04 03:00:00+00:00,13.3,11.0,293
2023-08-04 04:00:00+00:00,12.9,9.5,299
2023-08-04 05:00:00+00:00,12.4,7.9,300
2023-08-04 06:00:00+00:00,13.6,8.9,302
2023-08-04 07:00:00+00:00,14.3,9.4,317
2023-08-04 08:00:00+00:00,14.7,6.2,324
2023-08-04 09:00:00+00:00,15.7,7.4,331
2023-08-04 10:00:00+00:00,15.8,7.6,335
2023-08-04 11:00:00+00:00,16.2,6.7,344
2023-08-04 12:00:00+00:00,15.9,13.2,299
2023-08-04 13:00:00+00:00,16.3,17.2,299
2023-08-04 14:00:00+00:00,17.4,16.9,297
2023-08-04 15:00:00+00:00,17.4,18.7,286
2023-08-04 16:00:00+00:00,16.9,18.6,285
2023-08-04 17:00:00+00:00,16.3,18.1,287
2023-08-04 18:00:00+00:00,15.7,15.8,291
2023-08-04 19:00:00+00:00,14.7,10.4,290
2023-08-04 20:00:00+00:00,13.6,7.2,276
2023-08-04 21:00:00+00:00,13.2,10.4,272
2023-08-04 22:00:00+00:00,13.0,11.9,273
2023-08-04 23:00:00+00:00,12.8,7.6,265
2023-08-05 00:00:00+00:00,12.2,4.2,250
2023-08-05 01:00:00+00:00,12.0,3.3,221
2023-08-05 02:00:00+00:00,11.4,3.7,241
2023-08-05 03:00:00+00:00,11.5,3.4,238
2023-08-05 04:00:00+00:00,11.9,1.8,233
2023-08-05 05:00:00+00:00,11.6,3.7,119
2023-08-05 06:00:00+00:00,11.8,4.9,126
2023-08-05 07:00:00+00:00,12.2,11.8,121
2023-08-05 08:00:00+00:00,13.0,14.4,127
2023-08-05 09:00:00+00:00,12.8,13.4,117
2023-08-05 10:00:00+00:00,12.6,12.2,104
2023-08-05 11:00:00+00:00,12.4,11.6,68
2023-08-05 12:00:00+00:00,13.0,14.8,61
2023-08-05 13:00:00+00:00,13.0,16.3,43
2023-08-05 14:00:00+00:00,12.7,15.1,33
2023-08-05 15:00:00+00:00,13.0,14.3,18
2023-08-05 16:00:00+00:00,12.9,14.5,6
2023-08-05 17:00:00+00:00,12.7,17.2,349
2023-08-05 18:00:00+00:00,12.2,19.2,343
2023-08-05 19:00:00+00:00,11.9,24.2,355
2023-08-05 20:00:00+00:00,11.8,24.5,346
2023-08-05 21:00:00+00:00,11.4,24.0,341
2023-08-05 22:00:00+00:00,11.0,22.2,335
2023-08-05 23:00:00+00:00,10.8,20.8,332
2023-08-06 00:00:00+00:00,10.9,17.3,324
2023-08-06 01:00:00+00:00,10.8,15.9,322
2023-08-06 02:00:00+00:00,10.5,14.0,312
2023-08-06 03:00:00+00:00,10.2,13.1,307
2023-08-06 04:00:00+00:00,10.0,12.0,309
2023-08-06 05:00:00+00:00,10.0,11.6,306
2023-08-06 06:00:00+00:00,11.2,12.8,310
2023-08-06 07:00:00+00:00,12.7,11.5,314
2023-08-06 08:00:00+00:00,13.7,14.5,330
2023-08-06 09:00:00+00:00,14.7,15.6,337
2023-08-06 10:00:00+00:00,15.2,16.9,333
2023-08-06 11:00:00+00:00,15.5,15.9,327
2023-08-06 12:00:00+00:00,16.5,13.9,343
2023-08-06 13:00:00+00:00,15.9,13.3,327
2023-08-06 14:00:00+00:00,16.5,14.1,310
2023-08-06 15:00:00+00:00,15.0,13.9,301
2023-08-06 16:00:00+00:00,16.6,16.2,307
2023-08-06 17:00:00+00:00,15.9,14.7,332
2023-08-06 18:00:00+00:00,14.9,14.0,314
2023-08-06 19:00:00+00:00,14.4,11.6,306
2023-08-06 20:00:00+00:00,12.9,10.4,304
2023-08-06 21:00:00+00:00,12.3,11.6,292
2023-08-06 22:00:00+00:00,12.0,12.5,288
2023-08-06 23:00:00+00:00,11.9,13.2,287
2023-08-07 00:00:00+00:00,11.9,14.5,284
2023-08-07 01:00:00+00:00,11.8,14.4,283
2023-08-07 02:00:00+00:00,11.8,15.2,284
2023-08-07 03:00:00+00:00,12.1,17.9,285
2023-08-07 04:00:00+00:00,12.1,19.0,289
2023-08-07 05:00:00+00:00,12.0,19.6,287
2023-08-07 06:00:00+00:00,12.6,18.0,286
2023-08-07 07:00:00+00:00,13.5,19.7,288
2023-08-07 08:00:00+00:00,14.6,18.7,289
2023-08-07 09:00:00+00:00,15.7,20.3,290
2023-08-07 10:00:00+00:00,16.5,20.9,289
2023-08-07 11:00:00+00:00,17.3,21.5,288
2023-08-07 12:00:00+00:00,17.8,21.1,279
2023-08-07 13:00:00+00:00,17.3,21.1,278
2023-08-07 14:00:00+00:00,16.8,21.7,276
2023-08-07 15:00:00+00:00,16.8,21.3,275
2023-08-07 16:00:00+00:00,17.0,22.0,274
2023-08-07 17:00:00+00:00,16.2,20.9,274
2023-08-07 18:00:00+00:00,15.4,19.2,276
2023-08-07 19:00:00+00:00,14.3,16.6,275
2023-08-07 20:00:00+00:00,13.1,16.0,278
2023-08-07 21:00:00+00:00,12.7,17.3,275
2023-08-07 22:00:00+00:00,12.8,20.9,274
2023-08-07 23:00:00+00:00,12.7,21.3,268
2023-08-08 00:00:00+00:00,12.3,21.3,267
2023-08-08 01:00:00+00:00,12.2,22.0,271
2023-08-08 02:00:00+00:00,12.4,20.9,272
2023-08-08 03:00:00+00:00,12.7,19.4,270
2023-08-08 04:00:00+00:00,12.7,18.0,270
2023-08-08 05:00:00+00:00,12.9,16.9,272
2023-08-08 06:00:00+00:00,13.2,15.9,275
2023-08-08 07:00:00+00:00,14.1,18.8,282
2023-08-08 08:00:00+00:00,15.3,15.2,284
2023-08-08 09:00:00+00:00,16.1,16.9,286
2023-08-08 10:00:00+00:00,17.2,17.4,283
2023-08-08 11:00:00+00:00,17.8,17.9,279
2023-08-08 12:00:00+00:00,18.4,18.0,270
2023-08-08 13:00:00+00:00,18.2,17.3,268
2023-08-08 14:00:00+00:00,18.4,17.6,270
2023-08-08 15:00:00+00:00,18.6,19.6,277
2023-08-08 16:00:00+00:00,18.1,18.4,282
2023-08-08 17:00:00+00:00,17.4,17.9,289
2023-08-08 18:00:00+00:00,16.3,16.2,287
2023-08-08 19:00:00+00:00,14.9,13.5,295
2023-08-08 20:00:00+00:00,13.4,13.1,286
2023-08-08 21:00:00+00:00,12.8,14.0,288
2023-08-08 22:00:00+00:00,12.4,14.9,285
2023-08-08 23:00:00+00:00,11.9,14.2,279
2023-08-09 00:00:00+00:00,11.6,14.4,273
2023-08-09 01:00:00+00:00,11.7,15.9,274
2023-08-09 02:00:00+00:00,12.0,15.2,275
2023-08-09 03:00:00+00:00,11.8,14.4,274
2023-08-09 04:00:00+00:00,11.8,14.8,274
2023-08-09 05:00:00+00:00,11.8,12.6,272
2023-08-09 06:00:00+00:00,13.1,14.0,271
2023-08-09 07:00:00+00:00,14.7,14.8,270
2023-08-09 08:00:00+00:00,15.7,16.2,274
2023-08-09 09:00:00+00:00,17.2,19.1,286
2023-08-09 10:00:00+00:00,17.6,16.3,284
2023-08-09 11:00:00+00:00,18.6,15.3,279
2023-08-09 12:00:00+00:00,19.3,15.1,273
2023-08-09 13:00:00+00:00,19.9,16.2,267
2023-08-09 14:00:00+00:00,20.3,15.5,270
2023-08-09 15:00:00+00:00,20.4,14.4,273
2023-08-09 16:00:00+00:00,20.7,12.6,273
2023-08-09 17:00:00+00:00,21.0,11.5,270
2023-08-09 18:00:00+00:00,21.0,6.0,253
2023-08-09 19:00:00+00:00,19.7,4.2,200
2023-08-09 20:00:00+00:00,18.0,6.1,208
2023-08-09 21:00:00+00:00,17.7,4.0,243
2023-08-09 22:00:00+00:00,17.3,4.5,256
2023-08-09 23:00:00+00:00,17.3,3.6,264
2023-08-10 00:00:00+00:00,14.7,3.6,264
2023-08-10 01:00:00+00:00,15.4,4.1,255
2023-08-10 02:00:00+00:00,14.8,5.8,240
2023-08-10 03:00:00+00:00,15.2,5.0,249
2023-08-10 04:00:00+00:00,15.1,4.9,253
2023-08-10 05:00:00+00:00,15.2,4.0,265
2023-08-10 06:00:00+00:00,16.9,7.2,233
2023-08-10 07:00:00+00:00,19.3,6.4,207
2023-08-10 08:00:00+00:00,20.8,7.6,188
2023-08-10 09:00:00+00:00,21.7,9.4,176
2023-08-10 10:00:00+00:00,22.6,13.3,182
2023-08-10 11:00:00+00:00,23.1,14.4,180
2023-08-10 12:00:00+00:00,24.6,16.2,177
2023-08-10 13:00:00+00:00,24.3,15.6,173
2023-08-10 14:00:00+00:00,24.8,16.0,172
2023-08-10 15:00:00+00:00,24.5,17.1,173
2023-08-10 16:00:00+00:00,24.0,18.4,183
2023-08-10 17:00:00+00:00,24.5,9.3,167
2023-08-10 18:00:00+00:00,24.1,14.8,179
2023-08-10 19:00:00+00:00,22.6,13.3,183
2023-08-10 20:00:00+00:00,21.0,10.4,180
2023-08-10 21:00:00+00:00,20.4,12.8,202
2023-08-10 22:00:00+00:00,20.1,15.8,201
2023-08-10 23:00:00+00:00,19.2,15.8,201
2023-08-11 00:00:00+00:00,19.1,15.3,199
2023-08-11 01:00:00+00:00,18.1,17.1,208
2023-08-11 02:00:00+00:00,18.2,18.7,208
2023-08-11 03:00:00+00:00,17.8,19.7,215
2023-08-11 04:00:00+00:00,17.8,20.9,221
2023-08-11 05:00:00+00:00,17.9,20.9,228
2023-08-11 06:00:00+00:00,18.2,20.2,230
2023-08-11 07:00:00+00:00,18.3,20.4,238
2023-08-11 08:00:00+00:00,18.3,20.3,240
2023-08-11 09:00:00+00:00,18.8,18.8,234
2023-08-11 10:00:00+00:00,19.9,20.3,233
2023-08-11 11:00:00+00:00,20.7,21.0,232
2023-08-11 12:00:00+00:00,21.6,22.5,230
2023-08-11 13:00:00+00:00,21.7,23.7,228
2023-08-11 14:00:00+00:00,21.7,24.2,223
2023-08-11 15:00:00+00:00,21.6,24.0,223
2023-08-11 16:00:00+00:00,21.7,25.0,223
2023-08-11 17:00:00+00:00,21.0,21.2,220
2023-08-11 18:00:00+00:00,20.1,16.9,220
2023-08-11 19:00:00+00:00,18.9,14.9,212
2023-08-11 20:00:00+00:00,17.9,14.8,214
2023-08-11 21:00:00+00:00,17.1,13.8,213
2023-08-11 22:00:00+00:00,16.3,14.8,209
2023-08-11 23:00:00+00:00,15.5,14.8,209
2023-08-12 00:00:00+00:00,15.1,15.9,208
2023-08-12 01:00:00+00:00,14.7,17.6,211
2023-08-12 02:00:00+00:00,14.5,17.6,211
2023-08-12 03:00:00+00:00,14.4,17.1,210
2023-08-12 04:00:00+00:00,14.2,16.6,207
2023-08-12 05:00:00+00:00,14.1,17.4,202
2023-08-12 06:00:00+00:00,15.2,22.8,201
2023-08-12 07:00:00+00:00,15.2,24.1,200
2023-08-12 08:00:00+00:00,16.4,23.6,201
2023-08-12 09:00:00+00:00,18.0,27.1,209
2023-08-12 10:00:00+00:00,18.6,26.1,206
2023-08-12 11:00:00+00:00,20.0,27.2,209
2023-08-12 12:00:00+00:00,19.0,27.1,213
2023-08-12 13:00:00+00:00,20.3,26.1,213
2023-08-12 14:00:00+00:00,19.2,25.7,222
2023-08-12 15:00:00+00:00,19.7,29.3,225
2023-08-12 16:00:00+00:00,19.0,27.2,231
2023-08-12 17:00:00+00:00,18.4,26.3,228
2023-08-12 18:00:00+00:00,18.0,23.2,229
2023-08-12 19:00:00+00:00,17.3,21.0,231
2023-08-12 20:00:00+00:00,16.5,20.1,227
2023-08-12 21:00:00+00:00,15.9,20.4,226
2023-08-12 22:00:00+00:00,15.5,20.9,228
2023-08-12 23:00:00+00:00,15.0,20.2,229
2023-08-13 00:00:00+00:00,14.8,20.6,226
2023-08-13 01:00:00+00:00,14.5,20.1,224
2023-08-13 02:00:00+00:00,14.2,20.1,224
2023-08-13 03:00:00+00:00,14.6,19.6,226
2023-08-13 04:00:00+00:00,14.4,19.4,222
2023-08-13 05:00:00+00:00,14.5,19.4,222
2023-08-13 06:00:00+00:00,14.5,18.1,223
2023-08-13 07:00:00+00:00,15.1,22.7,223
2023-08-13 08:00:00+00:00,16.3,24.7,227
2023-08-13 09:00:00+00:00,16.8,22.7,226
2023-08-13 10:00:00+00:00,17.7,22.2,228
2023-08-13 11:00:00+00:00,18.9,24.2,229
2023-08-13 12:00:00+00:00,18.1,21.9,234
2023-08-13 13:00:00+00:00,19.1,24.5,234
2023-08-13 14:00:00+00:00,19.2,23.6,231
2023-08-13 15:00:00+00:00,19.4,25.9,235
2023-08-13 16:00:00+00:00,18.7,24.9,233
2023-08-13 17:00:00+00:00,18.2,20.6,234
2023-08-13 18:00:00+00:00,17.9,17.1,228
2023-08-13 19:00:00+00:00,17.0,11.5,221
2023-08-13 20:00:00+00:00,15.9,10.4,214
2023-08-13 21:00:00+00:00,15.2,10.1,215
2023-08-13 22:00:00+00:00,15.4,10.0,206
2023-08-13 23:00:00+00:00,15.0,10.8,201
2023-08-14 00:00:00+00:00,15.1,12.8,191
2023-08-14 01:00:00+00:00,14.9,14.7,191
2023-08-14 02:00:00+00:00,15.0,13.8,195
2023-08-14 03:00:00+00:00,14.8,13.4,185
2023-08-14 04:00:00+00:00,14.7,11.3,173
2023-08-14 05:00:00+00:00,14.7,12.0,173
2023-08-14 06:00:00+00:00,15.0,12.7,172
2023-08-14 07:00:00+00:00,15.5,15.2,176
2023-08-14 08:00:00+00:00,16.0,15.8,180
2023-08-14 09:00:00+00:00,16.6,14.6,170
2023-08-14 10:00:00+00:00,17.0,22.0,178
2023-08-14 11:00:00+00:00,18.4,21.6,191
2023-08-14 12:00:00+00:00,16.9,17.9,165
2023-08-14 13:00:00+00:00,18.3,24.4,188
2023-08-14 14:00:00+00:00,18.6,24.8,193
2023-08-14 15:00:00+00:00,19.8,24.1,194
2023-08-14 16:00:00+00:00,20.2,21.6,198
2023-08-14 17:00:00+00:00,19.5,20.7,219
2023-08-14 18:00:00+00:00,17.9,22.4,251
2023-08-14 19:00:00+00:00,16.6,26.1,252
2023-08-14 20:00:00+00:00,15.9,28.2,256
2023-08-14 21:00:00+00:00,15.6,28.1,254
2023-08-14 22:00:00+00:00,15.4,27.6,255
2023-08-14 23:00:00+00:00,15.3,25.8,257
2023-08-15 00:00:00+00:00,14.9,22.4,265
2023-08-15 01:00:00+00:00,14.4,21.0,264
2023-08-15 02:00:00+00:00,14.3,20.8,261
2023-08-15 03:00:00+00:00,13.9,20.3,263
2023-08-15 04:00:00+00:00,13.8,19.5,265
2023-08-15 05:00:00+00:00,13.9,18.8,265
2023-08-15 06:00:00+00:00,14.5,19.4,270
2023-08-15 07:00:00+00:00,15.4,18.8,273
2023-08-15 08:00:00+00:00,16.8,19.5,274
2023-08-15 09:00:00+00:00,17.8,18.4,272
2023-08-15 10:00:00+00:00,18.8,16.6,270
2023-08-15 11:00:00+00:00,19.1,15.5,270
2023-08-15 12:00:00+00:00,19.6,16.2,269
2023-08-15 13:00:00+00:00,20.0,16.9,271
2023-08-15 14:00:00+00:00,19.8,16.3,275
2023-08-15 15:00:00+00:00,19.6,15.3,279
2023-08-15 16:00:00+00:00,19.4,14.5,277
2023-08-15 17:00:00+00:00,18.7,14.8,276
2023-08-15 18:00:00+00:00,17.8,13.0,273
2023-08-15 19:00:00+00:00,16.5,9.9,280
2023-08-15 20:00:00+00:00,15.0,10.1,287
2023-08-15 21:00:00+00:00,14.2,9.3,283
2023-08-15 22:00:00+00:00,13.5,7.6,275
2023-08-15 23:00:00+00:00,13.1,6.5,267
2023-08-16 00:00:00+00:00,12.6,5.4,262
2023-08-16 01:00:00+00:00,12.0,5.4,262
2023-08-16 02:00:00+00:00,11.8,6.2,263
2023-08-16 03:00:00+00:00,11.9,7.2,264
2023-08-16 04:00:00+00:00,12.0,8.0,275
2023-08-16 05:00:00+00:00,12.6,6.9,276
2023-08-16 06:00:00+00:00,13.0,6.7,286
2023-08-16 07:00:00+00:00,14.0,4.8,297
2023-08-16 08:00:00+00:00,15.9,4.1,322
2023-08-16 09:00:00+00:00,17.4,4.1,345
2023-08-16 10:00:00+00:00,18.2,3.0,14
2023-08-16 11:00:00+00:00,18.7,3.8,41
2023-08-16 12:00:00+00:00,19.3,4.6,45
2023-08-16 13:00:00+00:00,19.6,2.2,81
2023-08-16 14:00:00+00:00,19.9,1.8,233
2023-08-16 15:00:00+00:00,20.1,6.2,260
2023-08-16 16:00:00+00:00,20.4,5.0,291
2023-08-16 17:00:00+00:00,20.0,2.9,7
2023-08-16 18:00:00+00:00,19.9,1.6,27
2023-08-16 19:00:00+00:00,19.6,3.3,6
2023-08-16 20:00:00+00:00,16.1,6.5,6
2023-08-16 21:00:00+00:00,15.3,6.0,17
2023-08-16 22:00:00+00:00,15.0,6.0,33
2023-08-16 23:00:00+00:00,15.0,5.8,60
2023-08-17 00:00:00+00:00,13.8,6.6,45
2023-08-17 01:00:00+00:00,14.1,3.8,41
2023-08-17 02:00:00+00:00,12.9,4.8,27
2023-08-17 03:00:00+00:00,13.2,4.8,27
2023-08-17 04:00:00+00:00,13.6,6.2,36
2023-08-17 05:00:00+00:00,13.6,6.2,54
2023-08-17 06:00:00+00:00,14.3,7.9,74
2023-08-17 07:00:00+00:00,14.9,14.1,96
2023-08-17 08:00:00+00:00,15.7,15.6,105
2023-08-17 09:00:00+00:00,17.1,17.2,106
2023-08-17 10:00:00+00:00,18.5,17.7,107
2023-08-17 11:00:00+00:00,19.4,19.0,109
2023-08-17 12:00:00+00:00,19.2,18.4,107
2023-08-17 13:00:00+00:00,19.9,18.8,102
2023-08-17 14:00:00+00:00,20.1,19.7,98
2023-08-17 15:00:00+00:00,20.0,21.0,97
2023-08-17 16:00:00+00:00,19.6,20.5,90
2023-08-17 17:00:00+00:00,18.4,20.9,90
2023-08-17 18:00:00+00:00,17.2,18.8,86
2023-08-17 19:00:00+00:00,16.3,17.6,79
2023-08-17 20:00:00+00:00,15.2,16.5,79
2023-08-17 21:00:00+00:00,14.4,16.2,77
2023-08-17 22:00:00+00:00,13.6,15.0,79
2023-08-17 23:00:00+00:00,13.7,14.9,83
2023-08-18 00:00:00+00:00,13.6,14.0,72
2023-08-18 01:00:00+00:00,13.6,15.5,72
2023-08-18 02:00:00+00:00,13.6,14.2,74
2023-08-18 03:00:00+00:00,13.4,14.3,72
2023-08-18 04:00:00+00:00,13.4,15.4,69
2023-08-18 05:00:00+00:00,13.4,14.6,70
2023-08-18 06:00:00+00:00,13.9,14.9,75
2023-08-18 07:00:00+00:00,14.6,18.4,79
2023-08-18 08:00:00+00:00,15.5,19.1,79
2023-08-18 09:00:00+00:00,16.1,21.2,89
2023-08-18 10:00:00+00:00,17.1,18.6,99
2023-08-18 11:00:00+00:00,18.0,20.3,102
2023-08-18 12:00:00+00:00,17.2,23.5,101
2023-08-18 13:00:00+00:00,17.2,16.9,89
2023-08-18 14:00:00+00:00,17.1,21.4,98
2023-08-18 15:00:00+00:00,17.4,23.2,97
2023-08-18 16:00:00+00:00,18.0,23.3,103
2023-08-18 17:00:00+00:00,17.9,21.1,104
2023-08-18 18:00:00+00:00,17.8,18.4,94
2023-08-18 19:00:00+00:00,17.4,19.1,90
2023-08-18 20:00:00+00:00,16.8,20.2,95
2023-08-18 21:00:00+00:00,16.5,16.8,100
2023-08-18 22:00:00+00:00,16.5,16.5,106
2023-08-18 23:00:00+00:00,16.9,16.9,124
2023-08-19 00:00:00+00:00,16.9,18.6,131
2023-08-19 01:00:00+00:00,17.2,17.8,135
2023-08-19 02:00:00+00:00,18.4,23.3,158
2023-08-19 03:00:00+00:00,18.6,23.1,178
2023-08-19 04:00:00+00:00,17.5,22.3,190
2023-08-19 05:00:00+00:00,16.5,21.0,196
2023-08-19 06:00:00+00:00,16.8,24.3,192
2023-08-19 07:00:00+00:00,17.3,25.8,195
2023-08-19 08:00:00+00:00,18.3,25.7,202
2023-08-19 09:00:00+00:00,18.8,32.5,211
2023-08-19 10:00:00+00:00,20.0,30.7,214
2023-08-19 11:00:00+00:00,20.8,31.8,219
2023-08-19 12:00:00+00:00,20.7,28.0,217
2023-08-19 13:00:00+00:00,20.7,27.9,216
2023-08-19 14:00:00+00:00,21.7,29.2,218
2023-08-19 15:00:00+00:00,21.8,28.6,216
2023-08-19 16:00:00+00:00,21.2,27.1,220
2023-08-19 17:00:00+00:00,20.9,23.0,221
2023-08-19 18:00:00+00:00,20.1,18.9,220
2023-08-19 19:00:00+00:00,18.8,17.7,219
2023-08-19 20:00:00+00:00,17.8,16.7,217
2023-08-19 21:00:00+00:00,17.0,17.5,217
2023-08-19 22:00:00+00:00,16.4,17.9,220
2023-08-19 23:00:00+00:00,15.7,17.8,222
2023-08-20 00:00:00+00:00,15.4,19.1,216
2023-08-20 01:00:00+00:00,14.9,18.8,223
2023-08-20 02:00:00+00:00,14.5,18.4,230
2023-08-20 03:00:00+00:00,14.2,19.5,231
2023-08-20 04:00:00+00:00,14.2,20.1,234
2023-08-20 05:00:00+00:00,14.4,19.0,233
2023-08-20 06:00:00+00:00,14.8,19.6,229
2023-08-20 07:00:00+00:00,15.6,21.9,229
2023-08-20 08:00:00+00:00,17.0,22.0,230
2023-08-20 09:00:00+00:00,18.2,20.7,230
2023-08-20 10:00:00+00:00,19.1,20.1,226
2023-08-20 11:00:00+00:00,20.0,19.2,218
2023-08-20 12:00:00+00:00,20.5,19.4,220
2023-08-20 13:00:00+00:00,20.7,21.1,223
2023-08-20 14:00:00+00:00,20.7,20.7,230
2023-08-20 15:00:00+00:00,20.9,18.3,234
2023-08-20 16:00:00+00:00,20.9,16.4,237
2023-08-20 17:00:00+00:00,20.7,14.9,238
2023-08-20 18:00:00+00:00,19.9,10.9,236
2023-08-20 19:00:00+00:00,17.9,7.1,225
2023-08-20 20:00:00+00:00,16.4,7.7,229
2023-08-20 21:00:00+00:00,15.9,9.6,236
2023-08-20 22:00:00+00:00,15.8,12.1,243
2023-08-20 23:00:00+00:00,15.1,10.9,243
2023-08-21 00:00:00+00:00,14.7,13.2,244
2023-08-21 01:00:00+00:00,14.1,13.5,236
2023-08-21 02:00:00+00:00,13.8,14.8,236
2023-08-21 03:00:00+00:00,13.4,15.6,241
2023-08-21 04:00:00+00:00,13.2,16.9,241
2023-08-21 05:00:00+00:00,13.0,15.4,237
2023-08-21 06:00:00+00:00,13.7,16.0,234
2023-08-21 07:00:00+00:00,15.1,16.9,230
2023-08-21 08:00:00+00:00,16.5,17.3,228
2023-08-21 09:00:00+00:00,17.9,19.1,226
2023-08-21 10:00:00+00:00,19.0,21.1,226
2023-08-21 11:00:00+00:00,20.1,23.2,224
2023-08-21 12:00:00+00:00,20.1,23.2,216
2023-08-21 13:00:00+00:00,20.6,24.8,213
2023-08-21 14:00:00+00:00,20.9,26.3,213
2023-08-21 15:00:00+00:00,20.8,24.9,219
2023-08-21 16:00:00+00:00,20.1,22.3,218
2023-08-21 17:00:00+00:00,20.2,21.0,218
2023-08-21 18:00:00+00:00,19.7,20.1,216
2023-08-21 19:00:00+00:00,18.9,18.5,217
2023-08-21 20:00:00+00:00,18.4,20.6,223
2023-08-21 21:00:00+00:00,17.6,20.6,223
2023-08-21 22:00:00+00:00,17.3,20.1,223
2023-08-21 23:00:00+00:00,16.5,19.2,220
2023-08-22 00:00:00+00:00,16.1,17.8,216
2023-08-22 01:00:00+00:00,16.3,17.7,218
2023-08-22 02:00:00+00:00,16.5,19.4,222
2023-08-22 03:00:00+00:00,16.4,18.6,224
2023-08-22 04:00:00+00:00,16.2,19.1,229
2023-08-22 05:00:00+00:00,16.0,18.4,230
2023-08-22 06:00:00+00:00,16.0,18.2,231
2023-08-22 07:00:00+00:00,16.3,19.0,233
2023-08-22 08:00:00+00:00,17.0,23.1,236
2023-08-22 09:00:00+00:00,17.7,25.8,242
2023-08-22 10:00:00+00:00,18.9,27.1,245
2023-08-22 11:00:00+00:00,19.0,25.5,247
2023-08-22 12:00:00+00:00,19.8,27.4,240
2023-08-22 13:00:00+00:00,20.4,27.5,244
2023-08-22 14:00:00+00:00,20.0,25.3,247
2023-08-22 15:00:00+00:00,19.9,23.2,251
2023-08-22 16:00:00+00:00,19.5,20.2,254
2023-08-22 17:00:00+00:00,18.5,15.2,265
2023-08-22 18:00:00+00:00,17.8,13.0,273
2023-08-22 19:00:00+00:00,16.9,9.7,270
2023-08-22 20:00:00+00:00,15.9,9.0,270
2023-08-22 21:00:00+00:00,15.4,9.2,259
2023-08-22 22:00:00+00:00,14.8,10.2,247
2023-08-22 23:00:00+00:00,14.8,11.4,252
2023-08-23 00:00:00+00:00,14.8,11.8,247
2023-08-23 01:00:00+00:00,14.7,11.3,248
2023-08-23 02:00:00+00:00,14.4,10.2,252
2023-08-23 03:00:00+00:00,14.1,9.4,247
2023-08-23 04:00:00+00:00,14.3,9.4,252
2023-08-23 05:00:00+00:00,14.4,8.1,249
2023-08-23 06:00:00+00:00,14.5,7.4,241
2023-08-23 07:00:00+00:00,15.3,9.0,241
2023-08-23 08:00:00+00:00,15.5,7.9,227
2023-08-23 09:00:00+00:00,15.6,9.2,219
2023-08-23 10:00:00+00:00,16.4,11.5,224
2023-08-23 11:00:00+00:00,18.7,15.1,220
2023-08-23 12:00:00+00:00,19.2,16.1,230
2023-08-23 13:00:00+00:00,20.3,16.1,241
2023-08-23 14:00:00+00:00,20.3,14.2,234
2023-08-23 15:00:00+00:00,20.7,14.0,228
2023-08-23 16:00:00+00:00,20.3,12.3,220
2023-08-23 17:00:00+00:00,19.8,14.2,216
2023-08-23 18:00:00+00:00,19.5,9.8,197
2023-08-23 19:00:00+00:00,18.3,8.6,195
2023-08-23 20:00:00+00:00,18.2,10.2,198
2023-08-23 21:00:00+00:00,18.0,10.6,198
2023-08-23 22:00:00+00:00,16.8,8.9,207
2023-08-23 23:00:00+00:00,16.8,8.2,218
2023-08-24 00:00:00+00:00,17.0,5.7,215
2023-08-24 01:00:00+00:00,15.6,6.4,223
2023-08-24 02:00:00+00:00,16.2,6.9,227
2023-08-24 03:00:00+00:00,15.8,6.6,225
2023-08-24 04:00:00+00:00,15.7,7.9,227
2023-08-24 05:00:00+00:00,16.2,7.9,231
2023-08-24 06:00:00+00:00,15.6,8.2,229
2023-08-24 07:00:00+00:00,16.9,9.0,233
2023-08-24 08:00:00+00:00,17.8,11.1,241
2023-08-24 09:00:00+00:00,18.8,12.8,248
2023-08-24 10:00:00+00:00,19.4,14.5,256
2023-08-24 11:00:00+00:00,18.7,13.7,268
2023-08-24 12:00:00+00:00,19.6,13.7,265
2023-08-24 13:00:00+00:00,19.8,14.9,263
2023-08-24 14:00:00+00:00,19.8,16.9,271
2023-08-24 15:00:00+00:00,18.7,16.1,280
2023-08-24 16:00:00+00:00,18.4,16.0,279
2023-08-24 17:00:00+00:00,17.3,16.7,289
2023-08-24 18:00:00+00:00,16.0,13.7,284
2023-08-24 19:00:00+00:00,14.4,11.4,281
2023-08-24 20:00:00+00:00,12.9,10.9,278
2023-08-24 21:00:00+00:00,12.0,11.2,276
2023-08-24 22:00:00+00:00,11.5,10.1,274
2023-08-24 23:00:00+00:00,11.4,11.9,275
2023-08-25 00:00:00+00:00,11.4,11.5,274
2023-08-25 01:00:00+00:00,11.3,11.5,272
2023-08-25 02:00:00+00:00,11.4,11.7,259
2023-08-25 03:00:00+00:00,11.3,11.0,259
2023-08-25 04:00:00+00:00,11.3,10.8,255
2023-08-25 05:00:00+00:00,11.2,10.0,249
2023-08-25 06:00:00+00:00,11.6,10.3,241
2023-08-25 07:00:00+00:00,13.4,13.2,248
2023-08-25 08:00:00+00:00,14.9,13.6,248
2023-08-25 09:00:00+00:00,16.0,17.2,254
2023-08-25 10:00:00+00:00,16.5,15.6,247
2023-08-25 11:00:00+00:00,16.7,16.4,244
2023-08-25 12:00:00+00:00,17.0,15.6,247
2023-08-25 13:00:00+00:00,16.8,15.6,247
2023-08-25 14:00:00+00:00,16.8,13.9,249
2023-08-25 15:00:00+00:00,16.1,14.1,266
2023-08-25 16:00:00+00:00,15.7,15.2,263
2023-08-25 17:00:00+00:00,15.2,12.0,261
2023-08-25 18:00:00+00:00,14.9,11.3,253
2023-08-25 19:00:00+00:00,13.8,11.1,257
2023-08-25 20:00:00+00:00,12.8,10.0,257
2023-08-25 21:00:00+00:00,12.0,9.9,251
2023-08-25 22:00:00+00:00,11.7,10.2,252
2023-08-25 23:00:00+00:00,11.5,12.5,258
2023-08-26 00:00:00+00:00,11.6,11.8,247
2023-08-26 01:00:00+00:00,11.4,10.5,248
2023-08-26 02:00:00+00:00,11.4,9.7,239
2023-08-26 03:00:00+00:00,11.3,9.0,233
2023-08-26 04:00:00+00:00,10.7,5.9,232
2023-08-26 05:00:00+00:00,10.7,7.7,233
2023-08-26 06:00:00+00:00,11.5,9.9,237
2023-08-26 07:00:00+00:00,12.7,13.4,243
2023-08-26 08:00:00+00:00,13.8,15.6,247
2023-08-26 09:00:00+00:00,15.0,14.0,244
2023-08-26 10:00:00+00:00,15.7,11.8,247
2023-08-26 11:00:00+00:00,16.4,10.4,256
2023-08-26 12:00:00+00:00,16.6,9.4,293
2023-08-26 13:00:00+00:00,16.3,9.0,307
2023-08-26 14:00:00+00:00,16.4,5.4,323
2023-08-26 15:00:00+00:00,15.6,12.8,322
2023-08-26 16:00:00+00:00,16.4,8.4,310
2023-08-26 17:00:00+00:00,16.6,8.5,324
2023-08-26 18:00:00+00:00,15.7,4.8,333
2023-08-26 19:00:00+00:00,13.5,5.9,313
2023-08-26 20:00:00+00:00,13.0,7.7,311
2023-08-26 21:00:00+00:00,12.1,7.1,294
2023-08-26 22:00:00+00:00,11.6,9.2,301
2023-08-26 23:00:00+00:00,11.3,8.6,303
2023-08-27 00:00:00+00:00,10.7,7.8,292
2023-08-27 01:00:00+00:00,10.3,6.4,286
2023-08-27 02:00:00+00:00,10.0,6.6,283
2023-08-27 03:00:00+00:00,10.1,7.7,281
2023-08-27 04:00:00+00:00,10.3,8.0,280
2023-08-27 05:00:00+00:00,10.2,8.3,272
2023-08-27 06:00:00+00:00,10.7,9.4,266
2023-08-27 07:00:00+00:00,12.7,12.3,267
2023-08-27 08:00:00+00:00,13.9,11.9,265
2023-08-27 09:00:00+00:00,15.5,13.3,273
2023-08-27 10:00:00+00:00,16.1,14.1,289
2023-08-27 11:00:00+00:00,16.8,16.6,292
2023-08-27 12:00:00+00:00,15.2,25.0,282
2023-08-27 13:00:00+00:00,15.1,23.7,284
2023-08-27 14:00:00+00:00,16.3,25.5,283
2023-08-27 15:00:00+00:00,15.8,25.8,282
2023-08-27 16:00:00+00:00,15.8,24.1,284
2023-08-27 17:00:00+00:00,15.1,21.4,287
2023-08-27 18:00:00+00:00,14.6,19.7,294
2023-08-27 19:00:00+00:00,13.8,19.8,295
2023-08-27 20:00:00+00:00,13.3,20.1,294
2023-08-27 21:00:00+00:00,13.0,18.4,293
2023-08-27 22:00:00+00:00,12.8,16.5,293
2023-08-27 23:00:00+00:00,12.5,15.0,291
2023-08-28 00:00:00+00:00,12.0,13.4,284
2023-08-28 01:00:00+00:00,12.5,13.2,287
2023-08-28 02:00:00+00:00,12.3,12.6,290
2023-08-28 03:00:00+00:00,12.4,13.1,291
2023-08-28 04:00:00+00:00,12.1,13.2,292
2023-08-28 05:00:00+00:00,12.0,13.4,294
2023-08-28 06:00:00+00:00,12.6,14.8,299
2023-08-28 07:00:00+00:00,13.3,14.7,306
2023-08-28 08:00:00+00:00,14.0,13.6,307
2023-08-28 09:00:00+00:00,15.2,13.8,311
2023-08-28 10:00:00+00:00,16.0,15.0,312
2023-08-28 11:00:00+00:00,17.1,16.6,312
2023-08-28 12:00:00+00:00,16.6,16.7,295
2023-08-28 13:00:00+00:00,17.1,17.9,292
2023-08-28 14:00:00+00:00,17.6,18.5,299
2023-08-28 15:00:00+00:00,16.7,19.7,294
2023-08-28 16:00:00+00:00,16.1,18.0,290
2023-08-28 17:00:00+00:00,15.6,15.9,288
2023-08-28 18:00:00+00:00,15.1,13.6,282
2023-08-28 19:00:00+00:00,13.8,11.6,277
2023-08-28 20:00:00+00:00,13.2,12.7,277
2023-08-28 21:00:00+00:00,13.0,12.6,270
2023-08-28 22:00:00+00:00,13.0,13.3,272
2023-08-28 23:00:00+00:00,12.7,11.7,261
2023-08-29 00:00:00+00:00,12.3,9.3,254
2023-08-29 01:00:00+00:00,12.6,9.8,253
2023-08-29 02:00:00+00:00,13.4,10.7,250
2023-08-29 03:00:00+00:00,13.7,10.3,241
2023-08-29 04:00:00+00:00,13.0,9.1,236
2023-08-29 05:00:00+00:00,12.2,8.6,237
2023-08-29 06:00:00+00:00,13.1,10.8,240
2023-08-29 07:00:00+00:00,14.4,14.8,244
2023-08-29 08:00:00+00:00,15.0,15.5,242
2023-08-29 09:00:00+00:00,15.6,17.4,246
2023-08-29 10:00:00+00:00,16.8,19.9,253
2023-08-29 11:00:00+00:00,17.2,21.4,263
2023-08-29 12:00:00+00:00,17.8,17.8,263
2023-08-29 13:00:00+00:00,17.3,17.3,265
2023-08-29 14:00:00+00:00,17.8,19.4,269
2023-08-29 15:00:00+00:00,17.4,20.2,274
2023-08-29 16:00:00+00:00,17.0,20.0,284
2023-08-29 17:00:00+00:00,16.1,18.7,286
2023-08-29 18:00:00+00:00,15.0,17.7,287
2023-08-29 19:00:00+00:00,13.5,15.5,283
2023-08-29 20:00:00+00:00,12.7,15.9,283
2023-08-29 21:00:00+00:00,12.4,16.7,277
2023-08-29 22:00:00+00:00,12.4,16.9,272
2023-08-29 23:00:00+00:00,12.2,18.8,275
2023-08-30 00:00:00+00:00,12.2,18.1,277
2023-08-30 01:00:00+00:00,11.9,17.1,277
2023-08-30 02:00:00+00:00,11.8,16.3,275
2023-08-30 03:00:00+00:00,12.2,17.1,278
2023-08-30 04:00:00+00:00,11.6,18.2,279
2023-08-30 05:00:00+00:00,10.9,18.0,273
2023-08-30 06:00:00+00:00,11.3,18.4,274
2023-08-30 07:00:00+00:00,11.9,18.2,279
2023-08-30 08:00:00+00:00,12.8,21.4,287
2023-08-30 09:00:00+00:00,14.5,21.4,297
2023-08-30 10:00:00+00:00,15.5,19.6,302
2023-08-30 11:00:00+00:00,16.3,19.0,307
2023-08-30 12:00:00+00:00,16.8,18.9,310
2023-08-30 13:00:00+00:00,17.2,18.8,306
2023-08-30 14:00:00+00:00,17.3,18.9,309
2023-08-30 15:00:00+00:00,17.1,20.6,306
2023-08-30 16:00:00+00:00,16.6,20.4,306
2023-08-30 17:00:00+00:00,15.6,18.3,302
2023-08-30 18:00:00+00:00,14.9,15.3,297
2023-08-30 19:00:00+00:00,13.5,12.9,288
2023-08-30 20:00:00+00:00,12.9,12.8,280
2023-08-30 21:00:00+00:00,12.4,13.4,276
2023-08-30 22:00:00+00:00,11.8,10.5,278
2023-08-30 23:00:00+00:00,10.9,8.3,270
2023-08-31 00:00:00+00:00,11.0,8.6,270
2023-08-31 01:00:00+00:00,10.4,7.9,270
2023-08-31 02:00:00+00:00,9.8,7.2,267
2023-08-31 03:00:00+00:00,9.5,6.2,263
2023-08-31 04:00:00+00:00,9.0,5.2,258
2023-08-31 05:00:00+00:00,8.3,3.6,264
2023-08-31 06:00:00+00:00,8.8,3.6,264
2023-08-31 07:00:00+00:00,11.6,4.7,247
2023-08-31 08:00:00+00:00,13.8,2.6,164
2023-08-31 09:00:00+00:00,15.0,6.6,158
2023-08-31 10:00:00+00:00,16.1,8.1,159
2023-08-31 11:00:00+00:00,17.2,10.6,162
2023-08-31 12:00:00+00:00,17.2,11.6,158
2023-08-31 13:00:00+00:00,17.5,12.1,153
2023-08-31 14:00:00+00:00,17.3,14.0,154
2023-08-31 15:00:00+00:00,16.9,12.3,159
2023-08-31 16:00:00+00:00,16.5,14.1,161
2023-08-31 17:00:00+00:00,15.8,13.7,175
2023-08-31 18:00:00+00:00,15.1,10.6,170
2023-08-31 19:00:00+00:00,14.2,11.3,173
2023-08-31 20:00:00+00:00,13.7,9.2,169
2023-08-31 21:00:00+00:00,13.6,3.4,148
2023-08-31 22:00:00+00:00,13.4,5.9,101
2023-08-31 23:00:00+00:00,13.2,6.9,133
2023-09-01 00:00:00+00:00,13.3,4.2,110
2023-09-01 01:00:00+00:00,13.4,6.0,115
2023-09-01 02:00:00+00:00,13.4,6.9,129
2023-09-01 03:00:00+00:00,13.5,5.7,125
2023-09-01 04:00:00+00:00,13.5,4.0,117
2023-09-01 05:00:00+00:00,13.4,3.6,96
2023-09-01 06:00:00+00:00,13.5,4.5,76
2023-09-01 07:00:00+00:00,13.7,5.8,60
2023-09-01 08:00:00+00:00,13.9,6.8,65
2023-09-01 09:00:00+00:00,14.3,7.1,75
2023-09-01 10:00:00+00:00,15.3,6.9,84
2023-09-01 11:00:00+00:00,16.5,8.3,95
2023-09-01 12:00:00+00:00,17.0,9.2,79
2023-09-01 13:00:00+00:00,17.3,9.1,83
2023-09-01 14:00:00+00:00,17.8,8.4,83
2023-09-01 15:00:00+00:00,18.4,6.8,72
2023-09-01 16:00:00+00:00,18.7,6.8,65
2023-09-01 17:00:00+00:00,18.7,6.7,54
2023-09-01 18:00:00+00:00,17.8,8.9,43
2023-09-01 19:00:00+00:00,16.4,12.5,49
2023-09-01 20:00:00+00:00,15.8,10.6,62
2023-09-01 21:00:00+00:00,15.4,10.5,63
2023-09-01 22:00:00+00:00,14.7,9.0,53
2023-09-01 23:00:00+00:00,14.2,8.1,45
2023-09-02 00:00:00+00:00,14.3,8.2,38
2023-09-02 01:00:00+00:00,14.3,7.3,33
2023-09-02 02:00:00+00:00,14.2,7.9,30
2023-09-02 03:00:00+00:00,14.1,8.2,41
2023-09-02 04:00:00+00:00,13.9,7.2,53
2023-09-02 05:00:00+00:00,13.8,5.7,55
2023-09-02 06:00:00+00:00,13.9,5.4,42
2023-09-02 07:00:00+00:00,14.2,6.1,40
2023-09-02 08:00:00+00:00,14.7,6.4,63
2023-09-02 09:00:00+00:00,15.7,7.9,74
2023-09-02 10:00:00+00:00,17.4,8.7,85
2023-09-02 11:00:00+00:00,18.2,7.8,103
2023-09-02 12:00:00+00:00,19.5,4.2,70
2023-09-02 13:00:00+00:00,20.0,3.7,119
2023-09-02 14:00:00+00:00,20.5,4.0,153
2023-09-02 15:00:00+00:00,20.8,4.0,175
2023-09-02 16:00:00+00:00,20.9,4.7,189
2023-09-02 17:00:00+00:00,20.6,3.3,186
2023-09-02 18:00:00+00:00,19.8,2.2,171
2023-09-02 19:00:00+00:00,18.5,6.2,216
2023-09-02 20:00:00+00:00,16.3,5.8,263
2023-09-02 21:00:00+00:00,15.7,4.3,265
2023-09-02 22:00:00+00:00,13.5,5.6,255
2023-09-02 23:00:00+00:00,13.0,6.3,239
2023-09-03 00:00:00+00:00,13.4,6.8,238
2023-09-03 01:00:00+00:00,13.0,5.4,250
2023-09-03 02:00:00+00:00,13.0,6.2,260
2023-09-03 03:00:00+00:00,12.5,7.9,254
2023-09-03 04:00:00+00:00,12.7,8.2,255
2023-09-03 05:00:00+00:00,12.4,8.8,251
2023-09-03 06:00:00+00:00,13.3,9.2,249
2023-09-03 07:00:00+00:00,15.7,9.8,246
2023-09-03 08:00:00+00:00,18.4,8.5,234
2023-09-03 09:00:00+00:00,19.9,10.3,234
2023-09-03 10:00:00+00:00,20.9,10.9,236
2023-09-03 11:00:00+00:00,21.3,11.1,241
2023-09-03 12:00:00+00:00,22.4,11.1,241
2023-09-03 13:00:00+00:00,22.8,11.0,232
2023-09-03 14:00:00+00:00,23.0,10.8,233
2023-09-03 15:00:00+00:00,23.0,11.0,232
2023-09-03 16:00:00+00:00,22.8,10.7,230
2023-09-03 17:00:00+00:00,22.2,7.1,229
2023-09-03 18:00:00+00:00,20.7,5.1,225
2023-09-03 19:00:00+00:00,20.3,1.3,304
2023-09-03 20:00:00+00:00,19.1,1.0,315
2023-09-03 21:00:00+00:00,17.8,0.8,297
2023-09-03 22:00:00+00:00,18.2,0.8,297
2023-09-03 23:00:00+00:00,17.7,2.9,270
2023-09-04 00:00:00+00:00,15.7,4.3,360
2023-09-04 01:00:00+00:00,16.8,3.1,339
2023-09-04 02:00:00+00:00,16.7,2.2,261
2023-09-04 03:00:00+00:00,15.1,4.0,265
2023-09-04 04:00:00+00:00,14.0,5.4,250
2023-09-04 05:00:00+00:00,13.1,6.9,242
2023-09-04 06:00:00+00:00,14.2,5.5,247
2023-09-04 07:00:00+00:00,16.9,7.7,229
2023-09-04 08:00:00+00:00,19.1,5.7,198
2023-09-04 09:00:00+00:00,20.6,6.8,183
2023-09-04 10:00:00+00:00,21.8,8.7,173
2023-09-04 11:00:00+00:00,22.8,10.0,167
2023-09-04 12:00:00+00:00,24.0,9.1,162
2023-09-04 13:00:00+00:00,24.6,8.7,156
2023-09-04 14:00:00+00:00,24.9,7.7,152
2023-09-04 15:00:00+00:00,25.0,7.7,143
2023-09-04 16:00:00+00:00,24.8,8.1,135
2023-09-04 17:00:00+00:00,24.3,6.3,121
2023-09-04 18:00:00+00:00,22.1,5.8,97
2023-09-04 19:00:00+00:00,18.9,10.2,98
2023-09-04 20:00:00+00:00,17.8,9.9,109
2023-09-04 21:00:00+00:00,18.0,8.7,128
2023-09-04 22:00:00+00:00,19.1,5.4,127
2023-09-04 23:00:00+00:00,18.3,3.7,119
2023-09-05 00:00:00+00:00,18.3,2.1,329
2023-09-05 01:00:00+00:00,17.9,1.8,349
2023-09-05 02:00:00+00:00,17.4,3.0,14
2023-09-05 03:00:00+00:00,13.3,6.7,16
2023-09-05 04:00:00+00:00,13.3,5.1,8
2023-09-05 05:00:00+00:00,13.3,6.5,360
2023-09-05 06:00:00+00:00,13.5,7.2,3
2023-09-05 07:00:00+00:00,14.9,7.5,17
2023-09-05 08:00:00+00:00,16.6,7.1,30
2023-09-05 09:00:00+00:00,18.0,9.2,39
2023-09-05 10:00:00+00:00,19.5,11.5,39
2023-09-05 11:00:00+00:00,21.0,14.5,44
2023-09-05 12:00:00+00:00,22.7,16.4,50
2023-09-05 13:00:00+00:00,23.5,17.7,61
2023-09-05 14:00:00+00:00,23.6,18.5,66
2023-09-05 15:00:00+00:00,23.2,18.9,66
2023-09-05 16:00:00+00:00,22.5,17.4,68
2023-09-05 17:00:00+00:00,21.5,14.8,67
2023-09-05 18:00:00+00:00,19.9,12.9,60
2023-09-05 19:00:00+00:00,17.9,10.0,49
2023-09-05 20:00:00+00:00,16.5,8.0,36
2023-09-05 21:00:00+00:00,15.4,7.1,24
2023-09-05 22:00:00+00:00,14.8,7.0,12
2023-09-05 23:00:00+00:00,14.3,7.2,3
2023-09-06 00:00:00+00:00,14.0,7.9,360
2023-09-06 01:00:00+00:00,14.1,8.3,360
2023-09-06 02:00:00+00:00,14.5,8.3,358
2023-09-06 03:00:00+00:00,14.5,7.6,355
2023-09-06 04:00:00+00:00,14.5,6.8,357
2023-09-06 05:00:00+00:00,14.4,6.5,354
2023-09-06 06:00:00+00:00,14.4,4.5,331
2023-09-06 07:00:00+00:00,15.5,3.2,333
2023-09-06 08:00:00+00:00,17.1,3.3,41
2023-09-06 09:00:00+00:00,18.7,2.6,74
2023-09-06 10:00:00+00:00,20.5,2.5,98
2023-09-06 11:00:00+00:00,22.1,4.1,105
2023-09-06 12:00:00+00:00,23.0,4.3,132
2023-09-06 13:00:00+00:00,24.3,4.8,153
2023-09-06 14:00:00+00:00,25.1,6.4,164
2023-09-06 15:00:00+00:00,25.3,5.4,160
2023-09-06 16:00:00+00:00,25.2,5.6,153
2023-09-06 17:00:00+00:00,24.4,5.4,143
2023-09-06 18:00:00+00:00,22.7,4.3,114
2023-09-06 19:00:00+00:00,22.5,5.9,137
2023-09-06 20:00:00+00:00,22.2,3.8,197
2023-09-06 21:00:00+00:00,21.7,3.4,238
2023-09-06 22:00:00+00:00,21.5,2.6,254
2023-09-06 23:00:00+00:00,20.8,3.3,193
2023-09-07 00:00:00+00:00,20.3,2.2,279
2023-09-07 01:00:00+00:00,20.2,3.3,13
2023-09-07 02:00:00+00:00,19.9,2.5,225
2023-09-07 03:00:00+00:00,19.3,1.5,346
2023-09-07 04:00:00+00:00,16.6,6.6,351
2023-09-07 05:00:00+00:00,16.7,6.6,22
2023-09-07 06:00:00+00:00,16.1,4.7,360
2023-09-07 07:00:00+00:00,17.5,6.6,22
2023-09-07 08:00:00+00:00,19.3,4.5,14
2023-09-07 09:00:00+00:00,20.9,4.3,42
2023-09-07 10:00:00+00:00,22.2,5.6,45
2023-09-07 11:00:00+00:00,23.2,7.1,49
2023-09-07 12:00:00+00:00,24.5,9.0,74
2023-09-07 13:00:00+00:00,25.6,10.2,72
2023-09-07 14:00:00+00:00,26.1,10.5,68
2023-09-07 15:00:00+00:00,26.1,11.4,62
2023-09-07 16:00:00+00:00,25.8,10.8,60
2023-09-07 17:00:00+00:00,24.6,9.5,53
2023-09-07 18:00:00+00:00,22.6,9.5,53
2023-09-07 19:00:00+00:00,20.6,7.2,53
2023-09-07 20:00:00+00:00,18.7,6.0,17
2023-09-07 21:00:00+00:00,18.2,5.9,349
2023-09-07 22:00:00+00:00,17.3,7.0,348
2023-09-07 23:00:00+00:00,16.5,7.4,337
2023-09-08 00:00:00+00:00,15.7,7.3,340
2023-09-08 01:00:00+00:00,15.5,8.4,329
2023-09-08 02:00:00+00:00,15.2,6.8,328
2023-09-08 03:00:00+00:00,14.8,3.8,311
2023-09-08 04:00:00+00:00,14.7,1.9,292
2023-09-08 05:00:00+00:00,14.2,1.1,288
2023-09-08 06:00:00+00:00,14.4,1.5,284
2023-09-08 07:00:00+00:00,16.7,1.5,346
2023-09-08 08:00:00+00:00,18.2,2.9,83
2023-09-08 09:00:00+00:00,19.5,3.2,90
2023-09-08 10:00:00+00:00,20.4,3.1,111
2023-09-08 11:00:00+00:00,21.1,4.2,160
2023-09-08 12:00:00+00:00,23.6,6.3,156
2023-09-08 13:00:00+00:00,25.2,7.9,177
2023-09-08 14:00:00+00:00,26.2,7.3,200
2023-09-08 15:00:00+00:00,26.7,7.4,223
2023-09-08 16:00:00+00:00,26.6,8.0,243
2023-09-08 17:00:00+00:00,25.9,6.7,254
2023-09-08 18:00:00+00:00,23.7,4.7,266
2023-09-08 19:00:00+00:00,20.6,6.2,277
2023-09-08 20:00:00+00:00,19.4,3.6,270
2023-09-08 21:00:00+00:00,19.8,2.5,270
2023-09-08 22:00:00+00:00,19.6,2.2,261
2023-09-08 23:00:00+00:00,18.5,2.5,270
2023-09-09 00:00:00+00:00,19.2,4.3,265
2023-09-09 01:00:00+00:00,19.4,4.8,257
2023-09-09 02:00:00+00:00,19.1,3.6,264
2023-09-09 03:00:00+00:00,18.7,4.0,270
2023-09-09 04:00:00+00:00,18.1,4.0,275
2023-09-09 05:00:00+00:00,17.9,2.5,270
2023-09-09 06:00:00+00:00,18.2,2.5,278
2023-09-09 07:00:00+00:00,20.1,4.0,270
2023-09-09 08:00:00+00:00,23.0,2.5,225
2023-09-09 09:00:00+00:00,24.6,0.4,180
2023-09-09 10:00:00+00:00,25.5,3.3,13
2023-09-09 11:00:00+00:00,26.1,2.5,8
2023-09-09 12:00:00+00:00,27.0,3.2,63
2023-09-09 13:00:00+00:00,27.3,3.3,77
2023-09-09 14:00:00+00:00,27.4,5.4,110
2023-09-09 15:00:00+00:00,27.1,6.2,144
2023-09-09 16:00:00+00:00,24.4,7.1,229
2023-09-09 17:00:00+00:00,23.6,3.1,36
2023-09-09 18:00:00+00:00,22.9,1.6,63
2023-09-09 19:00:00+00:00,22.4,2.6,286
2023-09-09 20:00:00+00:00,19.9,5.4,312
2023-09-09 21:00:00+00:00,21.1,1.1,288
2023-09-09 22:00:00+00:00,19.2,4.0,280
2023-09-09 23:00:00+00:00,19.4,3.7,281
2023-09-10 00:00:00+00:00,18.3,5.1,309
2023-09-10 01:00:00+00:00,18.0,7.7,332
2023-09-10 02:00:00+00:00,18.5,6.6,338
2023-09-10 03:00:00+00:00,18.4,4.9,306
2023-09-10 04:00:00+00:00,19.3,4.1,308
2023-09-10 05:00:00+00:00,17.3,7.6,352
2023-09-10 06:00:00+00:00,17.5,5.6,345
2023-09-10 07:00:00+00:00,19.5,6.5,354
2023-09-10 08:00:00+00:00,21.0,3.8,17
2023-09-10 09:00:00+00:00,22.1,4.4,55
2023-09-10 10:00:00+00:00,23.1,4.5,61
2023-09-10 11:00:00+00:00,24.4,5.4,94
2023-09-10 12:00:00+00:00,23.4,8.8,99
2023-09-10 13:00:00+00:00,23.6,6.6,241
2023-09-10 14:00:00+00:00,21.6,4.8,77
2023-09-10 15:00:00+00:00,21.7,6.0,163
2023-09-10 16:00:00+00:00,22.0,3.0,194
2023-09-10 17:00:00+00:00,21.8,6.4,153
2023-09-10 18:00:00+00:00,21.0,5.2,168
2023-09-10 19:00:00+00:00,19.4,5.3,208
2023-09-10 20:00:00+00:00,19.5,7.1,204
2023-09-10 21:00:00+00:00,19.8,12.2,199
2023-09-10 22:00:00+00:00,19.5,15.7,212
2023-09-10 23:00:00+00:00,18.6,14.3,231
2023-09-11 00:00:00+00:00,17.9,16.9,241
2023-09-11 01:00:00+00:00,17.8,16.6,236
2023-09-11 02:00:00+00:00,17.8,17.2,237
2023-09-11 03:00:00+00:00,17.7,18.5,241
2023-09-11 04:00:00+00:00,17.7,19.9,248
2023-09-11 05:00:00+00:00,17.8,19.8,245
2023-09-11 06:00:00+00:00,17.5,19.0,243
2023-09-11 07:00:00+00:00,17.9,17.7,241
2023-09-11 08:00:00+00:00,18.6,17.7,246
2023-09-11 09:00:00+00:00,19.7,19.6,250
2023-09-11 10:00:00+00:00,20.3,18.3,248
2023-09-11 11:00:00+00:00,21.1,16.8,242
2023-09-11 12:00:00+00:00,21.5,13.4,239
2023-09-11 13:00:00+00:00,21.4,12.1,240
2023-09-11 14:00:00+00:00,20.3,10.1,266
2023-09-11 15:00:00+00:00,21.2,11.2,266
2023-09-11 16:00:00+00:00,19.9,14.8,273
2023-09-11 17:00:00+00:00,19.4,12.4,287
2023-09-11 18:00:00+00:00,18.6,8.6,285
2023-09-11 19:00:00+00:00,17.7,6.4,297
2023-09-11 20:00:00+00:00,17.2,3.9,304
2023-09-11 21:00:00+00:00,15.9,5.4,318
2023-09-11 22:00:00+00:00,16.4,3.4,328
2023-09-11 23:00:00+00:00,16.5,2.6,326
2023-09-12 00:00:00+00:00,16.6,2.8,40
2023-09-12 01:00:00+00:00,16.2,6.6,45
2023-09-12 02:00:00+00:00,15.7,7.9,39
2023-09-12 03:00:00+00:00,15.3,10.0,30
2023-09-12 04:00:00+00:00,15.0,10.5,22
2023-09-12 05:00:00+00:00,14.7,10.6,18
2023-09-12 06:00:00+00:00,14.7,11.8,23
2023-09-12 07:00:00+00:00,14.7,14.8,26
2023-09-12 08:00:00+00:00,14.7,14.9,20
2023-09-12 09:00:00+00:00,14.7,16.9,24
2023-09-12 10:00:00+00:00,14.6,16.4,26
2023-09-12 11:00:00+00:00,14.6,14.7,25
2023-09-12 12:00:00+00:00,14.3,21.1,27
2023-09-12 13:00:00+00:00,14.9,19.3,29
2023-09-12 14:00:00+00:00,14.8,20.3,30
2023-09-12 15:00:00+00:00,14.4,21.1,25
2023-09-12 16:00:00+00:00,14.0,20.7,23
2023-09-12 17:00:00+00:00,13.8,20.7,20
2023-09-12 18:00:00+00:00,13.6,19.5,16
2023-09-12 19:00:00+00:00,13.3,19.5,19
2023-09-12 20:00:00+00:00,13.2,19.1,11
2023-09-12 21:00:00+00:00,12.9,18.6,10
2023-09-12 22:00:00+00:00,12.0,17.4,7
2023-09-12 23:00:00+00:00,11.2,15.5,1
2023-09-13 00:00:00+00:00,10.5,15.9,354
2023-09-13 01:00:00+00:00,10.2,15.2,355
2023-09-13 02:00:00+00:00,9.9,14.2,351
2023-09-13 03:00:00+00:00,9.8,13.6,348
2023-09-13 04:00:00+00:00,9.6,13.8,345
2023-09-13 05:00:00+00:00,9.4,13.7,346
2023-09-13 06:00:00+00:00,9.4,13.9,350
2023-09-13 07:00:00+00:00,10.5,14.5,353
2023-09-13 08:00:00+00:00,11.9,13.0,358
2023-09-13 09:00:00+00:00,13.3,12.2,14
2023-09-13 10:00:00+00:00,14.5,13.5,48
2023-09-13 11:00:00+00:00,15.2,10.1,73
2023-09-13 12:00:00+00:00,15.5,7.2,108
2023-09-13 13:00:00+00:00,16.2,7.4,137
2023-09-13 14:00:00+00:00,16.2,8.5,152
2023-09-13 15:00:00+00:00,16.5,10.4,160
2023-09-13 16:00:00+00:00,16.5,10.9,174
2023-09-13 17:00:00+00:00,16.0,9.0,175
2023-09-13 18:00:00+00:00,14.9,8.4,187
2023-09-13 19:00:00+00:00,13.5,7.4,203
2023-09-13 20:00:00+00:00,13.1,8.1,201
2023-09-13 21:00:00+00:00,12.7,9.1,187
2023-09-13 22:00:00+00:00,12.2,10.1,180
2023-09-13 23:00:00+00:00,12.6,12.0,187
2023-09-14 00:00:00+00:00,13.9,16.9,200
2023-09-14 01:00:00+00:00,14.0,17.7,207
2023-09-14 02:00:00+00:00,14.0,18.5,217
2023-09-14 03:00:00+00:00,13.7,20.0,218
2023-09-14 04:00:00+00:00,13.1,17.5,217
2023-09-14 05:00:00+00:00,13.0,17.7,219
2023-09-14 06:00:00+00:00,13.4,18.1,224
2023-09-14 07:00:00+00:00,14.0,18.3,227
2023-09-14 08:00:00+00:00,14.5,15.8,229
2023-09-14 09:00:00+00:00,15.5,15.9,237
2023-09-14 10:00:00+00:00,15.7,12.9,234
2023-09-14 11:00:00+00:00,16.0,11.7,225
2023-09-14 12:00:00+00:00,17.2,11.6,234
2023-09-14 13:00:00+00:00,18.0,12.7,235
2023-09-14 14:00:00+00:00,18.5,13.6,233
2023-09-14 15:00:00+00:00,18.4,13.4,234
2023-09-14 16:00:00+00:00,18.3,11.7,223
2023-09-14 17:00:00+00:00,17.5,11.1,205
2023-09-14 18:00:00+00:00,16.5,9.1,189
2023-09-14 19:00:00+00:00,15.9,6.5,199
2023-09-14 20:00:00+00:00,15.7,3.4,198
2023-09-14 21:00:00+00:00,15.6,3.4,162
2023-09-14 22:00:00+00:00,15.6,5.6,165
2023-09-14 23:00:00+00:00,15.6,7.0,168
2023-09-15 00:00:00+00:00,15.2,2.1,149
2023-09-15 01:00:00+00:00,15.2,4.8,167
2023-09-15 02:00:00+00:00,15.3,7.2,180
2023-09-15 03:00:00+00:00,15.4,9.1,187
2023-09-15 04:00:00+00:00,15.3,9.4,198
2023-09-15 05:00:00+00:00,14.8,8.6,202
2023-09-15 06:00:00+00:00,14.7,9.3,208
2023-09-15 07:00:00+00:00,14.8,10.0,210
2023-09-15 08:00:00+00:00,15.2,10.7,213
2023-09-15 09:00:00+00:00,16.8,9.3,196
2023-09-15 10:00:00+00:00,18.0,10.1,186
2023-09-15 11:00:00+00:00,19.1,11.5,182
2023-09-15 12:00:00+00:00,19.2,9.5,155
2023-09-15 13:00:00+00:00,19.5,10.1,163
2023-09-15 14:00:00+00:00,19.7,11.7,169
2023-09-15 15:00:00+00:00,19.8,10.4,178
2023-09-15 16:00:00+00:00,20.6,7.7,169
2023-09-15 17:00:00+00:00,19.8,7.7,169
2023-09-15 18:00:00+00:00,17.8,6.2,201
2023-09-15 19:00:00+00:00,18.4,2.5,278
2023-09-15 20:00:00+00:00,15.5,3.3,311
2023-09-15 21:00:00+00:00,15.1,4.5,331
2023-09-15 22:00:00+00:00,15.2,6.8,357
2023-09-15 23:00:00+00:00,14.7,9.3,344
2023-09-16 00:00:00+00:00,14.2,12.0,344
2023-09-16 01:00:00+00:00,13.6,12.0,351
2023-09-16 02:00:00+00:00,13.3,12.0,351
2023-09-16 03:00:00+00:00,13.3,13.7,355
2023-09-16 04:00:00+00:00,13.4,15.9,355
2023-09-16 05:00:00+00:00,13.3,16.5,349
2023-09-16 06:00:00+00:00,13.3,16.7,354
2023-09-16 07:00:00+00:00,13.5,19.1,3
2023-09-16 08:00:00+00:00,14.1,20.5,11
2023-09-16 09:00:00+00:00,14.6,19.5,12
2023-09-16 10:00:00+00:00,15.5,20.1,15
2023-09-16 11:00:00+00:00,16.9,19.8,19
2023-09-16 12:00:00+00:00,16.9,17.2,33
2023-09-16 13:00:00+00:00,17.4,17.6,31
2023-09-16 14:00:00+00:00,17.0,18.7,23
2023-09-16 15:00:00+00:00,16.8,19.4,18
2023-09-16 16:00:00+00:00,16.1,19.9,13
2023-09-16 17:00:00+00:00,15.8,18.3,15
2023-09-16 18:00:00+00:00,15.4,18.8,17
2023-09-16 19:00:00+00:00,14.9,18.5,21
2023-09-16 20:00:00+00:00,14.6,17.9,25
2023-09-16 21:00:00+00:00,14.4,16.3,31
2023-09-16 22:00:00+00:00,14.2,14.0,35
2023-09-16 23:00:00+00:00,14.1,14.6,40
2023-09-17 00:00:00+00:00,14.0,14.1,40
2023-09-17 01:00:00+00:00,13.9,14.2,36
2023-09-17 02:00:00+00:00,13.8,13.0,42
2023-09-17 03:00:00+00:00,13.7,12.7,43
2023-09-17 04:00:00+00:00,13.7,15.0,48
2023-09-17 05:00:00+00:00,13.7,15.3,56
2023-09-17 06:00:00+00:00,13.8,14.5,60
2023-09-17 07:00:00+00:00,14.0,13.2,61
2023-09-17 08:00:00+00:00,14.3,12.4,60
2023-09-17 09:00:00+00:00,15.9,19.3,81
2023-09-17 10:00:00+00:00,17.4,20.0,98
2023-09-17 11:00:00+00:00,18.5,18.8,97
2023-09-17 12:00:00+00:00,18.6,19.3,104
2023-09-17 13:00:00+00:00,19.1,19.8,106
2023-09-17 14:00:00+00:00,19.2,21.6,108
2023-09-17 15:00:00+00:00,18.3,21.2,111
2023-09-17 16:00:00+00:00,17.7,20.2,109
2023-09-17 17:00:00+00:00,16.9,16.2,94
2023-09-17 18:00:00+00:00,16.0,15.1,89
2023-09-17 19:00:00+00:00,15.6,14.0,91
2023-09-17 20:00:00+00:00,15.3,10.2,100
2023-09-17 21:00:00+00:00,15.3,10.2,129
2023-09-17 22:00:00+00:00,16.2,13.8,160
2023-09-17 23:00:00+00:00,16.3,11.2,165
2023-09-18 00:00:00+00:00,16.2,9.4,157
2023-09-18 01:00:00+00:00,15.8,13.0,166
2023-09-18 02:00:00+00:00,15.7,16.8,189
2023-09-18 03:00:00+00:00,15.4,15.9,219
2023-09-18 04:00:00+00:00,15.1,15.4,233
2023-09-18 05:00:00+00:00,15.1,11.2,222
2023-09-18 06:00:00+00:00,14.9,14.1,232
2023-09-18 07:00:00+00:00,15.4,19.0,233
2023-09-18 08:00:00+00:00,15.6,17.3,223
2023-09-18 09:00:00+00:00,16.5,26.0,228
2023-09-18 10:00:00+00:00,16.9,23.7,229
2023-09-18 11:00:00+00:00,15.8,25.9,254
2023-09-18 12:00:00+00:00,14.2,21.1,279
2023-09-18 13:00:00+00:00,14.2,21.2,269
2023-09-18 14:00:00+00:00,14.8,27.2,276
2023-09-18 15:00:00+00:00,13.8,25.2,272
2023-09-18 16:00:00+00:00,13.9,24.9,267
2023-09-18 17:00:00+00:00,13.3,23.7,261
2023-09-18 18:00:00+00:00,12.1,22.7,255
2023-09-18 19:00:00+00:00,11.3,17.9,255
2023-09-18 20:00:00+00:00,11.6,21.2,249
2023-09-18 21:00:00+00:00,11.2,21.3,254
2023-09-18 22:00:00+00:00,10.6,24.1,260
2023-09-18 23:00:00+00:00,11.0,23.5,255
2023-09-19 00:00:00+00:00,11.2,25.1,246
2023-09-19 01:00:00+00:00,11.6,25.1,243
2023-09-19 02:00:00+00:00,12.0,26.3,241
2023-09-19 03:00:00+00:00,12.1,25.6,231
2023-09-19 04:00:00+00:00,11.7,25.5,223
2023-09-19 05:00:00+00:00,11.6,19.0,207
2023-09-19 06:00:00+00:00,12.1,26.8,204
2023-09-19 07:00:00+00:00,13.1,34.0,210
2023-09-19 08:00:00+00:00,14.3,41.4,219
2023-09-19 09:00:00+00:00,15.5,42.7,230
2023-09-19 10:00:00+00:00,16.4,41.6,237
2023-09-19 11:00:00+00:00,17.4,42.8,239
2023-09-19 12:00:00+00:00,17.6,41.2,234
2023-09-19 13:00:00+00:00,17.4,40.7,231
2023-09-19 14:00:00+00:00,18.0,38.5,233
2023-09-19 15:00:00+00:00,18.1,32.6,229
2023-09-19 16:00:00+00:00,17.6,31.6,224
2023-09-19 17:00:00+00:00,17.3,33.6,227
2023-09-19 18:00:00+00:00,17.1,32.3,226
2023-09-19 19:00:00+00:00,17.3,33.4,226
2023-09-19 20:00:00+00:00,16.7,33.4,226
2023-09-19 21:00:00+00:00,16.4,32.8,224
2023-09-19 22:00:00+00:00,16.8,31.5,216
2023-09-19 23:00:00+00:00,17.2,33.0,216
2023-09-20 00:00:00+00:00,17.1,34.7,215
2023-09-20 01:00:00+00:00,16.9,37.2,216
2023-09-20 02:00:00+00:00,17.0,37.0,214
2023-09-20 03:00:00+00:00,17.0,38.7,213
2023-09-20 04:00:00+00:00,16.7,39.4,211
2023-09-20 05:00:00+00:00,16.8,39.2,209
2023-09-20 06:00:00+00:00,16.8,39.2,203
2023-09-20 07:00:00+00:00,16.7,36.6,205
2023-09-20 08:00:00+00:00,16.8,35.1,201
2023-09-20 09:00:00+00:00,16.5,37.5,198
2023-09-20 10:00:00+00:00,16.6,36.9,197
2023-09-20 11:00:00+00:00,17.0,33.5,204
2023-09-20 12:00:00+00:00,17.4,38.7,200
2023-09-20 13:00:00+00:00,17.0,28.3,220
2023-09-20 14:00:00+00:00,15.7,25.3,234
2023-09-20 15:00:00+00:00,15.6,23.9,226
2023-09-20 16:00:00+00:00,15.8,21.5,220
2023-09-20 17:00:00+00:00,15.3,18.0,217
2023-09-20 18:00:00+00:00,14.5,15.1,213
2023-09-20 19:00:00+00:00,13.8,15.1,218
2023-09-20 20:00:00+00:00,13.7,17.6,226
2023-09-20 21:00:00+00:00,13.0,20.8,240
2023-09-20 22:00:00+00:00,12.1,20.5,239
2023-09-20 23:00:00+00:00,11.5,19.9,229
2023-09-21 00:00:00+00:00,11.0,17.9,232
2023-09-21 01:00:00+00:00,10.5,17.1,235
2023-09-21 02:00:00+00:00,10.1,16.7,237
2023-09-21 03:00:00+00:00,9.8,15.3,236
2023-09-21 04:00:00+00:00,9.5,12.8,238
2023-09-21 05:00:00+00:00,9.1,11.2,228
2023-09-21 06:00:00+00:00,8.5,10.5,207
2023-09-21 07:00:00+00:00,9.6,14.1,212
2023-09-21 08:00:00+00:00,11.6,10.9,226
2023-09-21 09:00:00+00:00,13.7,12.0,219
2023-09-21 10:00:00+00:00,14.6,17.9,210
2023-09-21 11:00:00+00:00,15.3,19.0,207
2023-09-21 12:00:00+00:00,15.9,16.6,204
2023-09-21 13:00:00+00:00,16.0,15.8,207
2023-09-21 14:00:00+00:00,15.3,15.6,209
2023-09-21 15:00:00+00:00,14.8,16.9,218
2023-09-21 16:00:00+00:00,14.1,14.5,240
2023-09-21 17:00:00+00:00,13.5,9.8,242
2023-09-21 18:00:00+00:00,12.1,5.4,250
2023-09-21 19:00:00+00:00,10.9,5.9,259
2023-09-21 20:00:00+00:00,9.7,6.6,257
2023-09-21 21:00:00+00:00,9.3,5.0,249
2023-09-21 22:00:00+00:00,8.9,4.5,256
2023-09-21 23:00:00+00:00,8.3,6.1,267
2023-09-22 00:00:00+00:00,9.0,6.1,273
2023-09-22 01:00:00+00:00,8.6,7.2,270
2023-09-22 02:00:00+00:00,8.6,8.7,263
2023-09-22 03:00:00+00:00,8.8,9.6,257
2023-09-22 04:00:00+00:00,8.9,11.4,257
2023-09-22 05:00:00+00:00,9.0,12.8,254
2023-09-22 06:00:00+00:00,9.2,14.8,256
2023-09-22 07:00:00+00:00,10.2,17.2,259
2023-09-22 08:00:00+00:00,11.6,18.6,261
2023-09-22 09:00:00+00:00,12.3,20.3,264
2023-09-22 10:00:00+00:00,13.4,19.8,269
2023-09-22 11:00:00+00:00,13.3,18.7,270
2023-09-22 12:00:00+00:00,13.9,19.9,264
2023-09-22 13:00:00+00:00,14.2,18.0,269
2023-09-22 14:00:00+00:00,14.3,21.4,277
2023-09-22 15:00:00+00:00,14.2,22.0,275
2023-09-22 16:00:00+00:00,13.6,22.6,278
2023-09-22 17:00:00+00:00,13.1,22.3,284
2023-09-22 18:00:00+00:00,12.1,21.9,287
2023-09-22 19:00:00+00:00,11.8,21.2,291
2023-09-22 20:00:00+00:00,11.5,20.1,291
2023-09-22 21:00:00+00:00,11.0,18.9,291
2023-09-22 22:00:00+00:00,10.6,17.5,289
2023-09-22 23:00:00+00:00,10.3,16.5,286
2023-09-23 00:00:00+00:00,10.5,15.4,286
2023-09-23 01:00:00+00:00,10.6,13.5,286
2023-09-23 02:00:00+00:00,10.4,13.4,284
2023-09-23 03:00:00+00:00,10.2,12.1,280
2023-09-23 04:00:00+00:00,10.0,11.7,279
2023-09-23 05:00:00+00:00,9.9,10.9,279
2023-09-23 06:00:00+00:00,9.8,9.8,276
2023-09-23 07:00:00+00:00,10.7,9.8,278
2023-09-23 08:00:00+00:00,11.8,9.4,268
2023-09-23 09:00:00+00:00,13.3,10.5,274
2023-09-23 10:00:00+00:00,14.3,13.0,268
2023-09-23 11:00:00+00:00,14.7,14.3,252
2023-09-23 12:00:00+00:00,14.9,15.8,235
2023-09-23 13:00:00+00:00,15.0,17.2,233
2023-09-23 14:00:00+00:00,15.0,17.1,235
2023-09-23 15:00:00+00:00,14.9,16.0,224
2023-09-23 16:00:00+00:00,14.7,16.6,214
2023-09-23 17:00:00+00:00,13.9,13.4,200
2023-09-23 18:00:00+00:00,12.4,11.9,194
2023-09-23 19:00:00+00:00,10.6,9.9,190
2023-09-23 20:00:00+00:00,10.4,13.0,194
2023-09-23 21:00:00+00:00,10.8,16.0,194
2023-09-23 22:00:00+00:00,11.8,19.7,189
2023-09-23 23:00:00+00:00,12.3,21.8,189
2023-09-24 00:00:00+00:00,12.3,23.1,191
2023-09-24 01:00:00+00:00,12.8,26.6,196
2023-09-24 02:00:00+00:00,13.1,27.7,196
2023-09-24 03:00:00+00:00,13.3,27.4,197
2023-09-24 04:00:00+00:00,13.5,24.6,192
2023-09-24 05:00:00+00:00,14.0,24.4,193
2023-09-24 06:00:00+00:00,14.8,25.3,197
2023-09-24 07:00:00+00:00,15.3,25.1,196
2023-09-24 08:00:00+00:00,15.7,23.3,188
2023-09-24 09:00:00+00:00,16.1,25.2,190
2023-09-24 10:00:00+00:00,16.6,25.4,187
2023-09-24 11:00:00+00:00,17.3,30.9,191
2023-09-24 12:00:00+00:00,16.8,25.4,187
2023-09-24 13:00:00+00:00,18.8,34.2,192
2023-09-24 14:00:00+00:00,18.8,29.3,191
2023-09-24 15:00:00+00:00,19.0,31.1,190
2023-09-24 16:00:00+00:00,18.7,32.6,191
2023-09-24 17:00:00+00:00,18.0,32.7,191
2023-09-24 18:00:00+00:00,17.3,32.9,186
2023-09-24 19:00:00+00:00,17.0,34.4,186
2023-09-24 20:00:00+00:00,16.9,36.0,189
2023-09-24 21:00:00+00:00,16.9,37.4,191
2023-09-24 22:00:00+00:00,16.5,33.0,198
2023-09-24 23:00:00+00:00,16.0,27.4,210
2023-09-25 00:00:00+00:00,16.2,27.0,214
2023-09-25 01:00:00+00:00,15.2,22.3,218
2023-09-25 02:00:00+00:00,14.7,23.5,220
2023-09-25 03:00:00+00:00,14.1,23.9,225
2023-09-25 04:00:00+00:00,13.5,22.7,224
2023-09-25 05:00:00+00:00,13.2,21.7,220
2023-09-25 06:00:00+00:00,13.0,21.7,216
2023-09-25 07:00:00+00:00,13.5,23.8,215
2023-09-25 08:00:00+00:00,14.8,27.9,219
2023-09-25 09:00:00+00:00,15.8,29.8,222
2023-09-25 10:00:00+00:00,16.8,30.1,227
2023-09-25 11:00:00+00:00,17.7,24.9,225
2023-09-25 12:00:00+00:00,18.4,23.2,221
2023-09-25 13:00:00+00:00,18.7,25.2,228
2023-09-25 14:00:00+00:00,18.6,25.5,226
2023-09-25 15:00:00+00:00,18.3,21.9,225
2023-09-25 16:00:00+00:00,17.9,17.4,220
2023-09-25 17:00:00+00:00,17.0,13.4,204
2023-09-25 18:00:00+00:00,15.7,11.6,196
2023-09-25 19:00:00+00:00,15.0,11.7,198
2023-09-25 20:00:00+00:00,14.1,11.3,202
2023-09-25 21:00:00+00:00,13.5,11.0,203
2023-09-25 22:00:00+00:00,13.4,12.1,203
2023-09-25 23:00:00+00:00,13.4,12.6,204
2023-09-26 00:00:00+00:00,12.4,10.6,204
2023-09-26 01:00:00+00:00,12.0,10.4,200
2023-09-26 02:00:00+00:00,12.0,12.7,195
2023-09-26 03:00:00+00:00,12.1,13.7,194
2023-09-26 04:00:00+00:00,12.0,15.1,192
2023-09-26 05:00:00+00:00,11.8,14.2,189
2023-09-26 06:00:00+00:00,12.2,14.8,186
2023-09-26 07:00:00+00:00,12.5,14.1,183
2023-09-26 08:00:00+00:00,13.5,16.9,178
2023-09-26 09:00:00+00:00,14.9,19.1,179
2023-09-26 10:00:00+00:00,16.2,24.4,189
2023-09-26 11:00:00+00:00,17.0,23.4,194
2023-09-26 12:00:00+00:00,17.6,19.2,206
2023-09-26 13:00:00+00:00,18.6,26.4,209
2023-09-26 14:00:00+00:00,18.2,30.1,212
2023-09-26 15:00:00+00:00,17.4,26.6,213
2023-09-26 16:00:00+00:00,17.5,24.4,226
2023-09-26 17:00:00+00:00,16.5,21.8,239
2023-09-26 18:00:00+00:00,15.0,18.3,238
2023-09-26 19:00:00+00:00,13.8,14.5,226
2023-09-26 20:00:00+00:00,14.4,16.5,226
2023-09-26 21:00:00+00:00,13.5,15.5,226
2023-09-26 22:00:00+00:00,12.9,16.5,226
2023-09-26 23:00:00+00:00,12.5,18.6,227
2023-09-27 00:00:00+00:00,12.6,17.3,228
2023-09-27 01:00:00+00:00,12.0,14.6,232
2023-09-27 02:00:00+00:00,12.0,11.8,232
2023-09-27 03:00:00+00:00,12.0,8.7,225
2023-09-27 04:00:00+00:00,11.4,7.7,217
2023-09-27 05:00:00+00:00,11.6,8.2,203
2023-09-27 06:00:00+00:00,11.6,10.2,198
2023-09-27 07:00:00+00:00,11.7,10.1,178
2023-09-27 08:00:00+00:00,12.5,10.8,159
2023-09-27 09:00:00+00:00,14.0,13.5,155
2023-09-27 10:00:00+00:00,14.5,14.7,149
2023-09-27 11:00:00+00:00,15.7,23.2,154
2023-09-27 12:00:00+00:00,16.4,25.0,153
2023-09-27 13:00:00+00:00,16.9,21.0,142
2023-09-27 14:00:00+00:00,16.8,26.3,158
2023-09-27 15:00:00+00:00,16.9,26.7,153
2023-09-27 16:00:00+00:00,17.0,27.4,147
2023-09-27 17:00:00+00:00,17.0,29.2,160
2023-09-27 18:00:00+00:00,17.0,32.6,164
2023-09-27 19:00:00+00:00,16.5,35.4,185
2023-09-27 20:00:00+00:00,15.5,32.6,193
2023-09-27 21:00:00+00:00,15.6,34.9,199
2023-09-27 22:00:00+00:00,15.5,36.7,206
2023-09-27 23:00:00+00:00,15.2,35.5,214
2023-09-28 00:00:00+00:00,15.5,36.4,225
2023-09-28 01:00:00+00:00,15.0,34.4,227
2023-09-28 02:00:00+00:00,15.1,31.3,225
2023-09-28 03:00:00+00:00,15.3,29.0,232
2023-09-28 04:00:00+00:00,14.8,26.1,232
2023-09-28 05:00:00+00:00,14.2,27.2,235
2023-09-28 06:00:00+00:00,13.4,23.4,233
2023-09-28 07:00:00+00:00,13.5,19.9,226
2023-09-28 08:00:00+00:00,14.6,20.9,225
2023-09-28 09:00:00+00:00,15.2,26.0,225
2023-09-28 10:00:00+00:00,15.2,23.7,226
2023-09-28 11:00:00+00:00,15.1,21.6,224
2023-09-28 12:00:00+00:00,15.1,20.8,214
2023-09-28 13:00:00+00:00,15.4,25.0,213
2023-09-28 14:00:00+00:00,15.3,23.9,201
2023-09-28 15:00:00+00:00,15.1,22.3,201
2023-09-28 16:00:00+00:00,14.9,20.1,190
2023-09-28 17:00:00+00:00,14.7,17.2,190
2023-09-28 18:00:00+00:00,14.1,16.9,192
2023-09-28 19:00:00+00:00,13.8,17.7,192
2023-09-28 20:00:00+00:00,14.0,18.5,193
2023-09-28 21:00:00+00:00,13.8,18.0,192
2023-09-28 22:00:00+00:00,13.8,15.4,191
2023-09-28 23:00:00+00:00,13.7,13.1,196
2023-09-29 00:00:00+00:00,13.5,12.2,214
2023-09-29 01:00:00+00:00,12.9,10.9,224
2023-09-29 02:00:00+00:00,13.1,13.2,235
2023-09-29 03:00:00+00:00,13.9,16.9,258
2023-09-29 04:00:00+00:00,13.4,17.7,275
2023-09-29 05:00:00+00:00,12.5,17.0,276
2023-09-29 06:00:00+00:00,12.0,18.8,275
2023-09-29 07:00:00+00:00,12.1,20.9,272
2023-09-29 08:00:00+00:00,13.1,21.6,269
2023-09-29 09:00:00+00:00,14.0,23.5,266
2023-09-29 10:00:00+00:00,15.0,24.7,262
2023-09-29 11:00:00+00:00,15.8,25.8,263
2023-09-29 12:00:00+00:00,16.6,24.4,256
2023-09-29 13:00:00+00:00,17.1,25.5,262
2023-09-29 14:00:00+00:00,17.1,25.3,264
2023-09-29 15:00:00+00:00,16.8,22.9,263
2023-09-29 16:00:00+00:00,16.3,17.8,263
2023-09-29 17:00:00+00:00,15.2,13.4,256
2023-09-29 18:00:00+00:00,13.6,10.4,250
2023-09-29 19:00:00+00:00,12.9,12.1,247
2023-09-29 20:00:00+00:00,12.4,12.1,247
2023-09-29 21:00:00+00:00,12.3,13.6,248
2023-09-29 22:00:00+00:00,12.2,13.8,250
2023-09-29 23:00:00+00:00,11.8,11.6,248
2023-09-30 00:00:00+00:00,11.7,9.1,252
2023-09-30 01:00:00+00:00,11.2,8.9,230
2023-09-30 02:00:00+00:00,11.0,9.7,228
2023-09-30 03:00:00+00:00,10.8,11.3,233
2023-09-30 04:00:00+00:00,10.5,10.7,237
2023-09-30 05:00:00+00:00,10.3,8.1,238
2023-09-30 06:00:00+00:00,9.9,7.4,241
2023-09-30 07:00:00+00:00,10.5,8.0,234
2023-09-30 08:00:00+00:00,12.2,7.7,229
2023-09-30 09:00:00+00:00,13.1,8.7,210
2023-09-30 10:00:00+00:00,14.4,10.8,201
2023-09-30 11:00:00+00:00,14.6,12.0,196
2023-09-30 12:00:00+00:00,14.8,12.6,193
2023-09-30 13:00:00+00:00,14.5,14.7,197
2023-09-30 14:00:00+00:00,14.1,14.1,184
2023-09-30 15:00:00+00:00,13.8,10.9,189
2023-09-30 16:00:00+00:00,13.5,10.4,160
2023-09-30 17:00:00+00:00,13.4,10.3,151
2023-09-30 18:00:00+00:00,13.4,16.5,160
2023-09-30 19:00:00+00:00,13.4,17.4,173
2023-09-30 20:00:00+00:00,13.8,18.1,175
2023-09-30 21:00:00+00:00,14.3,18.9,188
2023-09-30 22:00:00+00:00,15.0,20.8,198
2023-09-30 23:00:00+00:00,15.7,21.1,205
2023-10-01 00:00:00+00:00,15.6,20.3,210
2023-10-01 01:00:00+00:00,16.0,19.5,208
2023-10-01 02:00:00+00:00,16.1,19.0,209
2023-10-01 03:00:00+00:00,16.6,18.9,215
2023-10-01 04:00:00+00:00,16.8,20.2,215
2023-10-01 05:00:00+00:00,17.1,22.5,220
2023-10-01 06:00:00+00:00,17.3,24.7,228
2023-10-01 07:00:00+00:00,17.1,23.3,231
2023-10-01 08:00:00+00:00,17.2,22.2,230
2023-10-01 09:00:00+00:00,17.5,19.4,227
2023-10-01 10:00:00+00:00,17.5,17.6,223
2023-10-01 11:00:00+00:00,17.6,17.9,220
2023-10-01 12:00:00+00:00,18.8,17.4,230
2023-10-01 13:00:00+00:00,19.1,18.1,226
2023-10-01 14:00:00+00:00,18.7,18.1,227
2023-10-01 15:00:00+00:00,18.7,16.8,228
2023-10-01 16:00:00+00:00,18.8,16.1,231
2023-10-01 17:00:00+00:00,18.3,13.0,231
2023-10-01 18:00:00+00:00,16.9,10.7,230
2023-10-01 19:00:00+00:00,16.7,9.2,231
2023-10-01 20:00:00+00:00,16.6,8.0,234
2023-10-01 21:00:00+00:00,16.4,6.7,234
2023-10-01 22:00:00+00:00,16.1,6.9,227
2023-10-01 23:00:00+00:00,15.8,10.5,229
2023-10-02 00:00:00+00:00,14.7,11.4,235
2023-10-02 01:00:00+00:00,14.2,12.6,250
2023-10-02 02:00:00+00:00,13.5,11.6,244
2023-10-02 03:00:00+00:00,13.1,11.9,245
2023-10-02 04:00:00+00:00,13.2,11.8,247
2023-10-02 05:00:00+00:00,12.8,11.1,241
2023-10-02 06:00:00+00:00,12.4,8.7,240
2023-10-02 07:00:00+00:00,12.9,8.1,238
2023-10-02 08:00:00+00:00,13.7,8.2,232
2023-10-02 09:00:00+00:00,14.2,8.2,255
2023-10-02 10:00:00+00:00,14.6,7.0,235
2023-10-02 11:00:00+00:00,15.7,8.8,235
2023-10-02 12:00:00+00:00,16.4,8.0,234
2023-10-02 13:00:00+00:00,16.5,8.9,243
2023-10-02 14:00:00+00:00,15.3,5.2,214
2023-10-02 15:00:00+00:00,15.1,3.8,221
2023-10-02 16:00:00+00:00,14.8,3.6,217
2023-10-02 17:00:00+00:00,14.3,2.3,18
2023-10-02 18:00:00+00:00,13.7,5.6,15
2023-10-02 19:00:00+00:00,13.4,10.9,352
2023-10-02 20:00:00+00:00,13.0,11.2,6
2023-10-02 21:00:00+00:00,12.6,11.9,5
2023-10-02 22:00:00+00:00,11.9,15.5,342
2023-10-02 23:00:00+00:00,11.2,11.2,2
2023-10-03 00:00:00+00:00,11.3,12.3,328
2023-10-03 01:00:00+00:00,11.0,12.8,302
2023-10-03 02:00:00+00:00,11.1,15.5,283
2023-10-03 03:00:00+00:00,10.6,18.8,274
2023-10-03 04:00:00+00:00,11.0,21.0,265
2023-10-03 05:00:00+00:00,11.2,23.5,264
2023-10-03 06:00:00+00:00,11.3,23.4,260
2023-10-03 07:00:00+00:00,11.1,25.1,262
2023-10-03 08:00:00+00:00,11.7,25.7,259
2023-10-03 09:00:00+00:00,12.2,23.0,256
2023-10-03 10:00:00+00:00,13.2,26.8,259
2023-10-03 11:00:00+00:00,13.6,23.9,259
2023-10-03 12:00:00+00:00,14.2,29.2,257
2023-10-03 13:00:00+00:00,14.8,28.6,259
2023-10-03 14:00:00+00:00,13.9,28.1,266
2023-10-03 15:00:00+00:00,14.2,24.3,264
2023-10-03 16:00:00+00:00,13.7,23.9,264
2023-10-03 17:00:00+00:00,13.4,24.3,263
2023-10-03 18:00:00+00:00,12.6,21.2,260
2023-10-03 19:00:00+00:00,12.5,18.1,253
2023-10-03 20:00:00+00:00,12.7,15.8,246
2023-10-03 21:00:00+00:00,12.6,14.2,243
2023-10-03 22:00:00+00:00,12.4,14.2,246
2023-10-03 23:00:00+00:00,12.4,13.6,248
2023-10-04 00:00:00+00:00,11.4,14.8,231
2023-10-04 01:00:00+00:00,11.5,14.8,227
2023-10-04 02:00:00+00:00,10.9,16.8,227
2023-10-04 03:00:00+00:00,11.3,20.0,231
2023-10-04 04:00:00+00:00,11.2,18.9,231
2023-10-04 05:00:00+00:00,10.8,18.6,229
2023-10-04 06:00:00+00:00,10.9,20.1,234
2023-10-04 07:00:00+00:00,11.4,20.3,237
2023-10-04 08:00:00+00:00,12.2,19.9,228
2023-10-04 09:00:00+00:00,12.9,21.9,229
2023-10-04 10:00:00+00:00,14.6,28.5,244
2023-10-04 11:00:00+00:00,15.1,28.9,247
2023-10-04 12:00:00+00:00,14.9,23.3,231
2023-10-04 13:00:00+00:00,15.9,28.9,239
2023-10-04 14:00:00+00:00,16.1,29.3,241
2023-10-04 15:00:00+00:00,16.1,27.3,239
2023-10-04 16:00:00+00:00,15.4,26.2,236
2023-10-04 17:00:00+00:00,14.5,25.3,234
2023-10-04 18:00:00+00:00,13.6,25.1,238
2023-10-04 19:00:00+00:00,13.5,25.2,239
2023-10-04 20:00:00+00:00,12.9,23.3,238
2023-10-04 21:00:00+00:00,13.1,23.1,239
2023-10-04 22:00:00+00:00,13.1,21.6,244
2023-10-04 23:00:00+00:00,13.3,22.8,249
2023-10-05 00:00:00+00:00,13.4,24.4,248
2023-10-05 01:00:00+00:00,13.1,24.3,249
2023-10-05 02:00:00+00:00,13.1,24.7,249
2023-10-05 03:00:00+00:00,13.5,24.4,248
2023-10-05 04:00:00+00:00,13.7,24.4,248
2023-10-05 05:00:00+00:00,13.8,23.9,249
2023-10-05 06:00:00+00:00,13.9,23.6,249
2023-10-05 07:00:00+00:00,13.9,21.9,247
2023-10-05 08:00:00+00:00,13.8,22.7,245
2023-10-05 09:00:00+00:00,13.8,21.1,240
2023-10-05 10:00:00+00:00,14.0,21.3,233
2023-10-05 11:00:00+00:00,14.3,23.5,229
2023-10-05 12:00:00+00:00,14.1,20.6,224
2023-10-05 13:00:00+00:00,15.1,22.6,217
2023-10-05 14:00:00+00:00,15.9,25.6,218
2023-10-05 15:00:00+00:00,15.4,26.4,212
2023-10-05 16:00:00+00:00,15.0,27.1,216
2023-10-05 17:00:00+00:00,14.8,28.4,218
2023-10-05 18:00:00+00:00,14.9,30.9,222
2023-10-05 19:00:00+00:00,15.0,32.8,226
2023-10-05 20:00:00+00:00,15.2,33.7,228
2023-10-05 21:00:00+00:00,15.0,33.0,230
2023-10-05 22:00:00+00:00,15.5,33.8,232
2023-10-05 23:00:00+00:00,15.7,33.2,233
2023-10-06 00:00:00+00:00,15.3,30.2,232
2023-10-06 01:00:00+00:00,16.0,35.3,237
2023-10-06 02:00:00+00:00,16.1,40.0,241
2023-10-06 03:00:00+00:00,16.1,40.4,243
2023-10-06 04:00:00+00:00,16.1,38.0,239
2023-10-06 05:00:00+00:00,16.1,35.2,235
2023-10-06 06:00:00+00:00,16.1,33.6,235
2023-10-06 07:00:00+00:00,16.2,31.9,236
2023-10-06 08:00:00+00:00,16.3,30.9,241
2023-10-06 09:00:00+00:00,16.9,31.9,243
2023-10-06 10:00:00+00:00,17.0,31.7,244
2023-10-06 11:00:00+00:00,17.8,33.4,246
2023-10-06 12:00:00+00:00,19.0,37.2,250
2023-10-06 13:00:00+00:00,19.6,36.9,249
2023-10-06 14:00:00+00:00,19.6,34.3,249
2023-10-06 15:00:00+00:00,19.2,37.0,248
2023-10-06 16:00:00+00:00,18.8,34.8,247
2023-10-06 17:00:00+00:00,18.3,32.7,246
2023-10-06 18:00:00+00:00,17.9,29.8,243
2023-10-06 19:00:00+00:00,17.8,29.3,244
2023-10-06 20:00:00+00:00,17.7,28.4,246
2023-10-06 21:00:00+00:00,17.7,28.4,250
2023-10-06 22:00:00+00:00,17.4,30.4,251
2023-10-06 23:00:00+00:00,17.2,30.4,249
2023-10-07 00:00:00+00:00,16.7,27.4,243
2023-10-07 01:00:00+00:00,16.2,30.6,243
2023-10-07 02:00:00+00:00,15.8,31.1,242
2023-10-07 03:00:00+00:00,14.9,28.3,244
2023-10-07 04:00:00+00:00,14.8,26.4,246
2023-10-07 05:00:00+00:00,14.9,25.9,254
2023-10-07 06:00:00+00:00,15.4,25.8,247
2023-10-07 07:00:00+00:00,15.5,23.7,237
2023-10-07 08:00:00+00:00,16.2,23.3,243
2023-10-07 09:00:00+00:00,17.3,22.2,245
2023-10-07 10:00:00+00:00,18.2,22.2,243
2023-10-07 11:00:00+00:00,19.4,24.2,242
2023-10-07 12:00:00+00:00,19.6,23.1,231
2023-10-07 13:00:00+00:00,20.2,21.5,230
2023-10-07 14:00:00+00:00,20.7,22.3,231
2023-10-07 15:00:00+00:00,20.9,22.7,237
2023-10-07 16:00:00+00:00,20.6,22.1,251
2023-10-07 17:00:00+00:00,19.6,16.8,255
2023-10-07 18:00:00+00:00,18.7,16.8,255
2023-10-07 19:00:00+00:00,18.9,17.2,260
2023-10-07 20:00:00+00:00,18.7,16.3,262
2023-10-07 21:00:00+00:00,18.3,13.0,265
2023-10-07 22:00:00+00:00,17.9,8.6,270
2023-10-07 23:00:00+00:00,18.4,6.5,251
2023-10-08 00:00:00+00:00,16.7,2.6,34
2023-10-08 01:00:00+00:00,14.6,4.7,86
2023-10-08 02:00:00+00:00,13.9,5.4,70
2023-10-08 03:00:00+00:00,13.7,4.4,35
2023-10-08 04:00:00+00:00,13.1,3.7,349
2023-10-08 05:00:00+00:00,13.5,4.3,360
2023-10-08 06:00:00+00:00,13.4,3.4,32
2023-10-08 07:00:00+00:00,13.5,2.1,149
2023-10-08 08:00:00+00:00,13.7,6.6,202
2023-10-08 09:00:00+00:00,14.2,8.1,201
2023-10-08 10:00:00+00:00,16.1,10.8,195
2023-10-08 11:00:00+00:00,17.9,9.0,203
2023-10-08 12:00:00+00:00,18.5,5.9,194
2023-10-08 13:00:00+00:00,18.9,6.1,208
2023-10-08 14:00:00+00:00,19.1,8.0,216
2023-10-08 15:00:00+00:00,19.8,11.2,213
2023-10-08 16:00:00+00:00,19.2,11.2,228
2023-10-08 17:00:00+00:00,18.2,8.8,258
2023-10-08 18:00:00+00:00,17.7,10.5,243
2023-10-08 19:00:00+00:00,17.8,14.0,258
2023-10-08 20:00:00+00:00,17.3,10.1,266
2023-10-08 21:00:00+00:00,17.0,8.3,252
2023-10-08 22:00:00+00:00,17.9,12.0,261
2023-10-08 23:00:00+00:00,18.1,15.2,265
2023-10-09 00:00:00+00:00,18.2,24.6,277
2023-10-09 01:00:00+00:00,17.8,25.6,273
2023-10-09 02:00:00+00:00,17.7,24.5,273
2023-10-09 03:00:00+00:00,17.3,24.5,273
2023-10-09 04:00:00+00:00,17.0,19.8,273
2023-10-09 05:00:00+00:00,16.7,16.9,269
2023-10-09 06:00:00+00:00,16.4,17.4,277
2023-10-09 07:00:00+00:00,16.4,16.0,284
2023-10-09 08:00:00+00:00,16.8,14.1,283
2023-10-09 09:00:00+00:00,17.3,14.5,289
2023-10-09 10:00:00+00:00,18.1,13.2,287
2023-10-09 11:00:00+00:00,19.8,12.0,279
2023-10-09 12:00:00+00:00,21.1,9.4,277
2023-10-09 13:00:00+00:00,21.4,4.8,243
2023-10-09 14:00:00+00:00,21.5,5.2,214
2023-10-09 15:00:00+00:00,21.1,6.1,225
2023-10-09 16:00:00+00:00,20.3,7.4,247
2023-10-09 17:00:00+00:00,18.4,5.4,228
2023-10-09 18:00:00+00:00,16.0,4.7,238
2023-10-09 19:00:00+00:00,15.2,6.1,242
2023-10-09 20:00:00+00:00,15.2,8.3,236
2023-10-09 21:00:00+00:00,15.5,8.9,230
2023-10-09 22:00:00+00:00,15.7,8.7,232
2023-10-09 23:00:00+00:00,15.9,9.7,239
2023-10-10 00:00:00+00:00,16.4,10.0,240
2023-10-10 01:00:00+00:00,16.2,10.5,239
2023-10-10 02:00:00+00:00,16.3,11.8,247
2023-10-10 03:00:00+00:00,17.0,10.4,256
2023-10-10 04:00:00+00:00,16.3,6.2,260
2023-10-10 05:00:00+00:00,15.9,5.4,228
2023-10-10 06:00:00+00:00,16.5,9.7,239
2023-10-10 07:00:00+00:00,16.1,7.2,252
2023-10-10 08:00:00+00:00,16.5,8.9,230
2023-10-10 09:00:00+00:00,17.9,13.5,236
2023-10-10 10:00:00+00:00,19.1,19.0,237
2023-10-10 11:00:00+00:00,19.4,25.0,242
2023-10-10 12:00:00+00:00,20.5,21.6,242
2023-10-10 13:00:00+00:00,19.9,21.9,243
2023-10-10 14:00:00+00:00,20.1,19.2,230
2023-10-10 15:00:00+00:00,19.9,21.4,228
2023-10-10 16:00:00+00:00,18.9,24.9,231
2023-10-10 17:00:00+00:00,18.4,22.7,234
2023-10-10 18:00:00+00:00,17.9,23.0,235
2023-10-10 19:00:00+00:00,17.2,28.0,238
2023-10-10 20:00:00+00:00,17.1,30.1,241
2023-10-10 21:00:00+00:00,17.3,30.4,239
2023-10-10 22:00:00+00:00,16.6,28.5,235
2023-10-10 23:00:00+00:00,16.6,29.9,239
2023-10-11 00:00:00+00:00,16.8,32.7,242
2023-10-11 01:00:00+00:00,16.5,35.1,246
2023-10-11 02:00:00+00:00,16.2,36.4,249
2023-10-11 03:00:00+00:00,16.1,37.3,253
2023-10-11 04:00:00+00:00,16.3,35.5,247
2023-10-11 05:00:00+00:00,16.0,34.1,248
2023-10-11 06:00:00+00:00,15.7,32.0,249
2023-10-11 07:00:00+00:00,15.5,30.6,250
2023-10-11 08:00:00+00:00,15.6,29.1,248
2023-10-11 09:00:00+00:00,16.1,28.1,247
2023-10-11 10:00:00+00:00,15.6,18.8,273
2023-10-11 11:00:00+00:00,14.1,14.2,277
2023-10-11 12:00:00+00:00,14.2,11.8,293
2023-10-11 13:00:00+00:00,13.8,10.8,296
2023-10-11 14:00:00+00:00,13.4,8.3,275
2023-10-11 15:00:00+00:00,12.8,11.1,283
2023-10-11 16:00:00+00:00,12.5,9.8,306
2023-10-11 17:00:00+00:00,11.9,9.7,315
2023-10-11 18:00:00+00:00,11.6,8.6,303
2023-10-11 19:00:00+00:00,11.3,8.9,320
2023-10-11 20:00:00+00:00,11.1,11.7,315
2023-10-11 21:00:00+00:00,10.9,11.3,329
2023-10-11 22:00:00+00:00,10.4,10.1,333
2023-10-11 23:00:00+00:00,9.7,6.6,338
2023-10-12 00:00:00+00:00,8.6,4.8,347
2023-10-12 01:00:00+00:00,7.0,5.9,313
2023-10-12 02:00:00+00:00,6.3,5.5,302
2023-10-12 03:00:00+00:00,6.2,5.9,313
2023-10-12 04:00:00+00:00,6.8,3.9,304
2023-10-12 05:00:00+00:00,7.2,3.7,331
2023-10-12 06:00:00+00:00,6.0,5.5,337
2023-10-12 07:00:00+00:00,5.5,5.4,318
2023-10-12 08:00:00+00:00,8.4,3.3,319
2023-10-12 09:00:00+00:00,9.6,1.0,45
2023-10-12 10:00:00+00:00,10.5,1.8,101
2023-10-12 11:00:00+00:00,11.4,1.5,135
2023-10-12 12:00:00+00:00,10.8,6.2,190
2023-10-12 13:00:00+00:00,11.4,7.2,198
2023-10-12 14:00:00+00:00,12.2,9.3,208
2023-10-12 15:00:00+00:00,12.7,10.5,207
2023-10-12 16:00:00+00:00,12.4,9.4,212
2023-10-12 17:00:00+00:00,11.5,7.4,209
2023-10-12 18:00:00+00:00,11.4,8.4,200
2023-10-12 19:00:00+00:00,11.5,11.3,202
2023-10-12 20:00:00+00:00,11.5,11.8,203
2023-10-12 21:00:00+00:00,11.5,11.9,209
2023-10-12 22:00:00+00:00,11.6,13.0,208
2023-10-12 23:00:00+00:00,11.4,13.4,207
2023-10-13 00:00:00+00:00,11.4,12.4,202
2023-10-13 01:00:00+00:00,11.7,13.0,204
2023-10-13 02:00:00+00:00,12.1,12.1,210
2023-10-13 03:00:00+00:00,12.5,8.5,208
2023-10-13 04:00:00+00:00,12.4,7.3,189
2023-10-13 05:00:00+00:00,12.5,5.0,210
2023-10-13 06:00:00+00:00,12.6,2.9,277
2023-10-13 07:00:00+00:00,13.0,4.0,280
2023-10-13 08:00:00+00:00,14.1,7.0,258
2023-10-13 09:00:00+00:00,14.6,13.3,268
2023-10-13 10:00:00+00:00,14.9,14.5,264
2023-10-13 11:00:00+00:00,15.1,19.5,282
2023-10-13 12:00:00+00:00,13.9,21.1,295
2023-10-13 13:00:00+00:00,13.1,20.5,292
2023-10-13 14:00:00+00:00,12.4,21.4,295
2023-10-13 15:00:00+00:00,11.9,14.9,285
2023-10-13 16:00:00+00:00,11.4,18.8,296
2023-10-13 17:00:00+00:00,10.8,21.1,297
2023-10-13 18:00:00+00:00,10.4,22.3,293
2023-10-13 19:00:00+00:00,10.0,21.3,292
2023-10-13 20:00:00+00:00,9.7,21.3,289
2023-10-13 21:00:00+00:00,9.5,21.8,286
2023-10-13 22:00:00+00:00,9.2,22.3,288
2023-10-13 23:00:00+00:00,9.1,22.8,288
2023-10-14 00:00:00+00:00,8.6,23.0,284
2023-10-14 01:00:00+00:00,8.4,22.0,280
2023-10-14 02:00:00+00:00,8.0,22.4,281
2023-10-14 03:00:00+00:00,7.8,22.4,281
2023-10-14 04:00:00+00:00,7.3,22.0,271
2023-10-14 05:00:00+00:00,7.5,22.0,271
2023-10-14 06:00:00+00:00,7.1,19.8,273
2023-10-14 07:00:00+00:00,7.5,16.9,281
2023-10-14 08:00:00+00:00,8.1,17.1,288
2023-10-14 09:00:00+00:00,9.3,18.3,290
2023-10-14 10:00:00+00:00,10.2,20.8,296
2023-10-14 11:00:00+00:00,10.9,20.9,297
2023-10-14 12:00:00+00:00,10.1,24.2,275
2023-10-14 13:00:00+00:00,10.1,21.5,284
2023-10-14 14:00:00+00:00,9.7,23.2,277
2023-10-14 15:00:00+00:00,9.5,21.7,275
2023-10-14 16:00:00+00:00,8.8,20.8,279
2023-10-14 17:00:00+00:00,8.0,18.6,280
2023-10-14 18:00:00+00:00,7.3,20.4,279
2023-10-14 19:00:00+00:00,7.0,21.2,285
2023-10-14 20:00:00+00:00,6.7,19.4,292
2023-10-14 21:00:00+00:00,6.5,16.9,297
2023-10-14 22:00:00+00:00,6.1,16.0,301
2023-10-14 23:00:00+00:00,5.8,15.2,301
2023-10-15 00:00:00+00:00,5.3,13.9,301
2023-10-15 01:00:00+00:00,4.8,13.9,301
2023-10-15 02:00:00+00:00,4.7,13.8,303
2023-10-15 03:00:00+00:00,4.4,12.8,308
2023-10-15 04:00:00+00:00,4.1,12.3,310
2023-10-15 05:00:00+00:00,3.8,12.5,311
2023-10-15 06:00:00+00:00,3.7,13.3,311
2023-10-15 07:00:00+00:00,3.8,14.3,311
2023-10-15 08:00:00+00:00,5.1,15.8,315
2023-10-15 09:00:00+00:00,6.7,13.1,307
2023-10-15 10:00:00+00:00,8.3,13.3,311
2023-10-15 11:00:00+00:00,9.2,15.8,311
2023-10-15 12:00:00+00:00,9.8,16.1,299
2023-10-15 13:00:00+00:00,10.3,17.5,302
2023-10-15 14:00:00+00:00,10.9,19.4,313
2023-10-15 15:00:00+00:00,10.4,16.6,312
2023-10-15 16:00:00+00:00,10.0,12.2,298
2023-10-15 17:00:00+00:00,8.1,7.3,290
2023-10-15 18:00:00+00:00,6.6,7.2,288
2023-10-15 19:00:00+00:00,5.9,7.2,288
2023-10-15 20:00:00+00:00,5.7,7.6,289
2023-10-15 21:00:00+00:00,5.6,7.3,290
2023-10-15 22:00:00+00:00,5.4,7.1,294
2023-10-15 23:00:00+00:00,5.5,6.8,295
2023-10-16 00:00:00+00:00,5.0,7.9,313
2023-10-16 01:00:00+00:00,4.7,7.3,327
2023-10-16 02:00:00+00:00,4.4,8.1,328
2023-10-16 03:00:00+00:00,7.1,3.8,311
2023-10-16 04:00:00+00:00,7.0,1.8,281
2023-10-16 05:00:00+00:00,6.7,1.8,259
2023-10-16 06:00:00+00:00,6.4,2.3,252
2023-10-16 07:00:00+00:00,6.2,2.3,252
2023-10-16 08:00:00+00:00,6.5,2.6,214
2023-10-16 09:00:00+00:00,7.6,3.4,148
2023-10-16 10:00:00+00:00,8.6,3.8,131
2023-10-16 11:00:00+00:00,9.3,4.4,125
2023-10-16 12:00:00+00:00,9.2,5.4,98
2023-10-16 13:00:00+00:00,9.7,6.3,103
2023-10-16 14:00:00+00:00,9.8,7.3,99
2023-10-16 15:00:00+00:00,9.6,8.7,95
2023-10-16 16:00:00+00:00,9.0,8.0,95
2023-10-16 17:00:00+00:00,7.0,5.4,86
2023-10-16 18:00:00+00:00,5.3,8.8,81
2023-10-16 19:00:00+00:00,5.6,7.3,70
2023-10-16 20:00:00+00:00,5.0,7.6,65
2023-10-16 21:00:00+00:00,4.5,7.3,57
2023-10-16 22:00:00+00:00,4.1,7.1,45
2023-10-16 23:00:00+00:00,3.3,7.7,37
2023-10-17 00:00:00+00:00,3.5,9.1,18
2023-10-17 01:00:00+00:00,4.2,6.0,25
2023-10-17 02:00:00+00:00,4.4,5.8,22
2023-10-17 03:00:00+00:00,4.7,6.5,19
2023-10-17 04:00:00+00:00,5.1,7.4,23
2023-10-17 05:00:00+00:00,5.0,6.8,25
2023-10-17 06:00:00+00:00,5.7,7.3,33
2023-10-17 07:00:00+00:00,6.8,8.9,47
2023-10-17 08:00:00+00:00,8.1,10.6,80
2023-10-17 09:00:00+00:00,9.6,14.6,99
2023-10-17 10:00:00+00:00,11.0,15.5,102
2023-10-17 11:00:00+00:00,11.9,21.8,106
2023-10-17 12:00:00+00:00,12.3,24.6,108
2023-10-17 13:00:00+00:00,13.0,26.9,108
2023-10-17 14:00:00+00:00,12.9,26.8,107
2023-10-17 15:00:00+00:00,12.7,25.5,106
2023-10-17 16:00:00+00:00,11.8,21.1,99
2023-10-17 17:00:00+00:00,10.3,19.9,94
2023-10-17 18:00:00+00:00,9.5,19.6,96
2023-10-17 19:00:00+00:00,8.9,19.3,99
2023-10-17 20:00:00+00:00,8.8,18.4,101
2023-10-17 21:00:00+00:00,8.8,18.2,99
2023-10-17 22:00:00+00:00,9.0,19.0,100
2023-10-17 23:00:00+00:00,9.0,18.3,105
2023-10-18 00:00:00+00:00,9.2,18.6,100
2023-10-18 01:00:00+00:00,9.3,18.4,101
2023-10-18 02:00:00+00:00,9.3,17.7,96
2023-10-18 03:00:00+00:00,9.3,17.7,92
2023-10-18 04:00:00+00:00,9.1,16.9,91
2023-10-18 05:00:00+00:00,9.3,18.4,89
2023-10-18 06:00:00+00:00,9.2,17.6,89
2023-10-18 07:00:00+00:00,9.2,18.0,89
2023-10-18 08:00:00+00:00,10.1,19.5,92
2023-10-18 09:00:00+00:00,11.4,23.7,100
2023-10-18 10:00:00+00:00,12.5,27.4,100
2023-10-18 11:00:00+00:00,13.1,28.6,105
2023-10-18 12:00:00+00:00,14.5,28.1,91
2023-10-18 13:00:00+00:00,14.8,29.2,89
2023-10-18 14:00:00+00:00,14.2,26.6,89
2023-10-18 15:00:00+00:00,13.4,24.7,82
2023-10-18 16:00:00+00:00,12.3,23.1,76
2023-10-18 17:00:00+00:00,11.7,22.2,70
2023-10-18 18:00:00+00:00,11.7,22.0,69
2023-10-18 19:00:00+00:00,11.6,22.9,66
2023-10-18 20:00:00+00:00,11.7,24.6,65
2023-10-18 21:00:00+00:00,11.8,26.9,62
2023-10-18 22:00:00+00:00,11.9,26.9,64
2023-10-18 23:00:00+00:00,11.9,25.7,59
2023-10-19 00:00:00+00:00,11.4,19.9,44
2023-10-19 01:00:00+00:00,11.5,15.0,30
2023-10-19 02:00:00+00:00,11.6,9.2,315
2023-10-19 03:00:00+00:00,11.6,6.7,234
2023-10-19 04:00:00+00:00,12.2,20.8,217
2023-10-19 05:00:00+00:00,12.1,21.9,205
2023-10-19 06:00:00+00:00,12.9,21.6,198
2023-10-19 07:00:00+00:00,12.3,17.0,185
2023-10-19 08:00:00+00:00,13.2,17.4,174
2023-10-19 09:00:00+00:00,14.4,19.9,174
2023-10-19 10:00:00+00:00,15.3,24.2,176
2023-10-19 11:00:00+00:00,16.2,20.0,173
2023-10-19 12:00:00+00:00,16.3,19.0,170
2023-10-19 13:00:00+00:00,16.0,19.2,163
2023-10-19 14:00:00+00:00,16.7,16.9,151
2023-10-19 15:00:00+00:00,15.4,18.5,151
2023-10-19 16:00:00+00:00,15.5,14.3,137
2023-10-19 17:00:00+00:00,14.5,13.8,133
2023-10-19 18:00:00+00:00,14.5,14.1,130
2023-10-19 19:00:00+00:00,14.2,15.7,127
2023-10-19 20:00:00+00:00,13.9,14.0,125
2023-10-19 21:00:00+00:00,13.7,12.9,117
2023-10-19 22:00:00+00:00,13.5,13.5,106
2023-10-19 23:00:00+00:00,13.4,13.8,99
2023-10-20 00:00:00+00:00,13.4,12.6,90
2023-10-20 01:00:00+00:00,13.4,12.8,80
2023-10-20 02:00:00+00:00,13.2,12.0,69
2023-10-20 03:00:00+00:00,13.2,13.2,64
2023-10-20 04:00:00+00:00,13.0,18.3,45
2023-10-20 05:00:00+00:00,12.6,25.0,57
2023-10-20 06:00:00+00:00,12.1,23.6,52
2023-10-20 07:00:00+00:00,11.8,29.9,54
2023-10-20 08:00:00+00:00,11.7,32.4,58
2023-10-20 09:00:00+00:00,11.6,32.7,63
2023-10-20 10:00:00+00:00,11.5,33.5,69
2023-10-20 11:00:00+00:00,11.3,32.2,70
2023-10-20 12:00:00+00:00,10.7,30.1,64
2023-10-20 13:00:00+00:00,10.6,29.8,65
2023-10-20 14:00:00+00:00,10.6,30.9,64
2023-10-20 15:00:00+00:00,10.4,29.4,59
2023-10-20 16:00:00+00:00,10.2,27.9,57
2023-10-20 17:00:00+00:00,10.1,26.3,54
2023-10-20 18:00:00+00:00,10.1,23.7,43
2023-10-20 19:00:00+00:00,10.0,24.1,39
2023-10-20 20:00:00+00:00,9.7,24.9,39
2023-10-20 21:00:00+00:00,9.6,22.0,35
2023-10-20 22:00:00+00:00,9.6,21.4,33
2023-10-20 23:00:00+00:00,9.5,21.1,30
2023-10-21 00:00:00+00:00,8.9,22.2,17
2023-10-21 01:00:00+00:00,8.7,18.8,357
2023-10-21 02:00:00+00:00,8.7,17.7,343
2023-10-21 03:00:00+00:00,8.6,17.1,342
2023-10-21 04:00:00+00:00,8.6,15.8,343
2023-10-21 05:00:00+00:00,8.6,12.8,350
2023-10-21 06:00:00+00:00,8.5,9.8,324
2023-10-21 07:00:00+00:00,8.7,10.1,305
2023-10-21 08:00:00+00:00,9.0,9.7,297
2023-10-21 09:00:00+00:00,9.3,8.7,294
2023-10-21 10:00:00+00:00,10.1,8.2,293
2023-10-21 11:00:00+00:00,11.0,9.2,281
2023-10-21 12:00:00+00:00,11.3,9.6,283
2023-10-21 13:00:00+00:00,11.4,12.4,296
2023-10-21 14:00:00+00:00,11.6,11.4,298
2023-10-21 15:00:00+00:00,11.4,10.9,287
2023-10-21 16:00:00+00:00,11.1,12.6,290
2023-10-21 17:00:00+00:00,9.8,12.0,286
2023-10-21 18:00:00+00:00,8.8,11.4,283
2023-10-21 19:00:00+00:00,8.4,11.8,282
2023-10-21 20:00:00+00:00,8.0,12.3,277
2023-10-21 21:00:00+00:00,8.3,13.4,278
2023-10-21 22:00:00+00:00,7.9,12.7,277
2023-10-21 23:00:00+00:00,7.6,11.6,265
2023-10-22 00:00:00+00:00,7.4,12.9,243
2023-10-22 01:00:00+00:00,8.2,16.1,250
2023-10-22 02:00:00+00:00,7.9,14.9,255
2023-10-22 03:00:00+00:00,8.2,15.5,252
2023-10-22 04:00:00+00:00,8.3,13.9,245
2023-10-22 05:00:00+00:00,7.9,15.0,243
2023-10-22 06:00:00+00:00,7.7,14.5,247
2023-10-22 07:00:00+00:00,7.1,14.4,248
2023-10-22 08:00:00+00:00,8.0,14.9,250
2023-10-22 09:00:00+00:00,9.5,14.9,255
2023-10-22 10:00:00+00:00,10.5,15.0,253
2023-10-22 11:00:00+00:00,11.2,16.1,254
2023-10-22 12:00:00+00:00,12.2,15.6,241
2023-10-22 13:00:00+00:00,12.4,14.0,241
2023-10-22 14:00:00+00:00,12.9,16.0,247
2023-10-22 15:00:00+00:00,12.5,13.5,241
2023-10-22 16:00:00+00:00,11.7,6.6,225
2023-10-22 17:00:00+00:00,8.6,7.2,207
2023-10-22 18:00:00+00:00,7.8,7.4,219
2023-10-22 19:00:00+00:00,7.5,7.9,219
2023-10-22 20:00:00+00:00,7.0,7.9,219
2023-10-22 21:00:00+00:00,6.5,6.8,238
2023-10-22 22:00:00+00:00,6.7,6.1,230
2023-10-22 23:00:00+00:00,6.0,7.4,227
2023-10-23 00:00:00+00:00,5.5,6.3,257
2023-10-23 01:00:00+00:00,5.1,5.1,266
2023-10-23 02:00:00+00:00,4.6,5.1,262
2023-10-23 03:00:00+00:00,5.2,4.7,261
2023-10-23 04:00:00+00:00,6.3,2.9,270
2023-10-23 05:00:00+00:00,5.6,1.8,281
2023-10-23 06:00:00+00:00,5.4,1.6,297
2023-10-23 07:00:00+00:00,5.5,3.9,158
2023-10-23 08:00:00+00:00,6.2,2.7,157
2023-10-23 09:00:00+00:00,7.4,4.7,148
2023-10-23 10:00:00+00:00,8.3,6.1,135
2023-10-23 11:00:00+00:00,10.3,9.3,126
2023-10-23 12:00:00+00:00,9.9,10.2,98
2023-10-23 13:00:00+00:00,11.3,14.0,102
2023-10-23 14:00:00+00:00,12.4,14.5,113
2023-10-23 15:00:00+00:00,12.3,14.0,116
2023-10-23 16:00:00+00:00,11.8,13.6,112
2023-10-23 17:00:00+00:00,10.7,11.6,112
2023-10-23 18:00:00+00:00,10.4,8.6,88
2023-10-23 19:00:00+00:00,10.1,11.9,90
2023-10-23 20:00:00+00:00,10.1,12.5,102
2023-10-23 21:00:00+00:00,9.9,11.5,104
2023-10-23 22:00:00+00:00,9.8,9.6,103
2023-10-23 23:00:00+00:00,9.7,8.8,99
2023-10-24 00:00:00+00:00,9.2,8.4,100
2023-10-24 01:00:00+00:00,8.9,4.2,121
2023-10-24 02:00:00+00:00,8.7,3.1,159
2023-10-24 03:00:00+00:00,8.5,2.9,30
2023-10-24 04:00:00+00:00,8.4,9.4,32
2023-10-24 05:00:00+00:00,8.7,5.9,14
2023-10-24 06:00:00+00:00,8.6,6.4,27
2023-10-24 07:00:00+00:00,8.7,8.1,21
2023-10-24 08:00:00+00:00,8.9,7.9,30
2023-10-24 09:00:00+00:00,9.2,6.8,32
2023-10-24 10:00:00+00:00,9.5,5.6,27
2023-10-24 11:00:00+00:00,9.8,5.1,8
2023-10-24 12:00:00+00:00,10.5,4.3,336
2023-10-24 13:00:00+00:00,10.3,8.0,342
2023-10-24 14:00:00+00:00,10.3,8.8,351
2023-10-24 15:00:00+00:00,10.1,9.4,356
2023-10-24 16:00:00+00:00,9.8,9.4,7
2023-10-24 17:00:00+00:00,9.7,8.0,10
2023-10-24 18:00:00+00:00,9.5,8.0,18
2023-10-24 19:00:00+00:00,8.9,3.9,22
2023-10-24 20:00:00+00:00,8.9,5.2,16
2023-10-24 21:00:00+00:00,9.1,8.8,19
2023-10-24 22:00:00+00:00,8.8,8.4,7
2023-10-24 23:00:00+00:00,8.0,9.4,2
2023-10-25 00:00:00+00:00,7.7,9.4,353
2023-10-25 01:00:00+00:00,8.5,10.1,2
2023-10-25 02:00:00+00:00,8.1,6.8,342
2023-10-25 03:00:00+00:00,7.7,6.8,335
2023-10-25 04:00:00+00:00,7.4,7.4,331
2023-10-25 05:00:00+00:00,6.8,6.6,319
2023-10-25 06:00:00+00:00,6.2,6.9,313
2023-10-25 07:00:00+00:00,6.2,8.4,313
2023-10-25 08:00:00+00:00,7.4,8.2,308
2023-10-25 09:00:00+00:00,9.5,9.2,315
2023-10-25 10:00:00+00:00,10.9,7.4,321
2023-10-25 11:00:00+00:00,11.8,9.9,327
2023-10-25 12:00:00+00:00,12.3,10.9,314
2023-10-25 13:00:00+00:00,11.9,11.0,289
2023-10-25 14:00:00+00:00,11.6,10.2,293
2023-10-25 15:00:00+00:00,11.2,11.8,290
2023-10-25 16:00:00+00:00,10.6,8.4,277
2023-10-25 17:00:00+00:00,8.5,5.8,270
2023-10-25 18:00:00+00:00,7.2,5.5,259
2023-10-25 19:00:00+00:00,6.1,4.8,257
2023-10-25 20:00:00+00:00,7.5,3.7,241
2023-10-25 21:00:00+00:00,8.0,4.5,241
2023-10-25 22:00:00+00:00,7.3,4.3,246
2023-10-25 23:00:00+00:00,6.7,5.6,230
2023-10-26 00:00:00+00:00,6.6,5.6,230
2023-10-26 01:00:00+00:00,6.5,5.1,225
2023-10-26 02:00:00+00:00,6.9,6.3,204
2023-10-26 03:00:00+00:00,6.7,7.2,174
2023-10-26 04:00:00+00:00,5.2,6.3,167
2023-10-26 05:00:00+00:00,6.6,3.6,127
2023-10-26 06:00:00+00:00,7.5,5.5,113
2023-10-26 07:00:00+00:00,7.6,4.7,113
2023-10-26 08:00:00+00:00,7.9,5.0,120
2023-10-26 09:00:00+00:00,8.3,5.6,117
2023-10-26 10:00:00+00:00,9.0,7.9,120
2023-10-26 11:00:00+00:00,9.8,10.0,131
2023-10-26 12:00:00+00:00,10.7,10.5,142
2023-10-26 13:00:00+00:00,10.6,9.6,167
2023-10-26 14:00:00+00:00,10.8,8.3,178
2023-10-26 15:00:00+00:00,11.1,8.2,195
2023-10-26 16:00:00+00:00,11.1,4.7,176
2023-10-26 17:00:00+00:00,8.4,7.6,155
2023-10-26 18:00:00+00:00,7.2,8.5,192
2023-10-26 19:00:00+00:00,7.0,6.9,227
2023-10-26 20:00:00+00:00,7.0,6.0,237
2023-10-26 21:00:00+00:00,6.8,4.2,250
2023-10-26 22:00:00+00:00,6.7,3.8,253
2023-10-26 23:00:00+00:00,6.9,3.3,257
2023-10-27 00:00:00+00:00,6.8,2.9,263
2023-10-27 01:00:00+00:00,7.3,4.6,231
2023-10-27 02:00:00+00:00,6.2,3.7,241
2023-10-27 03:00:00+00:00,7.0,4.2,250
2023-10-27 04:00:00+00:00,7.4,3.7,281
2023-10-27 05:00:00+00:00,7.5,1.8,217
2023-10-27 06:00:00+00:00,6.8,3.3,96
2023-10-27 07:00:00+00:00,6.6,1.1,72
2023-10-27 08:00:00+00:00,7.2,1.8,191
2023-10-27 09:00:00+00:00,8.2,4.7,180
2023-10-27 10:00:00+00:00,8.8,8.3,175
2023-10-27 11:00:00+00:00,9.2,10.4,178
2023-10-27 12:00:00+00:00,10.2,11.2,174
2023-10-27 13:00:00+00:00,10.7,10.1,145
2023-10-27 14:00:00+00:00,10.7,10.6,152
2023-10-27 15:00:00+00:00,11.0,11.0,157
2023-10-27 16:00:00+00:00,10.5,10.3,155
2023-10-27 17:00:00+00:00,10.0,6.6,139
2023-10-27 18:00:00+00:00,7.8,5.9,133
2023-10-27 19:00:00+00:00,7.7,5.6,130
2023-10-27 20:00:00+00:00,8.1,6.5,146
2023-10-27 21:00:00+00:00,7.3,5.2,155
2023-10-27 22:00:00+00:00,6.8,5.0,159
2023-10-27 23:00:00+00:00,6.7,4.7,157
2023-10-28 00:00:00+00:00,7.0,4.4,145
2023-10-28 01:00:00+00:00,6.6,4.0,175
2023-10-28 02:00:00+00:00,6.9,4.1,142
2023-10-28 03:00:00+00:00,6.6,3.6,135
2023-10-28 04:00:00+00:00,7.0,7.1,139
2023-10-28 05:00:00+00:00,7.1,7.1,135
2023-10-28 06:00:00+00:00,7.3,6.5,124
2023-10-28 07:00:00+00:00,7.3,6.1,130
2023-10-28 08:00:00+00:00,7.5,6.1,135
2023-10-28 09:00:00+00:00,7.8,7.7,127
2023-10-28 10:00:00+00:00,8.4,9.7,132
2023-10-28 11:00:00+00:00,8.9,10.3,144
2023-10-28 12:00:00+00:00,9.5,11.6,150
2023-10-28 13:00:00+00:00,10.3,14.2,144
2023-10-28 14:00:00+00:00,11.1,11.3,149
2023-10-28 15:00:00+00:00,11.7,10.7,138
2023-10-28 16:00:00+00:00,10.7,11.1,144
2023-10-28 17:00:00+00:00,9.8,10.3,126
2023-10-28 18:00:00+00:00,9.8,11.8,113
2023-10-28 19:00:00+00:00,9.2,10.5,106
2023-10-28 20:00:00+00:00,9.4,13.7,95
2023-10-28 21:00:00+00:00,9.4,15.5,91
2023-10-28 22:00:00+00:00,9.3,14.6,74
2023-10-28 23:00:00+00:00,9.3,13.1,74
2023-10-29 00:00:00+00:00,9.3,8.0,72
2023-10-29 01:00:00+00:00,9.9,4.9,107
2023-10-29 02:00:00+00:00,9.8,4.8,228
2023-10-29 03:00:00+00:00,9.9,11.0,229
2023-10-29 04:00:00+00:00,10.2,19.3,246
2023-10-29 05:00:00+00:00,9.5,18.4,239
2023-10-29 06:00:00+00:00,9.1,16.7,233
2023-10-29 07:00:00+00:00,8.8,16.8,223
2023-10-29 08:00:00+00:00,8.9,18.1,224
2023-10-29 09:00:00+00:00,9.7,15.8,225
2023-10-29 10:00:00+00:00,10.5,16.1,214
2023-10-29 11:00:00+00:00,11.0,18.5,209
2023-10-29 12:00:00+00:00,11.9,17.8,216
2023-10-29 13:00:00+00:00,12.7,16.9,207
2023-10-29 14:00:00+00:00,12.7,14.7,208
2023-10-29 15:00:00+00:00,12.4,13.5,205
2023-10-29 16:00:00+00:00,11.4,11.2,201
2023-10-29 17:00:00+00:00,9.8,10.0,206
2023-10-29 18:00:00+00:00,8.9,10.8,210
2023-10-29 19:00:00+00:00,8.5,9.2,206
2023-10-29 20:00:00+00:00,8.5,10.0,201
2023-10-29 21:00:00+00:00,8.5,9.4,212
2023-10-29 22:00:00+00:00,6.7,8.2,209
2023-10-29 23:00:00+00:00,6.2,7.0,192
2023-10-30 00:00:00+00:00,6.0,7.2,186
2023-10-30 01:00:00+00:00,7.9,6.0,197
2023-10-30 02:00:00+00:00,8.3,3.6,186
2023-10-30 03:00:00+00:00,8.2,4.2,160
2023-10-30 04:00:00+00:00,8.3,1.1,72
2023-10-30 05:00:00+00:00,8.3,2.8,40
2023-10-30 06:00:00+00:00,8.2,4.9,36
2023-10-30 07:00:00+00:00,8.2,3.3,49
2023-10-30 08:00:00+00:00,8.4,2.6,56
2023-10-30 09:00:00+00:00,8.9,3.3,174
2023-10-30 10:00:00+00:00,9.8,2.3,219
2023-10-30 11:00:00+00:00,10.8,2.9,150
2023-10-30 12:00:00+00:00,10.9,4.7,90
2023-10-30 13:00:00+00:00,9.1,11.6,36
2023-10-30 14:00:00+00:00,9.3,12.4,36
2023-10-30 15:00:00+00:00,9.4,14.3,41
2023-10-30 16:00:00+00:00,9.4,14.8,45
2023-10-30 17:00:00+00:00,9.1,11.7,43
2023-10-30 18:00:00+00:00,8.9,13.3,41
2023-10-30 19:00:00+00:00,8.7,11.3,53
2023-10-30 20:00:00+00:00,8.5,12.5,44
2023-10-30 21:00:00+00:00,8.4,11.8,38
2023-10-30 22:00:00+00:00,8.4,12.6,37
2023-10-30 23:00:00+00:00,8.3,11.6,36
2023-10-31 00:00:00+00:00,8.2,10.9,34
2023-10-31 01:00:00+00:00,7.8,9.5,37
2023-10-31 02:00:00+00:00,7.7,9.3,36
2023-10-31 03:00:00+00:00,7.7,9.5,37
2023-10-31 04:00:00+00:00,7.7,8.3,34
2023-10-31 05:00:00+00:00,7.8,8.9,50
2023-10-31 06:00:00+00:00,7.8,10.5,52
2023-10-31 07:00:00+00:00,7.8,8.9,47
2023-10-31 08:00:00+00:00,8.0,7.2,63
2023-10-31 09:00:00+00:00,8.2,9.0,67
2023-10-31 10:00:00+00:00,8.3,10.3,65
2023-10-31 11:00:00+00:00,8.6,10.3,65
2023-10-31 12:00:00+00:00,8.8,9.7,75
2023-10-31 13:00:00+00:00,9.5,2.5,135
2023-10-31 14:00:00+00:00,9.8,1.4,180
2023-10-31 15:00:00+00:00,9.9,2.2,90
2023-10-31 16:00:00+00:00,9.9,1.9,22
2023-10-31 17:00:00+00:00,9.2,2.7,23
2023-10-31 18:00:00+00:00,9.0,3.9,34
2023-10-31 19:00:00+00:00,9.2,2.2,99
2023-10-31 20:00:00+00:00,9.0,3.7,101
2023-10-31 21:00:00+00:00,8.7,2.3,72
2023-10-31 22:00:00+00:00,8.5,4.2,110
2023-10-31 23:00:00+00:00,8.4,5.2,115
2023-11-01 00:00:00+00:00,8.4,7.5,125
2023-11-01 01:00:00+00:00,8.6,7.9,120
2023-11-01 02:00:00+00:00,8.8,10.7,132
2023-11-01 03:00:00+00:00,9.1,14.8,133
2023-11-01 04:00:00+00:00,9.5,18.4,141
2023-11-01 05:00:00+00:00,9.7,17.5,148
2023-11-01 06:00:00+00:00,10.4,17.6,154
2023-11-01 07:00:00+00:00,11.5,20.0,173
2023-11-01 08:00:00+00:00,11.9,23.8,190
2023-11-01 09:00:00+00:00,11.9,25.0,195
2023-11-01 10:00:00+00:00,12.2,23.8,195
2023-11-01 11:00:00+00:00,12.4,26.4,194
2023-11-01 12:00:00+00:00,11.8,26.8,197
2023-11-01 13:00:00+00:00,12.1,30.8,210
2023-11-01 14:00:00+00:00,11.7,29.3,225
2023-11-01 15:00:00+00:00,11.2,26.0,228
2023-11-01 16:00:00+00:00,10.6,25.7,222
2023-11-01 17:00:00+00:00,9.5,22.0,215
2023-11-01 18:00:00+00:00,8.5,22.0,212
2023-11-01 19:00:00+00:00,7.8,22.4,208
2023-11-01 20:00:00+00:00,7.1,19.7,198
2023-11-01 21:00:00+00:00,6.3,15.9,185
2023-11-01 22:00:00+00:00,6.1,13.4,166
2023-11-01 23:00:00+00:00,6.2,12.6,143
2023-11-02 00:00:00+00:00,6.8,14.5,104
2023-11-02 01:00:00+00:00,7.2,17.7,88
2023-11-02 02:00:00+00:00,7.4,20.2,74
2023-11-02 03:00:00+00:00,7.6,21.4,63
2023-11-02 04:00:00+00:00,7.8,19.4,59
2023-11-02 05:00:00+00:00,8.4,16.9,78
2023-11-02 06:00:00+00:00,8.9,15.1,78
2023-11-02 07:00:00+00:00,8.9,13.3,52
2023-11-02 08:00:00+00:00,8.8,16.9,29
2023-11-02 09:00:00+00:00,9.0,15.1,360
2023-11-02 10:00:00+00:00,9.2,19.5,341
2023-11-02 11:00:00+00:00,10.2,23.2,347
2023-11-02 12:00:00+00:00,10.4,24.1,340
2023-11-02 13:00:00+00:00,11.6,23.6,326
2023-11-02 14:00:00+00:00,11.3,22.2,320
2023-11-02 15:00:00+00:00,10.7,23.2,313
2023-11-02 16:00:00+00:00,10.1,24.0,306
2023-11-02 17:00:00+00:00,9.5,24.0,294
2023-11-02 18:00:00+00:00,9.2,20.9,291
2023-11-02 19:00:00+00:00,9.3,21.9,303
2023-11-02 20:00:00+00:00,9.5,22.2,297
2023-11-02 21:00:00+00:00,9.2,22.5,290
2023-11-02 22:00:00+00:00,8.9,23.0,279
2023-11-02 23:00:00+00:00,8.6,24.2,274
2023-11-03 00:00:00+00:00,8.7,26.7,275
2023-11-03 01:00:00+00:00,8.9,27.0,272
2023-11-03 02:00:00+00:00,8.9,27.4,272
2023-11-03 03:00:00+00:00,8.9,27.8,274
2023-11-03 04:00:00+00:00,8.6,27.7,268
2023-11-03 05:00:00+00:00,8.6,25.6,268
2023-11-03 06:00:00+00:00,8.6,24.3,262
2023-11-03 07:00:00+00:00,8.6,25.9,261
2023-11-03 08:00:00+00:00,8.8,23.9,263
2023-11-03 09:00:00+00:00,9.1,25.0,263
2023-11-03 10:00:00+00:00,9.8,25.3,266
2023-11-03 11:00:00+00:00,10.4,26.0,266
2023-11-03 12:00:00+00:00,11.3,28.1,269
2023-11-03 13:00:00+00:00,11.5,24.4,262
2023-11-03 14:00:00+00:00,10.5,27.3,262
2023-11-03 15:00:00+00:00,10.2,25.1,262
2023-11-03 16:00:00+00:00,9.3,25.1,263
2023-11-03 17:00:00+00:00,9.0,24.1,261
2023-11-03 18:00:00+00:00,9.0,23.5,259
2023-11-03 19:00:00+00:00,8.9,22.6,253
2023-11-03 20:00:00+00:00,8.7,21.2,249
2023-11-03 21:00:00+00:00,8.5,18.5,249
2023-11-03 22:00:00+00:00,8.3,17.9,242
2023-11-03 23:00:00+00:00,8.5,21.7,234
2023-11-04 00:00:00+00:00,8.5,20.5,239
2023-11-04 01:00:00+00:00,8.7,16.9,243
2023-11-04 02:00:00+00:00,7.3,10.2,222
2023-11-04 03:00:00+00:00,6.5,10.3,216
2023-11-04 04:00:00+00:00,5.4,7.2,217
2023-11-04 05:00:00+00:00,5.3,10.7,200
2023-11-04 06:00:00+00:00,4.7,9.2,191
2023-11-04 07:00:00+00:00,3.9,5.4,184
2023-11-04 08:00:00+00:00,4.6,5.3,152
2023-11-04 09:00:00+00:00,5.7,7.3,99
2023-11-04 10:00:00+00:00,6.0,14.3,102
2023-11-04 11:00:00+00:00,6.4,15.1,102
2023-11-04 12:00:00+00:00,7.3,18.6,81
2023-11-04 13:00:00+00:00,7.4,20.5,87
2023-11-04 14:00:00+00:00,7.4,18.8,64
2023-11-04 15:00:00+00:00,7.7,20.4,54
2023-11-04 16:00:00+00:00,7.7,20.2,50
2023-11-04 17:00:00+00:00,7.6,19.4,47
2023-11-04 18:00:00+00:00,7.6,17.0,36
2023-11-04 19:00:00+00:00,7.5,17.2,26
2023-11-04 20:00:00+00:00,7.4,18.4,12
2023-11-04 21:00:00+00:00,7.5,18.7,358
2023-11-04 22:00:00+00:00,7.6,20.9,349
2023-11-04 23:00:00+00:00,7.6,22.0,349
2023-11-05 00:00:00+00:00,7.7,21.1,351
2023-11-05 01:00:00+00:00,8.1,21.7,336
2023-11-05 02:00:00+00:00,8.4,25.1,325
2023-11-05 03:00:00+00:00,8.4,24.9,321
2023-11-05 04:00:00+00:00,7.9,24.2,314
2023-11-05 05:00:00+00:00,7.8,22.7,317
2023-11-05 06:00:00+00:00,7.1,20.3,307
2023-11-05 07:00:00+00:00,6.8,21.3,300
2023-11-05 08:00:00+00:00,7.0,20.8,300
2023-11-05 09:00:00+00:00,7.6,19.3,294
2023-11-05 10:00:00+00:00,8.8,17.9,280
2023-11-05 11:00:00+00:00,9.6,21.5,279
2023-11-05 12:00:00+00:00,10.6,22.1,277
2023-11-05 13:00:00+00:00,10.4,19.1,270
2023-11-05 14:00:00+00:00,10.5,19.8,270
2023-11-05 15:00:00+00:00,9.6,17.0,266
2023-11-05 16:00:00+00:00,8.8,16.3,264
2023-11-05 17:00:00+00:00,7.8,16.7,256
2023-11-05 18:00:00+00:00,7.7,14.8,252
2023-11-05 19:00:00+00:00,7.6,13.0,242
2023-11-05 20:00:00+00:00,7.5,14.7,239
2023-11-05 21:00:00+00:00,7.2,14.1,238
2023-11-05 22:00:00+00:00,6.9,14.1,232
2023-11-05 23:00:00+00:00,6.7,16.2,233
2023-11-06 00:00:00+00:00,6.8,16.9,232
2023-11-06 01:00:00+00:00,6.8,15.0,228
2023-11-06 02:00:00+00:00,7.0,18.3,238
2023-11-06 03:00:00+00:00,7.0,19.5,245
2023-11-06 04:00:00+00:00,7.2,19.7,249
2023-11-06 05:00:00+00:00,7.0,20.5,248
2023-11-06 06:00:00+00:00,7.4,22.9,248
2023-11-06 07:00:00+00:00,7.4,24.0,246
2023-11-06 08:00:00+00:00,7.8,22.7,243
2023-11-06 09:00:00+00:00,8.3,22.7,241
2023-11-06 10:00:00+00:00,8.9,19.5,240
2023-11-06 11:00:00+00:00,9.1,21.9,243
2023-11-06 12:00:00+00:00,9.7,23.7,250
2023-11-06 13:00:00+00:00,10.2,24.3,246
2023-11-06 14:00:00+00:00,10.0,22.1,251
2023-11-06 15:00:00+00:00,9.0,21.9,250
2023-11-06 16:00:00+00:00,8.7,24.4,254
2023-11-06 17:00:00+00:00,8.3,22.7,250
2023-11-06 18:00:00+00:00,8.5,21.9,250
2023-11-06 19:00:00+00:00,8.4,20.7,247
2023-11-06 20:00:00+00:00,8.3,21.3,246
2023-11-06 21:00:00+00:00,8.2,21.8,248
2023-11-06 22:00:00+00:00,7.9,21.4,250
2023-11-06 23:00:00+00:00,8.0,22.3,249
2023-11-07 00:00:00+00:00,7.9,21.9,250
2023-11-07 01:00:00+00:00,7.5,22.9,248
2023-11-07 02:00:00+00:00,7.6,23.3,248
2023-11-07 03:00:00+00:00,7.5,24.0,246
2023-11-07 04:00:00+00:00,7.6,24.6,245
2023-11-07 05:00:00+00:00,7.8,24.5,246
2023-11-07 06:00:00+00:00,7.9,24.1,253
2023-11-07 07:00:00+00:00,7.9,24.2,255
2023-11-07 08:00:00+00:00,8.0,22.5,254
2023-11-07 09:00:00+00:00,8.4,24.7,257
2023-11-07 10:00:00+00:00,8.7,24.7,262
2023-11-07 11:00:00+00:00,9.5,27.4,265
2023-11-07 12:00:00+00:00,10.2,28.1,268
2023-11-07 13:00:00+00:00,10.0,27.0,272
2023-11-07 14:00:00+00:00,9.8,21.6,270
2023-11-07 15:00:00+00:00,9.7,19.9,264
2023-11-07 16:00:00+00:00,8.8,22.3,267
2023-11-07 17:00:00+00:00,8.3,21.7,263
2023-11-07 18:00:00+00:00,8.3,22.6,262
2023-11-07 19:00:00+00:00,8.2,21.1,261
2023-11-07 20:00:00+00:00,8.1,18.9,256
2023-11-07 21:00:00+00:00,7.7,16.9,246
2023-11-07 22:00:00+00:00,7.0,15.3,243
2023-11-07 23:00:00+00:00,6.5,13.9,233
2023-11-08 00:00:00+00:00,6.7,15.3,229
2023-11-08 01:00:00+00:00,7.0,16.6,222
2023-11-08 02:00:00+00:00,7.0,16.5,212
2023-11-08 03:00:00+00:00,6.9,17.3,201
2023-11-08 04:00:00+00:00,6.9,17.2,191
2023-11-08 05:00:00+00:00,7.2,20.6,192
2023-11-08 06:00:00+00:00,7.4,22.0,185
2023-11-08 07:00:00+00:00,7.5,23.4,179
2023-11-08 08:00:00+00:00,8.1,26.0,185
2023-11-08 09:00:00+00:00,8.9,27.5,191
2023-11-08 10:00:00+00:00,10.0,26.9,205
2023-11-08 11:00:00+00:00,10.5,23.5,245
2023-11-08 12:00:00+00:00,10.2,21.7,277
2023-11-08 13:00:00+00:00,9.8,20.5,270
2023-11-08 14:00:00+00:00,9.6,19.1,273
2023-11-08 15:00:00+00:00,9.2,16.9,272
2023-11-08 16:00:00+00:00,8.3,14.3,260
2023-11-08 17:00:00+00:00,7.4,13.7,247
2023-11-08 18:00:00+00:00,6.3,11.0,229
2023-11-08 19:00:00+00:00,5.8,12.5,226
2023-11-08 20:00:00+00:00,5.9,13.0,226
2023-11-08 21:00:00+00:00,6.1,16.0,226
2023-11-08 22:00:00+00:00,6.1,16.5,224
2023-11-08 23:00:00+00:00,6.7,19.1,221
2023-11-09 00:00:00+00:00,7.0,17.3,211
2023-11-09 01:00:00+00:00,7.5,18.6,212
2023-11-09 02:00:00+00:00,7.4,18.9,215
2023-11-09 03:00:00+00:00,6.4,18.7,220
2023-11-09 04:00:00+00:00,6.3,17.4,220
2023-11-09 05:00:00+00:00,5.4,16.3,215
2023-11-09 06:00:00+00:00,5.3,17.0,212
2023-11-09 07:00:00+00:00,5.1,17.1,210
2023-11-09 08:00:00+00:00,5.3,18.2,210
2023-11-09 09:00:00+00:00,6.4,22.2,212
2023-11-09 10:00:00+00:00,7.1,25.2,224
2023-11-09 11:00:00+00:00,8.0,20.9,225
2023-11-09 12:00:00+00:00,8.7,22.7,226
2023-11-09 13:00:00+00:00,8.7,21.2,222
2023-11-09 14:00:00+00:00,7.9,19.2,208
2023-11-09 15:00:00+00:00,7.8,18.1,203
2023-11-09 16:00:00+00:00,7.2,18.9,193
2023-11-09 17:00:00+00:00,7.1,19.1,202
2023-11-09 18:00:00+00:00,7.2,19.4,211
2023-11-09 19:00:00+00:00,6.6,19.6,224
2023-11-09 20:00:00+00:00,5.9,20.0,232
2023-11-09 21:00:00+00:00,6.0,20.0,247
2023-11-09 22:00:00+00:00,6.3,20.4,253
2023-11-09 23:00:00+00:00,6.4,19.1,248
2023-11-10 00:00:00+00:00,6.4,16.3,242
2023-11-10 01:00:00+00:00,6.4,15.0,243
2023-11-10 02:00:00+00:00,6.2,12.3,238
2023-11-10 03:00:00+00:00,5.4,10.6,242
2023-11-10 04:00:00+00:00,5.3,5.6,243
2023-11-10 05:00:00+00:00,6.0,6.4,243
2023-11-10 06:00:00+00:00,5.8,6.1,270
2023-11-10 07:00:00+00:00,4.3,8.0,350
2023-11-10 08:00:00+00:00,4.3,11.8,340
2023-11-10 09:00:00+00:00,5.8,15.3,341
2023-11-10 10:00:00+00:00,6.3,17.1,345
2023-11-10 11:00:00+00:00,7.2,19.1,344
2023-11-10 12:00:00+00:00,7.9,19.4,338
2023-11-10 13:00:00+00:00,8.5,18.4,329
2023-11-10 14:00:00+00:00,8.5,16.8,313
2023-11-10 15:00:00+00:00,8.0,17.1,292
2023-11-10 16:00:00+00:00,6.7,17.4,288
2023-11-10 17:00:00+00:00,5.7,17.1,292
2023-11-10 18:00:00+00:00,5.8,17.7,290
2023-11-10 19:00:00+00:00,5.9,18.1,287
2023-11-10 20:00:00+00:00,5.7,16.7,289
2023-11-10 21:00:00+00:00,5.5,17.0,287
2023-11-10 22:00:00+00:00,5.4,17.3,282
2023-11-10 23:00:00+00:00,5.5,19.1,281
2023-11-11 00:00:00+00:00,5.5,18.3,280
2023-11-11 01:00:00+00:00,5.9,18.9,283
2023-11-11 02:00:00+00:00,5.9,18.3,292
2023-11-11 03:00:00+00:00,5.6,17.0,291
2023-11-11 04:00:00+00:00,5.5,16.5,293
2023-11-11 05:00:00+00:00,5.4,16.8,301
2023-11-11 06:00:00+00:00,5.0,14.8,313
2023-11-11 07:00:00+00:00,4.6,12.2,304
2023-11-11 08:00:00+00:00,4.4,9.5,295
2023-11-11 09:00:00+00:00,6.1,10.5,297
2023-11-11 10:00:00+00:00,7.8,11.8,333
2023-11-11 11:00:00+00:00,8.4,10.5,344
2023-11-11 12:00:00+00:00,8.8,7.0,325
2023-11-11 13:00:00+00:00,9.0,4.7,328
2023-11-11 14:00:00+00:00,9.2,3.7,349
2023-11-11 15:00:00+00:00,8.8,1.1,18
2023-11-11 16:00:00+00:00,5.9,7.1,60
2023-11-11 17:00:00+00:00,6.9,5.4,86
2023-11-11 18:00:00+00:00,5.5,5.9,191
2023-11-11 19:00:00+00:00,5.8,5.1,184
2023-11-11 20:00:00+00:00,5.4,6.2,144
2023-11-11 21:00:00+00:00,5.2,6.6,119
2023-11-11 22:00:00+00:00,4.8,6.9,129
2023-11-11 23:00:00+00:00,4.4,6.9,137
2023-11-12 00:00:00+00:00,3.1,7.9,133
2023-11-12 01:00:00+00:00,2.7,7.8,124
2023-11-12 02:00:00+00:00,4.0,4.3,114
2023-11-12 03:00:00+00:00,4.1,4.5,119
2023-11-12 04:00:00+00:00,4.3,6.2,111
2023-11-12 05:00:00+00:00,4.2,5.9,101
2023-11-12 06:00:00+00:00,3.9,5.4,110
2023-11-12 07:00:00+00:00,3.9,6.6,119
2023-11-12 08:00:00+00:00,3.7,7.1,120
2023-11-12 09:00:00+00:00,4.1,7.6,121
2023-11-12 10:00:00+00:00,4.3,8.2,119
2023-11-12 11:00:00+00:00,4.5,10.8,127
2023-11-12 12:00:00+00:00,4.9,11.8,130
2023-11-12 13:00:00+00:00,5.7,13.1,127
2023-11-12 14:00:00+00:00,6.0,12.0,129
2023-11-12 15:00:00+00:00,6.2,13.3,128
2023-11-12 16:00:00+00:00,6.5,14.6,140
2023-11-12 17:00:00+00:00,6.6,13.5,151
2023-11-12 18:00:00+00:00,6.8,13.3,161
2023-11-12 19:00:00+00:00,7.0,12.4,172
2023-11-12 20:00:00+00:00,7.1,13.1,189
2023-11-12 21:00:00+00:00,7.7,13.9,205
2023-11-12 22:00:00+00:00,7.9,12.6,217
2023-11-12 23:00:00+00:00,7.4,9.7,211
2023-11-13 00:00:00+00:00,7.2,10.7,213
2023-11-13 01:00:00+00:00,7.6,11.2,201
2023-11-13 02:00:00+00:00,7.4,12.0,196
2023-11-13 03:00:00+00:00,7.5,14.3,190
2023-11-13 04:00:00+00:00,7.9,16.9,181
2023-11-13 05:00:00+00:00,8.0,14.5,161
2023-11-13 06:00:00+00:00,8.3,20.4,159
2023-11-13 07:00:00+00:00,8.6,23.8,151
2023-11-13 08:00:00+00:00,9.0,22.4,174
2023-11-13 09:00:00+00:00,11.1,32.6,227
2023-11-13 10:00:00+00:00,11.3,40.0,232
2023-11-13 11:00:00+00:00,11.6,41.3,234
2023-11-13 12:00:00+00:00,11.6,42.7,236
2023-11-13 13:00:00+00:00,11.7,40.7,231
2023-11-13 14:00:00+00:00,11.5,46.3,240
2023-11-13 15:00:00+00:00,11.3,44.8,245
2023-11-13 16:00:00+00:00,10.9,44.0,250
2023-11-13 17:00:00+00:00,10.4,41.4,255
2023-11-13 18:00:00+00:00,10.2,38.7,255
2023-11-13 19:00:00+00:00,10.1,40.0,259
2023-11-13 20:00:00+00:00,9.8,36.1,256
2023-11-13 21:00:00+00:00,9.6,28.9,256
2023-11-13 22:00:00+00:00,9.8,27.1,256
2023-11-13 23:00:00+00:00,9.8,22.3,256
2023-11-14 00:00:00+00:00,10.0,22.5,250
2023-11-14 01:00:00+00:00,10.2,25.0,245
2023-11-14 02:00:00+00:00,9.9,21.8,248
2023-11-14 03:00:00+00:00,10.1,19.8,245
2023-11-14 04:00:00+00:00,10.0,19.3,243
2023-11-14 05:00:00+00:00,9.8,21.0,239
2023-11-14 06:00:00+00:00,9.3,20.3,240
2023-11-14 07:00:00+00:00,9.7,19.6,238
2023-11-14 08:00:00+00:00,9.6,17.7,231
2023-11-14 09:00:00+00:00,10.0,18.0,237
2023-11-14 10:00:00+00:00,10.5,19.0,245
2023-11-14 11:00:00+00:00,11.3,17.3,253
2023-11-14 12:00:00+00:00,11.4,18.0,258
2023-11-14 13:00:00+00:00,11.1,17.4,276
2023-11-14 14:00:00+00:00,10.8,19.8,271
2023-11-14 15:00:00+00:00,10.5,20.2,273
2023-11-14 16:00:00+00:00,9.9,22.4,274
2023-11-14 17:00:00+00:00,9.6,25.2,273
2023-11-14 18:00:00+00:00,9.4,24.5,273
2023-11-14 19:00:00+00:00,9.4,24.1,270
2023-11-14 20:00:00+00:00,9.1,22.5,264
2023-11-14 21:00:00+00:00,9.1,22.0,260
2023-11-14 22:00:00+00:00,9.2,23.2,264
2023-11-14 23:00:00+00:00,9.1,22.1,263
2023-11-15 00:00:00+00:00,9.2,23.4,266
2023-11-15 01:00:00+00:00,9.1,24.3,258
2023-11-15 02:00:00+00:00,9.1,24.1,250
2023-11-15 03:00:00+00:00,9.2,25.0,252
2023-11-15 04:00:00+00:00,8.9,27.0,254
2023-11-15 05:00:00+00:00,8.8,26.7,256
2023-11-15 06:00:00+00:00,8.9,27.8,260
2023-11-15 07:00:00+00:00,8.8,28.8,261
2023-11-15 08:00:00+00:00,8.7,29.1,261
2023-11-15 09:00:00+00:00,8.8,27.4,260
2023-11-15 10:00:00+00:00,8.9,27.5,264
2023-11-15 11:00:00+00:00,9.1,26.1,264
2023-11-15 12:00:00+00:00,9.3,25.6,267
2023-11-15 13:00:00+00:00,9.5,25.8,262
2023-11-15 14:00:00+00:00,9.5,26.3,266
2023-11-15 15:00:00+00:00,9.1,26.7,268
2023-11-15 16:00:00+00:00,8.8,24.5,268
2023-11-15 17:00:00+00:00,8.4,23.4,272
2023-11-15 18:00:00+00:00,8.6,22.3,271
2023-11-15 19:00:00+00:00,8.6,20.9,273
2023-11-15 20:00:00+00:00,8.6,18.7,271
2023-11-15 21:00:00+00:00,8.5,16.2,270
2023-11-15 22:00:00+00:00,8.4,14.5,276
2023-11-15 23:00:00+00:00,8.0,12.3,275
2023-11-16 00:00:00+00:00,8.0,10.8,291
2023-11-16 01:00:00+00:00,5.3,7.7,281
2023-11-16 02:00:00+00:00,5.6,5.1,278
2023-11-16 03:00:00+00:00,4.2,4.7,293
2023-11-16 04:00:00+00:00,4.9,4.8,312
2023-11-16 05:00:00+00:00,4.8,6.1,357
2023-11-16 06:00:00+00:00,5.1,5.2,12
2023-11-16 07:00:00+00:00,5.1,6.3,13
2023-11-16 08:00:00+00:00,5.6,7.3,20
2023-11-16 09:00:00+00:00,5.9,5.5,32
2023-11-16 10:00:00+00:00,6.2,4.9,17
2023-11-16 11:00:00+00:00,6.7,4.5,29
2023-11-16 12:00:00+00:00,7.1,3.2,63
2023-11-16 13:00:00+00:00,7.5,2.6,326
2023-11-16 14:00:00+00:00,7.9,2.9,330
2023-11-16 15:00:00+00:00,8.0,2.7,293
2023-11-16 16:00:00+00:00,7.4,3.2,243
2023-11-16 17:00:00+00:00,6.4,3.6,217
2023-11-16 18:00:00+00:00,5.8,3.8,229
2023-11-16 19:00:00+00:00,5.5,4.8,243
2023-11-16 20:00:00+00:00,4.6,6.0,245
2023-11-16 21:00:00+00:00,5.0,8.2,241
2023-11-16 22:00:00+00:00,5.6,9.1,236
2023-11-16 23:00:00+00:00,6.0,8.7,228
2023-11-17 00:00:00+00:00,6.2,10.7,230
2023-11-17 01:00:00+00:00,6.3,13.4,216
2023-11-17 02:00:00+00:00,5.8,13.2,235
2023-11-17 03:00:00+00:00,6.2,17.1,252
2023-11-17 04:00:00+00:00,6.4,19.4,260
2023-11-17 05:00:00+00:00,6.2,18.4,269
2023-11-17 06:00:00+00:00,6.1,17.3,270
2023-11-17 07:00:00+00:00,6.1,15.9,265
2023-11-17 08:00:00+00:00,6.1,13.4,256
2023-11-17 09:00:00+00:00,6.6,14.1,257
2023-11-17 10:00:00+00:00,7.6,13.1,261
2023-11-17 11:00:00+00:00,7.9,14.0,270
2023-11-17 12:00:00+00:00,8.3,10.8,270
2023-11-17 13:00:00+00:00,9.1,11.4,246
2023-11-17 14:00:00+00:00,8.9,10.2,247
2023-11-17 15:00:00+00:00,8.5,7.9,223
2023-11-17 16:00:00+00:00,7.0,6.4,218
2023-11-17 17:00:00+00:00,5.8,7.3,213
2023-11-17 18:00:00+00:00,5.9,8.4,211
2023-11-17 19:00:00+00:00,5.8,8.2,209
2023-11-17 20:00:00+00:00,6.3,9.5,205
2023-11-17 21:00:00+00:00,6.5,10.8,195
2023-11-17 22:00:00+00:00,6.5,10.8,182
2023-11-17 23:00:00+00:00,6.4,13.0,178
2023-11-18 00:00:00+00:00,6.5,13.8,173
2023-11-18 01:00:00+00:00,7.3,16.2,168
2023-11-18 02:00:00+00:00,7.5,19.0,161
2023-11-18 03:00:00+00:00,7.2,19.8,155
2023-11-18 04:00:00+00:00,7.2,19.9,158
2023-11-18 05:00:00+00:00,7.7,21.0,158
2023-11-18 06:00:00+00:00,8.3,22.1,173
2023-11-18 07:00:00+00:00,8.9,19.2,185
2023-11-18 08:00:00+00:00,9.9,19.5,199
2023-11-18 09:00:00+00:00,11.3,18.8,206
2023-11-18 10:00:00+00:00,12.6,20.7,215
2023-11-18 11:00:00+00:00,13.6,23.2,223
2023-11-18 12:00:00+00:00,14.0,23.4,227
2023-11-18 13:00:00+00:00,13.5,25.0,224
2023-11-18 14:00:00+00:00,14.0,29.5,232
2023-11-18 15:00:00+00:00,13.6,30.8,235
2023-11-18 16:00:00+00:00,12.9,31.5,234
2023-11-18 17:00:00+00:00,12.4,32.0,236
2023-11-18 18:00:00+00:00,12.0,32.8,237
2023-11-18 19:00:00+00:00,12.0,33.9,237
2023-11-18 20:00:00+00:00,11.6,34.5,238
2023-11-18 21:00:00+00:00,11.7,36.1,238
2023-11-18 22:00:00+00:00,11.5,37.7,238
2023-11-18 23:00:00+00:00,11.1,37.3,239
2023-11-19 00:00:00+00:00,11.0,36.9,240
2023-11-19 01:00:00+00:00,10.9,40.0,238
2023-11-19 02:00:00+00:00,10.8,39.2,241
2023-11-19 03:00:00+00:00,10.7,36.6,241
2023-11-19 04:00:00+00:00,10.5,34.2,240
2023-11-19 05:00:00+00:00,10.5,32.9,236
2023-11-19 06:00:00+00:00,10.5,30.0,237
2023-11-19 07:00:00+00:00,10.7,26.0,233
2023-11-19 08:00:00+00:00,10.9,22.4,228
2023-11-19 09:00:00+00:00,11.0,21.3,217
2023-11-19 10:00:00+00:00,11.3,21.3,217
2023-11-19 11:00:00+00:00,11.6,20.9,216
2023-11-19 12:00:00+00:00,11.7,19.1,229
2023-11-19 13:00:00+00:00,12.3,24.2,233
2023-11-19 14:00:00+00:00,12.5,23.5,238
2023-11-19 15:00:00+00:00,12.1,25.1,246
2023-11-19 16:00:00+00:00,11.7,23.0,250
2023-11-19 17:00:00+00:00,11.6,26.0,256
2023-11-19 18:00:00+00:00,11.4,25.3,259
2023-11-19 19:00:00+00:00,11.2,23.1,255
2023-11-19 20:00:00+00:00,10.9,22.8,254
2023-11-19 21:00:00+00:00,10.7,22.6,253
2023-11-19 22:00:00+00:00,10.5,23.8,255
2023-11-19 23:00:00+00:00,10.3,24.4,257
2023-11-20 00:00:00+00:00,9.8,24.4,254
2023-11-20 01:00:00+00:00,8.9,20.3,247
2023-11-20 02:00:00+00:00,8.1,15.9,245
2023-11-20 03:00:00+00:00,8.0,15.3,236
2023-11-20 04:00:00+00:00,8.6,18.1,235
2023-11-20 05:00:00+00:00,8.7,17.0,234
2023-11-20 06:00:00+00:00,8.2,9.0,241
2023-11-20 07:00:00+00:00,8.3,12.4,244
2023-11-20 08:00:00+00:00,8.2,12.0,254
2023-11-20 09:00:00+00:00,8.8,13.4,265
2023-11-20 10:00:00+00:00,9.8,18.0,282
2023-11-20 11:00:00+00:00,10.5,18.2,284
2023-11-20 12:00:00+00:00,10.5,16.9,290
2023-11-20 13:00:00+00:00,10.9,20.9,297
2023-11-20 14:00:00+00:00,11.4,16.4,303
2023-11-20 15:00:00+00:00,11.5,14.5,314
2023-11-20 16:00:00+00:00,11.0,13.5,316
2023-11-20 17:00:00+00:00,10.6,13.0,312
2023-11-20 18:00:00+00:00,10.7,14.5,312
2023-11-20 19:00:00+00:00,10.8,14.3,326
2023-11-20 20:00:00+00:00,10.5,16.8,350
2023-11-20 21:00:00+00:00,10.1,16.3,354
2023-11-20 22:00:00+00:00,9.8,15.8,348
2023-11-20 23:00:00+00:00,9.9,21.9,351
2023-11-21 00:00:00+00:00,9.5,23.7,347
2023-11-21 01:00:00+00:00,9.0,25.6,350
2023-11-21 02:00:00+00:00,8.8,23.9,349
2023-11-21 03:00:00+00:00,8.5,23.4,346
2023-11-21 04:00:00+00:00,8.5,24.3,345
2023-11-21 05:00:00+00:00,8.5,24.2,337
2023-11-21 06:00:00+00:00,8.6,23.5,337
2023-11-21 07:00:00+00:00,8.8,28.1,1
2023-11-21 08:00:00+00:00,8.3,27.0,2
2023-11-21 09:00:00+00:00,8.1,24.6,5
2023-11-21 10:00:00+00:00,8.1,23.3,8
2023-11-21 11:00:00+00:00,8.5,25.5,13
2023-11-21 12:00:00+00:00,8.9,23.3,17
2023-11-21 13:00:00+00:00,8.7,21.1,9
2023-11-21 14:00:00+00:00,8.5,18.8,4
2023-11-21 15:00:00+00:00,7.8,14.0,359
2023-11-21 16:00:00+00:00,7.1,11.1,347
2023-11-21 17:00:00+00:00,6.0,9.4,337
2023-11-21 18:00:00+00:00,5.5,6.6,331
2023-11-21 19:00:00+00:00,5.2,5.1,315
2023-11-21 20:00:00+00:00,4.1,4.3,294
2023-11-21 21:00:00+00:00,4.2,3.2,270
2023-11-21 22:00:00+00:00,3.2,5.1,262
2023-11-21 23:00:00+00:00,2.4,5.7,252
2023-11-22 00:00:00+00:00,2.9,8.2,247
2023-11-22 01:00:00+00:00,6.2,13.4,243
2023-11-22 02:00:00+00:00,6.5,16.3,242
2023-11-22 03:00:00+00:00,6.8,18.1,247
2023-11-22 04:00:00+00:00,7.5,20.6,254
2023-11-22 05:00:00+00:00,7.9,21.0,254
2023-11-22 06:00:00+00:00,8.0,19.2,247
2023-11-22 07:00:00+00:00,8.4,21.6,252
2023-11-22 08:00:00+00:00,8.9,26.7,260
2023-11-22 09:00:00+00:00,9.2,24.9,260
2023-11-22 10:00:00+00:00,9.6,24.6,258
2023-11-22 11:00:00+00:00,10.0,22.0,252
2023-11-22 12:00:00+00:00,10.5,20.5,260
2023-11-22 13:00:00+00:00,10.6,23.6,262
2023-11-22 14:00:00+00:00,10.7,23.9,264
2023-11-22 15:00:00+00:00,10.8,22.8,264
2023-11-22 16:00:00+00:00,10.6,21.3,264
2023-11-22 17:00:00+00:00,10.6,20.5,270
2023-11-22 18:00:00+00:00,10.6,17.3,265
2023-11-22 19:00:00+00:00,10.8,18.7,268
2023-11-22 20:00:00+00:00,11.1,23.6,277
2023-11-22 21:00:00+00:00,11.2,26.8,281
2023-11-22 22:00:00+00:00,11.3,29.2,279
2023-11-22 23:00:00+00:00,11.3,32.5,280
2023-11-23 00:00:00+00:00,11.3,34.2,278
2023-11-23 01:00:00+00:00,11.4,42.6,279
2023-11-23 02:00:00+00:00,11.4,41.4,277
2023-11-23 03:00:00+00:00,11.3,35.4,275
2023-11-23 04:00:00+00:00,11.2,31.3,272
2023-11-23 05:00:00+00:00,11.1,29.9,269
2023-11-23 06:00:00+00:00,11.1,29.3,264
2023-11-23 07:00:00+00:00,11.0,27.5,264
2023-11-23 08:00:00+00:00,11.1,27.8,267
2023-11-23 09:00:00+00:00,11.1,28.9,266
2023-11-23 10:00:00+00:00,11.1,30.5,263
2023-11-23 11:00:00+00:00,11.3,30.9,262
2023-11-23 12:00:00+00:00,11.5,31.0,266
2023-11-23 13:00:00+00:00,11.4,32.6,263
2023-11-23 14:00:00+00:00,11.2,34.6,266
2023-11-23 15:00:00+00:00,11.4,32.1,272
2023-11-23 16:00:00+00:00,11.7,26.9,278
2023-11-23 17:00:00+00:00,11.6,20.3,303
2023-11-23 18:00:00+00:00,10.2,28.0,305
2023-11-23 19:00:00+00:00,9.3,30.6,304
2023-11-23 20:00:00+00:00,8.6,29.0,305
2023-11-23 21:00:00+00:00,8.2,29.7,299
2023-11-23 22:00:00+00:00,8.0,29.2,300
2023-11-23 23:00:00+00:00,7.9,28.3,301
2023-11-24 00:00:00+00:00,7.6,26.7,305
2023-11-24 01:00:00+00:00,7.6,22.8,308
2023-11-24 02:00:00+00:00,6.9,21.7,312
2023-11-24 03:00:00+00:00,6.6,23.0,310
2023-11-24 04:00:00+00:00,6.1,23.3,309
2023-11-24 05:00:00+00:00,6.0,23.2,312
2023-11-24 06:00:00+00:00,6.4,22.4,314
2023-11-24 07:00:00+00:00,5.9,22.0,322
2023-11-24 08:00:00+00:00,5.3,21.9,327
2023-11-24 09:00:00+00:00,5.1,21.6,327
2023-11-24 10:00:00+00:00,5.4,20.5,326
2023-11-24 11:00:00+00:00,5.6,24.8,332
2023-11-24 12:00:00+00:00,5.6,23.7,330
2023-11-24 13:00:00+00:00,5.2,22.3,329
2023-11-24 14:00:00+00:00,5.1,20.2,325
2023-11-24 15:00:00+00:00,4.4,17.3,324
2023-11-24 16:00:00+00:00,3.4,17.7,333
2023-11-24 17:00:00+00:00,3.0,18.1,337
2023-11-24 18:00:00+00:00,2.8,17.2,334
2023-11-24 19:00:00+00:00,2.6,16.4,327
2023-11-24 20:00:00+00:00,2.7,16.7,323
2023-11-24 21:00:00+00:00,2.3,16.0,316
2023-11-24 22:00:00+00:00,1.8,15.3,304
2023-11-24 23:00:00+00:00,1.5,14.6,303
2023-11-25 00:00:00+00:00,1.2,13.1,307
2023-11-25 01:00:00+00:00,1.0,12.8,310
2023-11-25 02:00:00+00:00,0.6,11.9,299
2023-11-25 03:00:00+00:00,0.1,11.3,287
2023-11-25 04:00:00+00:00,-0.0,12.3,285
2023-11-25 05:00:00+00:00,0.6,16.5,293
2023-11-25 06:00:00+00:00,1.3,17.2,303
2023-11-25 07:00:00+00:00,1.5,15.3,309
2023-11-25 08:00:00+00:00,1.4,14.3,317
2023-11-25 09:00:00+00:00,2.2,13.5,318
2023-11-25 10:00:00+00:00,3.6,12.1,323
2023-11-25 11:00:00+00:00,4.6,12.6,333
2023-11-25 12:00:00+00:00,5.2,12.7,335
2023-11-25 13:00:00+00:00,5.3,9.9,316
2023-11-25 14:00:00+00:00,5.2,9.4,310
2023-11-25 15:00:00+00:00,4.3,6.3,301
2023-11-25 16:00:00+00:00,2.3,7.3,290
2023-11-25 17:00:00+00:00,1.5,8.2,285
2023-11-25 18:00:00+00:00,1.3,6.6,292
2023-11-25 19:00:00+00:00,0.9,5.8,300
2023-11-25 20:00:00+00:00,1.1,5.0,300
2023-11-25 21:00:00+00:00,0.7,5.4,290
2023-11-25 22:00:00+00:00,1.0,4.4,279
2023-11-25 23:00:00+00:00,0.3,4.0,270
2023-11-26 00:00:00+00:00,0.3,2.5,270
2023-11-26 01:00:00+00:00,0.4,4.8,257
2023-11-26 02:00:00+00:00,0.8,6.2,249
2023-11-26 03:00:00+00:00,0.9,6.8,252
2023-11-26 04:00:00+00:00,0.9,5.2,254
2023-11-26 05:00:00+00:00,1.0,5.6,255
2023-11-26 06:00:00+00:00,1.1,6.5,251
2023-11-26 07:00:00+00:00,1.6,6.4,243
2023-11-26 08:00:00+00:00,1.3,6.2,249
2023-11-26 09:00:00+00:00,1.7,6.8,252
2023-11-26 10:00:00+00:00,3.5,5.8,248
2023-11-26 11:00:00+00:00,4.9,4.1,218
2023-11-26 12:00:00+00:00,5.5,5.8,210
2023-11-26 13:00:00+00:00,5.9,7.7,233
2023-11-26 14:00:00+00:00,5.6,5.1,219
2023-11-26 15:00:00+00:00,5.5,4.6,198
2023-11-26 16:00:00+00:00,4.9,6.2,201
2023-11-26 17:00:00+00:00,4.8,4.8,228
2023-11-26 18:00:00+00:00,4.1,3.8,221
2023-11-26 19:00:00+00:00,3.4,4.2,239
2023-11-26 20:00:00+00:00,3.9,3.3,257
2023-11-26 21:00:00+00:00,4.3,2.9,277
2023-11-26 22:00:00+00:00,4.5,1.8,259
2023-11-26 23:00:00+00:00,4.6,1.1,252
2023-11-27 00:00:00+00:00,4.7,2.6,236
2023-11-27 01:00:00+00:00,5.1,0.7,270
2023-11-27 02:00:00+00:00,5.2,1.3,56
2023-11-27 03:00:00+00:00,5.1,1.1,72
2023-11-27 04:00:00+00:00,5.1,2.5,352
2023-11-27 05:00:00+00:00,5.0,6.9,351
2023-11-27 06:00:00+00:00,4.8,7.8,13
2023-11-27 07:00:00+00:00,4.4,12.2,360
2023-11-27 08:00:00+00:00,3.6,13.7,360
2023-11-27 09:00:00+00:00,3.6,18.2,18
2023-11-27 10:00:00+00:00,3.6,15.4,16
2023-11-27 11:00:00+00:00,2.9,14.6,9
2023-11-27 12:00:00+00:00,3.8,18.1,7
2023-11-27 13:00:00+00:00,4.0,19.0,345
2023-11-27 14:00:00+00:00,5.0,21.7,349
2023-11-27 15:00:00+00:00,5.1,21.7,345
2023-11-27 16:00:00+00:00,5.1,21.5,342
2023-11-27 17:00:00+00:00,4.8,21.8,347
2023-11-27 18:00:00+00:00,4.8,22.3,351
2023-11-27 19:00:00+00:00,4.8,20.0,353
2023-11-27 20:00:00+00:00,4.6,21.0,348
2023-11-27 21:00:00+00:00,4.6,22.7,350
2023-11-27 22:00:00+00:00,4.4,23.5,355
2023-11-27 23:00:00+00:00,4.6,22.4,5
2023-11-28 00:00:00+00:00,5.0,19.1,16
2023-11-28 01:00:00+00:00,4.4,17.8,14
2023-11-28 02:00:00+00:00,4.0,18.2,8
2023-11-28 03:00:00+00:00,3.7,15.8,1
2023-11-28 04:00:00+00:00,3.4,15.2,355
2023-11-28 05:00:00+00:00,3.3,13.8,354
2023-11-28 06:00:00+00:00,2.9,10.9,343
2023-11-28 07:00:00+00:00,2.7,9.6,326
2023-11-28 08:00:00+00:00,2.1,9.9,327
2023-11-28 09:00:00+00:00,2.7,9.4,320
2023-11-28 10:00:00+00:00,4.1,8.3,304
2023-11-28 11:00:00+00:00,5.2,7.8,304
2023-11-28 12:00:00+00:00,5.6,9.2,309
2023-11-28 13:00:00+00:00,5.4,11.9,295
2023-11-28 14:00:00+00:00,5.0,13.1,291
2023-11-28 15:00:00+00:00,4.1,12.9,288
2023-11-28 16:00:00+00:00,2.9,11.8,282
2023-11-28 17:00:00+00:00,2.9,12.5,282
2023-11-28 18:00:00+00:00,3.2,14.4,273
2023-11-28 19:00:00+00:00,2.8,13.7,272
2023-11-28 20:00:00+00:00,2.6,14.2,279
2023-11-28 21:00:00+00:00,2.4,14.1,289
2023-11-28 22:00:00+00:00,2.3,13.7,300
2023-11-28 23:00:00+00:00,1.8,12.0,311
2023-11-29 00:00:00+00:00,0.9,11.0,319
2023-11-29 01:00:00+00:00,0.4,9.4,310
2023-11-29 02:00:00+00:00,-0.0,9.0,307
2023-11-29 03:00:00+00:00,-0.4,8.7,312
2023-11-29 04:00:00+00:00,-0.5,8.4,317
2023-11-29 05:00:00+00:00,-0.8,7.7,311
2023-11-29 06:00:00+00:00,-1.3,6.3,301
2023-11-29 07:00:00+00:00,-1.9,5.4,290
2023-11-29 08:00:00+00:00,-2.2,5.0,291
2023-11-29 09:00:00+00:00,-0.8,5.0,291
2023-11-29 10:00:00+00:00,1.4,5.9,308
2023-11-29 11:00:00+00:00,2.4,5.5,337
2023-11-29 12:00:00+00:00,2.6,4.5,346
2023-11-29 13:00:00+00:00,2.5,9.0,331
2023-11-29 14:00:00+00:00,2.5,9.0,331
2023-11-29 15:00:00+00:00,1.7,8.5,348
2023-11-29 16:00:00+00:00,0.5,7.0,339
2023-11-29 17:00:00+00:00,0.9,6.4,322
2023-11-29 18:00:00+00:00,-1.0,5.6,320
2023-11-29 19:00:00+00:00,-1.1,5.9,322
2023-11-29 20:00:00+00:00,-0.8,5.4,323
2023-11-29 21:00:00+00:00,-1.5,6.4,333
2023-11-29 22:00:00+00:00,-1.1,7.7,349
2023-11-29 23:00:00+00:00,-1.0,9.7,360
2023-11-30 00:00:00+00:00,-1.3,10.8,360
2023-11-30 01:00:00+00:00,-0.4,13.5,9
2023-11-30 02:00:00+00:00,0.2,14.2,21
2023-11-30 03:00:00+00:00,0.5,13.6,22
2023-11-30 04:00:00+00:00,-0.1,13.3,13
2023-11-30 05:00:00+00:00,-1.1,13.4,6
2023-11-30 06:00:00+00:00,-1.7,14.4,3
2023-11-30 07:00:00+00:00,-1.7,14.0,1
2023-11-30 08:00:00+00:00,-1.5,13.3,2
2023-11-30 09:00:00+00:00,-0.6,13.5,9
2023-11-30 10:00:00+00:00,0.6,14.5,7
2023-11-30 11:00:00+00:00,1.7,14.3,10
2023-11-30 12:00:00+00:00,2.4,15.0,10
2023-11-30 13:00:00+00:00,2.2,16.9,11
2023-11-30 14:00:00+00:00,2.3,18.8,17
2023-11-30 15:00:00+00:00,1.6,15.3,15
2023-11-30 16:00:00+00:00,0.7,15.3,8
2023-11-30 17:00:00+00:00,0.9,14.4,3
2023-11-30 18:00:00+00:00,0.2,14.4,356
2023-11-30 19:00:00+00:00,-0.2,13.9,350
2023-11-30 20:00:00+00:00,-0.6,13.6,349
2023-11-30 21:00:00+00:00,-0.6,13.6,348
2023-11-30 22:00:00+00:00,-0.7,13.7,346
2023-11-30 23:00:00+00:00,-0.8,13.9,343
2023-12-01 00:00:00+00:00,-0.9,14.0,342
2023-12-01 01:00:00+00:00,-0.8,14.8,346
2023-12-01 02:00:00+00:00,-0.8,15.3,345
2023-12-01 03:00:00+00:00,-0.7,14.8,347
2023-12-01 04:00:00+00:00,-0.8,15.0,349
2023-12-01 05:00:00+00:00,-1.0,13.9,350
2023-12-01 06:00:00+00:00,-1.1,12.3,345
2023-12-01 07:00:00+00:00,-1.2,11.9,346
2023-12-01 08:00:00+00:00,-1.2,11.6,344
2023-12-01 09:00:00+00:00,-0.4,12.2,346
2023-12-01 10:00:00+00:00,0.7,11.8,348
2023-12-01 11:00:00+00:00,1.6,10.9,351
2023-12-01 12:00:00+00:00,2.2,10.8,360
2023-12-01 13:00:00+00:00,1.6,9.4,2
2023-12-01 14:00:00+00:00,1.5,9.4,7
2023-12-01 15:00:00+00:00,0.3,7.6,357
2023-12-01 16:00:00+00:00,-1.5,7.6,341
2023-12-01 17:00:00+00:00,-1.7,8.0,333
2023-12-01 18:00:00+00:00,-1.7,7.7,332
2023-12-01 19:00:00+00:00,-1.8,7.3,327
2023-12-01 20:00:00+00:00,-2.2,6.1,315
2023-12-01 21:00:00+00:00,-2.6,5.7,305
2023-12-01 22:00:00+00:00,-3.0,4.3,294
2023-12-01 23:00:00+00:00,-3.3,3.0,284
2023-12-02 00:00:00+00:00,-3.5,1.8,281
2023-12-02 01:00:00+00:00,-3.5,3.3,264
2023-12-02 02:00:00+00:00,-3.3,4.0,260
2023-12-02 03:00:00+00:00,-3.4,4.4,261
2023-12-02 04:00:00+00:00,-3.4,3.6,264
2023-12-02 05:00:00+00:00,-3.5,4.1,255
2023-12-02 06:00:00+00:00,-3.5,4.0,260
2023-12-02 07:00:00+00:00,-3.4,4.8,257
2023-12-02 08:00:00+00:00,-3.4,4.9,253
2023-12-02 09:00:00+00:00,-1.8,7.4,247
2023-12-02 10:00:00+00:00,0.5,8.9,227
2023-12-02 11:00:00+00:00,2.0,9.3,208
2023-12-02 12:00:00+00:00,2.8,11.0,212
2023-12-02 13:00:00+00:00,2.6,13.1,217
2023-12-02 14:00:00+00:00,2.1,14.1,218
2023-12-02 15:00:00+00:00,0.6,14.1,218
2023-12-02 16:00:00+00:00,-0.4,13.0,219
2023-12-02 17:00:00+00:00,-1.1,12.6,217
2023-12-02 18:00:00+00:00,-0.9,13.9,217
2023-12-02 19:00:00+00:00,-0.7,14.9,217
2023-12-02 20:00:00+00:00,-0.9,14.9,212
2023-12-02 21:00:00+00:00,-1.1,16.9,214
2023-12-02 22:00:00+00:00,-0.6,16.2,212
2023-12-02 23:00:00+00:00,-0.4,15.5,202
2023-12-03 00:00:00+00:00,-0.9,14.6,190
2023-12-03 01:00:00+00:00,0.3,16.2,197
2023-12-03 02:00:00+00:00,-0.4,15.6,188
2023-12-03 03:00:00+00:00,-0.4,11.5,178
2023-12-03 04:00:00+00:00,0.2,10.8,180
2023-12-03 05:00:00+00:00,0.4,10.5,184
2023-12-03 06:00:00+00:00,0.6,9.0,196
2023-12-03 07:00:00+00:00,0.8,7.5,197
2023-12-03 08:00:00+00:00,0.5,5.4,200
2023-12-03 09:00:00+00:00,1.1,5.9,194
2023-12-03 10:00:00+00:00,1.9,5.5,191
2023-12-03 11:00:00+00:00,2.4,6.6,167
2023-12-03 12:00:00+00:00,2.6,4.1,165
2023-12-03 13:00:00+00:00,1.7,3.3,131
2023-12-03 14:00:00+00:00,1.5,2.4,117
2023-12-03 15:00:00+00:00,1.5,5.2,74
2023-12-03 16:00:00+00:00,1.1,6.1,45
2023-12-03 17:00:00+00:00,0.9,5.6,45
2023-12-03 18:00:00+00:00,0.8,6.3,31
2023-12-03 19:00:00+00:00,0.7,7.6,19
2023-12-03 20:00:00+00:00,0.7,9.0,23
2023-12-03 21:00:00+00:00,0.6,10.2,23
2023-12-03 22:00:00+00:00,0.6,10.4,20
2023-12-03 23:00:00+00:00,0.7,12.1,17
2023-12-04 00:00:00+00:00,0.8,12.8,16
2023-12-04 01:00:00+00:00,0.9,13.0,14
2023-12-04 02:00:00+00:00,1.3,15.1,18
2023-12-04 03:00:00+00:00,1.7,15.5,25
2023-12-04 04:00:00+00:00,2.2,14.2,30
2023-12-04 05:00:00+00:00,2.4,11.7,34
2023-12-04 06:00:00+00:00,2.9,11.5,58
2023-12-04 07:00:00+00:00,3.4,14.6,80
2023-12-04 08:00:00+00:00,2.9,15.5,90
2023-12-04 09:00:00+00:00,2.3,14.5,84
2023-12-04 10:00:00+00:00,1.9,13.8,75
2023-12-04 11:00:00+00:00,1.3,11.1,61
2023-12-04 12:00:00+00:00,1.2,11.2,42
2023-12-04 13:00:00+00:00,3.7,12.0,44
2023-12-04 14:00:00+00:00,3.7,12.4,36
2023-12-04 15:00:00+00:00,3.6,14.0,26
2023-12-04 16:00:00+00:00,3.6,14.5,23
2023-12-04 17:00:00+00:00,3.8,14.0,26
2023-12-04 18:00:00+00:00,3.9,13.8,28
2023-12-04 19:00:00+00:00,4.0,13.5,25
2023-12-04 20:00:00+00:00,4.0,12.8,22
2023-12-04 21:00:00+00:00,4.1,13.6,17
2023-12-04 22:00:00+00:00,4.2,14.2,21
2023-12-04 23:00:00+00:00,4.4,14.5,30
2023-12-05 00:00:00+00:00,4.6,16.6,34
2023-12-05 01:00:00+00:00,4.5,16.3,31
2023-12-05 02:00:00+00:00,4.6,17.0,32
2023-12-05 03:00:00+00:00,4.6,16.8,31
2023-12-05 04:00:00+00:00,4.6,15.4,33
2023-12-05 05:00:00+00:00,4.5,15.9,25
2023-12-05 06:00:00+00:00,4.4,16.5,23
2023-12-05 07:00:00+00:00,4.3,16.9,12
2023-12-05 08:00:00+00:00,4.4,18.3,15
2023-12-05 09:00:00+00:00,4.6,17.1,8
2023-12-05 10:00:00+00:00,4.5,20.0,7
2023-12-05 11:00:00+00:00,4.6,18.4,3
2023-12-05 12:00:00+00:00,4.7,18.1,6
2023-12-05 13:00:00+00:00,4.8,17.7,6
2023-12-05 14:00:00+00:00,4.9,18.1,5
2023-12-05 15:00:00+00:00,4.4,16.6,1
2023-12-05 16:00:00+00:00,3.8,15.5,356
2023-12-05 17:00:00+00:00,3.2,15.2,353
2023-12-05 18:00:00+00:00,2.9,14.2,351
2023-12-05 19:00:00+00:00,2.4,13.5,351
2023-12-05 20:00:00+00:00,2.0,12.8,350
2023-12-05 21:00:00+00:00,1.6,11.7,349
2023-12-05 22:00:00+00:00,1.3,10.8,345
2023-12-05 23:00:00+00:00,1.0,9.4,342
2023-12-06 00:00:00+00:00,0.7,8.4,340
2023-12-06 01:00:00+00:00,0.5,8.1,328
2023-12-06 02:00:00+00:00,0.7,8.0,324
2023-12-06 03:00:00+00:00,0.6,7.6,335
2023-12-06 04:00:00+00:00,0.4,6.0,327
2023-12-06 05:00:00+00:00,0.1,5.1,321
2023-12-06 06:00:00+00:00,0.0,6.1,320
2023-12-06 07:00:00+00:00,1.8,4.5,331
2023-12-06 08:00:00+00:00,1.8,5.6,15
2023-12-06 09:00:00+00:00,2.4,4.5,29
2023-12-06 10:00:00+00:00,2.3,4.0,100
2023-12-06 11:00:00+00:00,2.8,3.1,144
2023-12-06 12:00:00+00:00,3.2,4.2,160
2023-12-06 13:00:00+00:00,3.4,6.3,149
2023-12-06 14:00:00+00:00,3.2,7.9,141
2023-12-06 15:00:00+00:00,2.2,8.2,157
2023-12-06 16:00:00+00:00,0.4,7.4,151
2023-12-06 17:00:00+00:00,-0.2,7.1,156
2023-12-06 18:00:00+00:00,-0.1,8.4,160
2023-12-06 19:00:00+00:00,0.5,10.0,165
2023-12-06 20:00:00+00:00,1.1,11.4,152
2023-12-06 21:00:00+00:00,1.4,13.0,152
2023-12-06 22:00:00+00:00,1.6,15.0,153
2023-12-06 23:00:00+00:00,1.7,14.8,151
2023-12-07 00:00:00+00:00,1.6,14.3,146
2023-12-07 01:00:00+00:00,2.4,17.2,147
2023-12-07 02:00:00+00:00,2.8,19.2,146
2023-12-07 03:00:00+00:00,3.0,20.8,143
2023-12-07 04:00:00+00:00,3.3,21.2,145
2023-12-07 05:00:00+00:00,3.6,22.4,143
2023-12-07 06:00:00+00:00,3.9,23.0,148
2023-12-07 07:00:00+00:00,4.1,23.5,144
2023-12-07 08:00:00+00:00,4.3,22.4,143
2023-12-07 09:00:00+00:00,4.5,23.0,145
2023-12-07 10:00:00+00:00,4.7,23.7,144
2023-12-07 11:00:00+00:00,4.8,24.5,144
2023-12-07 12:00:00+00:00,5.0,24.4,149
2023-12-07 13:00:00+00:00,5.3,25.5,151
2023-12-07 14:00:00+00:00,5.4,24.0,152
2023-12-07 15:00:00+00:00,5.5,23.8,151
2023-12-07 16:00:00+00:00,5.3,23.5,148
2023-12-07 17:00:00+00:00,5.3,20.3,155
2023-12-07 18:00:00+00:00,5.3,19.8,151
2023-12-07 19:00:00+00:00,5.2,19.0,151
2023-12-07 20:00:00+00:00,5.2,16.5,157
2023-12-07 21:00:00+00:00,5.3,14.0,162
2023-12-07 22:00:00+00:00,5.4,10.0,167
2023-12-07 23:00:00+00:00,5.5,8.6,182
2023-12-08 00:00:00+00:00,5.7,8.4,200
2023-12-08 01:00:00+00:00,5.6,11.7,227
2023-12-08 02:00:00+00:00,5.4,12.7,225
2023-12-08 03:00:00+00:00,5.3,13.2,223
2023-12-08 04:00:00+00:00,5.3,14.9,217
2023-12-08 05:00:00+00:00,5.4,15.7,217
2023-12-08 06:00:00+00:00,5.4,14.7,216
2023-12-08 07:00:00+00:00,5.5,16.3,215
2023-12-08 08:00:00+00:00,5.6,18.6,216
2023-12-08 09:00:00+00:00,5.9,20.8,214
2023-12-08 10:00:00+00:00,6.8,21.5,211
2023-12-08 11:00:00+00:00,7.6,22.2,212
2023-12-08 12:00:00+00:00,8.3,22.4,210
2023-12-08 13:00:00+00:00,8.7,23.3,215
2023-12-08 14:00:00+00:00,8.7,21.6,213
2023-12-08 15:00:00+00:00,8.2,21.7,216
2023-12-08 16:00:00+00:00,7.8,23.4,214
2023-12-08 17:00:00+00:00,7.8,22.5,219
2023-12-08 18:00:00+00:00,7.6,23.3,219
2023-12-08 19:00:00+00:00,7.5,23.0,220
2023-12-08 20:00:00+00:00,7.1,23.7,216
2023-12-08 21:00:00+00:00,6.7,23.7,216
2023-12-08 22:00:00+00:00,6.4,25.0,216
2023-12-08 23:00:00+00:00,6.2,24.9,217
2023-12-09 00:00:00+00:00,6.0,26.7,217
2023-12-09 01:00:00+00:00,6.3,21.6,213
2023-12-09 02:00:00+00:00,6.1,20.1,207
2023-12-09 03:00:00+00:00,5.6,18.0,200
2023-12-09 04:00:00+00:00,5.9,17.3,197
2023-12-09 05:00:00+00:00,6.1,19.8,190
2023-12-09 06:00:00+00:00,6.4,19.4,180
2023-12-09 07:00:00+00:00,6.8,20.5,170
2023-12-09 08:00:00+00:00,7.4,22.4,161
2023-12-09 09:00:00+00:00,7.8,25.1,153
2023-12-09 10:00:00+00:00,8.0,24.5,160
2023-12-09 11:00:00+00:00,8.3,19.4,179
2023-12-09 12:00:00+00:00,9.5,25.2,223
2023-12-09 13:00:00+00:00,11.1,34.1,248
2023-12-09 14:00:00+00:00,10.7,35.4,251
2023-12-09 15:00:00+00:00,9.3,39.8,252
2023-12-09 16:00:00+00:00,8.8,41.8,259
2023-12-09 17:00:00+00:00,8.0,49.9,259
2023-12-09 18:00:00+00:00,7.9,51.3,254
2023-12-09 19:00:00+00:00,7.6,56.0,266
2023-12-09 20:00:00+00:00,7.6,50.9,274
2023-12-09 21:00:00+00:00,7.5,55.5,280
2023-12-09 22:00:00+00:00,7.7,54.0,282
2023-12-09 23:00:00+00:00,7.8,46.5,283
2023-12-10 00:00:00+00:00,7.9,41.0,283
2023-12-10 01:00:00+00:00,7.9,34.6,278
2023-12-10 02:00:00+00:00,7.9,35.8,276
2023-12-10 03:00:00+00:00,7.7,36.6,276
2023-12-10 04:00:00+00:00,7.4,36.4,274
2023-12-10 05:00:00+00:00,6.9,30.7,273
2023-12-10 06:00:00+00:00,6.2,22.0,259
2023-12-10 07:00:00+00:00,5.9,17.6,239
2023-12-10 08:00:00+00:00,5.5,19.2,236
2023-12-10 09:00:00+00:00,5.6,15.8,221
2023-12-10 10:00:00+00:00,5.6,11.6,196
2023-12-10 11:00:00+00:00,5.8,14.0,168
2023-12-10 12:00:00+00:00,6.1,16.9,156
2023-12-10 13:00:00+00:00,7.7,22.3,183
2023-12-10 14:00:00+00:00,8.3,23.5,195
2023-12-10 15:00:00+00:00,8.7,24.5,213
2023-12-10 16:00:00+00:00,8.8,27.7,242
2023-12-10 17:00:00+00:00,8.1,29.6,243
2023-12-10 18:00:00+00:00,7.9,29.6,236
2023-12-10 19:00:00+00:00,8.3,35.0,230
2023-12-10 20:00:00+00:00,8.3,34.7,222
2023-12-10 21:00:00+00:00,8.4,35.4,225
2023-12-10 22:00:00+00:00,8.8,37.8,230
2023-12-10 23:00:00+00:00,8.7,35.6,231
2023-12-11 00:00:00+00:00,8.5,44.4,250
2023-12-11 01:00:00+00:00,8.7,39.3,273
2023-12-11 02:00:00+00:00,8.8,28.4,292
2023-12-11 03:00:00+00:00,8.4,24.6,291
2023-12-11 04:00:00+00:00,7.9,25.9,284
2023-12-11 05:00:00+00:00,7.6,26.6,283
2023-12-11 06:00:00+00:00,7.6,22.4,281
2023-12-11 07:00:00+00:00,7.6,20.6,276
2023-12-11 08:00:00+00:00,7.6,17.3,274
2023-12-11 09:00:00+00:00,7.6,15.5,267
2023-12-11 10:00:00+00:00,7.8,16.3,264
2023-12-11 11:00:00+00:00,8.2,17.7,272
2023-12-11 12:00:00+00:00,8.5,16.3,278
2023-12-11 13:00:00+00:00,8.5,14.8,252
2023-12-11 14:00:00+00:00,8.4,16.5,260
2023-12-11 15:00:00+00:00,8.1,16.5,260
2023-12-11 16:00:00+00:00,7.9,14.6,260
2023-12-11 17:00:00+00:00,7.8,10.5,248
2023-12-11 18:00:00+00:00,7.3,7.1,229
2023-12-11 19:00:00+00:00,4.7,6.4,223
2023-12-11 20:00:00+00:00,3.0,7.7,233
2023-12-11 21:00:00+00:00,2.5,6.9,227
2023-12-11 22:00:00+00:00,3.2,7.1,210
2023-12-11 23:00:00+00:00,3.8,6.4,196
2023-12-12 00:00:00+00:00,5.0,8.8,171
2023-12-12 01:00:00+00:00,5.8,8.9,140
2023-12-12 02:00:00+00:00,5.7,8.9,133
2023-12-12 03:00:00+00:00,5.7,7.5,107
2023-12-12 04:00:00+00:00,5.8,6.4,117
2023-12-12 05:00:00+00:00,6.1,6.0,155
2023-12-12 06:00:00+00:00,6.7,7.8,158
2023-12-12 07:00:00+00:00,7.1,8.0,170
2023-12-12 08:00:00+00:00,7.3,8.5,192
2023-12-12 09:00:00+00:00,7.6,8.4,190
2023-12-12 10:00:00+00:00,8.0,9.7,176
2023-12-12 11:00:00+00:00,8.5,8.9,166
2023-12-12 12:00:00+00:00,8.8,10.3,155
2023-12-12 13:00:00+00:00,8.4,9.0,143
2023-12-12 14:00:00+00:00,8.3,6.6,135
2023-12-12 15:00:00+00:00,8.1,4.0,90
2023-12-12 16:00:00+00:00,7.6,4.1,52
2023-12-12 17:00:00+00:00,7.6,6.2,36
2023-12-12 18:00:00+00:00,7.6,7.3,20
2023-12-12 19:00:00+00:00,7.1,12.6,5
2023-12-12 20:00:00+00:00,6.7,16.2,3
2023-12-12 21:00:00+00:00,6.5,16.2,360
2023-12-12 22:00:00+00:00,6.2,16.5,350
2023-12-12 23:00:00+00:00,6.1,14.6,340
2023-12-13 00:00:00+00:00,6.1,14.8,337
2023-12-13 01:00:00+00:00,6.1,20.5,345
2023-12-13 02:00:00+00:00,6.2,21.0,338
2023-12-13 03:00:00+00:00,6.4,23.0,343
2023-12-13 04:00:00+00:00,6.5,24.0,347
2023-12-13 05:00:00+00:00,6.5,27.4,4
2023-12-13 06:00:00+00:00,6.3,26.4,5
2023-12-13 07:00:00+00:00,6.0,28.4,8
2023-12-13 08:00:00+00:00,5.6,26.7,3
2023-12-13 09:00:00+00:00,5.3,25.6,358
2023-12-13 10:00:00+00:00,5.1,28.4,359
2023-12-13 11:00:00+00:00,5.3,29.6,357
2023-12-13 12:00:00+00:00,5.5,32.4,357
2023-12-13 13:00:00+00:00,5.3,27.4,358
2023-12-13 14:00:00+00:00,5.3,27.0,358
2023-12-13 15:00:00+00:00,4.9,24.5,357
2023-12-13 16:00:00+00:00,4.7,22.7,359
2023-12-13 17:00:00+00:00,4.6,20.6,355
2023-12-13 18:00:00+00:00,4.1,18.2,352
2023-12-13 19:00:00+00:00,3.2,16.0,346
2023-12-13 20:00:00+00:00,2.7,12.8,338
2023-12-13 21:00:00+00:00,2.3,11.2,327
2023-12-13 22:00:00+00:00,1.6,8.4,317
2023-12-13 23:00:00+00:00,0.8,6.6,299
2023-12-14 00:00:00+00:00,-0.5,5.1,274
2023-12-14 01:00:00+00:00,-0.5,5.6,255
2023-12-14 02:00:00+00:00,-0.1,7.4,247
2023-12-14 03:00:00+00:00,1.4,9.3,242
2023-12-14 04:00:00+00:00,2.9,11.9,235
2023-12-14 05:00:00+00:00,3.8,16.0,234
2023-12-14 06:00:00+00:00,4.3,16.1,222
2023-12-14 07:00:00+00:00,4.6,17.4,218
2023-12-14 08:00:00+00:00,5.0,20.1,224
2023-12-14 09:00:00+00:00,5.6,20.0,231
2023-12-14 10:00:00+00:00,6.2,18.3,234
2023-12-14 11:00:00+00:00,6.7,13.1,238
2023-12-14 12:00:00+00:00,7.6,9.0,254
2023-12-14 13:00:00+00:00,7.9,8.6,272
2023-12-14 14:00:00+00:00,8.3,11.0,289
2023-12-14 15:00:00+00:00,8.3,12.6,294
2023-12-14 16:00:00+00:00,6.3,8.9,284
2023-12-14 17:00:00+00:00,5.2,7.6,273
2023-12-14 18:00:00+00:00,6.7,8.7,277
2023-12-14 19:00:00+00:00,6.9,10.4,270
2023-12-14 20:00:00+00:00,7.2,11.9,272
2023-12-14 21:00:00+00:00,6.8,9.9,260
2023-12-14 22:00:00+00:00,6.8,9.9,260
2023-12-14 23:00:00+00:00,6.9,8.5,258
2023-12-15 00:00:00+00:00,6.8,6.8,252
2023-12-15 01:00:00+00:00,7.2,9.2,239
2023-12-15 02:00:00+00:00,7.2,9.4,247
2023-12-15 03:00:00+00:00,7.1,9.7,243
2023-12-15 04:00:00+00:00,6.9,8.5,234
2023-12-15 05:00:00+00:00,6.9,8.4,223
2023-12-15 06:00:00+00:00,6.8,8.7,225
2023-12-15 07:00:00+00:00,6.6,9.2,228
2023-12-15 08:00:00+00:00,6.2,8.5,216
2023-12-15 09:00:00+00:00,6.1,9.3,208
2023-12-15 10:00:00+00:00,6.5,11.6,216
2023-12-15 11:00:00+00:00,7.8,14.1,238
2023-12-15 12:00:00+00:00,8.4,14.3,242
2023-12-15 13:00:00+00:00,8.5,15.1,245
2023-12-15 14:00:00+00:00,8.4,14.6,232
2023-12-15 15:00:00+00:00,7.4,15.5,234
2023-12-15 16:00:00+00:00,6.7,16.8,228
2023-12-15 17:00:00+00:00,6.8,17.6,224
2023-12-15 18:00:00+00:00,7.2,18.3,225
2023-12-15 19:00:00+00:00,8.2,18.1,215
2023-12-15 20:00:00+00:00,8.7,17.1,215
2023-12-15 21:00:00+00:00,9.3,17.8,223
2023-12-15 22:00:00+00:00,9.7,17.6,229
2023-12-15 23:00:00+00:00,10.1,19.8,233
2023-12-16 00:00:00+00:00,10.4,21.6,233
2023-12-16 01:00:00+00:00,10.0,23.8,231
2023-12-16 02:00:00+00:00,10.0,24.1,231
2023-12-16 03:00:00+00:00,10.0,23.4,224
2023-12-16 04:00:00+00:00,9.9,23.4,224
2023-12-16 05:00:00+00:00,9.8,22.4,224
2023-12-16 06:00:00+00:00,9.7,22.2,223
2023-12-16 07:00:00+00:00,9.6,21.4,229
2023-12-16 08:00:00+00:00,9.5,21.4,234
2023-12-16 09:00:00+00:00,9.6,22.6,233
2023-12-16 10:00:00+00:00,10.1,25.0,229
2023-12-16 11:00:00+00:00,10.6,26.8,230
2023-12-16 12:00:00+00:00,11.1,30.0,237
2023-12-16 13:00:00+00:00,11.1,29.5,235
2023-12-16 14:00:00+00:00,10.9,30.5,241
2023-12-16 15:00:00+00:00,10.8,30.5,241
2023-12-16 16:00:00+00:00,10.4,32.9,247
2023-12-16 17:00:00+00:00,10.1,32.6,254
2023-12-16 18:00:00+00:00,10.1,28.7,252
2023-12-16 19:00:00+00:00,10.3,27.2,246
2023-12-16 20:00:00+00:00,10.6,29.2,248
2023-12-16 21:00:00+00:00,10.6,28.3,243
2023-12-16 22:00:00+00:00,10.9,28.7,240
2023-12-16 23:00:00+00:00,10.6,26.6,234
2023-12-17 00:00:00+00:00,10.6,27.2,233
2023-12-17 01:00:00+00:00,9.3,29.8,233
2023-12-17 02:00:00+00:00,8.9,29.7,232
2023-12-17 03:00:00+00:00,8.9,30.8,227
2023-12-17 04:00:00+00:00,8.8,31.8,226
2023-12-17 05:00:00+00:00,8.7,33.7,228
2023-12-17 06:00:00+00:00,8.5,34.4,228
2023-12-17 07:00:00+00:00,8.5,35.6,231
2023-12-17 08:00:00+00:00,8.7,36.1,234
2023-12-17 09:00:00+00:00,9.0,35.2,236
2023-12-17 10:00:00+00:00,9.3,38.4,236
2023-12-17 11:00:00+00:00,9.5,39.6,236
2023-12-17 12:00:00+00:00,10.3,43.7,235
2023-12-17 13:00:00+00:00,10.2,42.6,234
2023-12-17 14:00:00+00:00,10.0,38.2,232
2023-12-17 15:00:00+00:00,10.1,36.8,236
2023-12-17 16:00:00+00:00,10.2,34.5,236
2023-12-17 17:00:00+00:00,10.3,34.4,239
2023-12-17 18:00:00+00:00,10.2,34.3,238
2023-12-17 19:00:00+00:00,10.0,34.1,239
2023-12-17 20:00:00+00:00,10.0,32.0,239
2023-12-17 21:00:00+00:00,10.1,28.8,238
2023-12-17 22:00:00+00:00,10.3,25.2,233
2023-12-17 23:00:00+00:00,10.3,24.3,230
2023-12-18 00:00:00+00:00,10.4,24.6,231
2023-12-18 01:00:00+00:00,10.5,24.9,239
2023-12-18 02:00:00+00:00,10.6,24.0,234
2023-12-18 03:00:00+00:00,10.8,21.9,228
2023-12-18 04:00:00+00:00,10.7,20.4,225
2023-12-18 05:00:00+00:00,10.9,21.7,222
2023-12-18 06:00:00+00:00,11.0,20.2,219
2023-12-18 07:00:00+00:00,11.1,20.4,216
2023-12-18 08:00:00+00:00,11.2,21.1,217
2023-12-18 09:00:00+00:00,11.6,21.9,225
2023-12-18 10:00:00+00:00,12.1,24.0,229
2023-12-18 11:00:00+00:00,12.4,25.9,231
2023-12-18 12:00:00+00:00,12.7,26.1,231
2023-12-18 13:00:00+00:00,12.9,28.3,228
2023-12-18 14:00:00+00:00,13.2,31.8,235
2023-12-18 15:00:00+00:00,13.1,31.7,238
2023-12-18 16:00:00+00:00,13.0,30.8,241
2023-12-18 17:00:00+00:00,13.0,27.7,242
2023-12-18 18:00:00+00:00,12.9,24.4,239
2023-12-18 19:00:00+00:00,12.8,21.3,240
2023-12-18 20:00:00+00:00,12.6,19.3,241
2023-12-18 21:00:00+00:00,12.3,16.1,241
2023-12-18 22:00:00+00:00,12.1,12.0,249
2023-12-18 23:00:00+00:00,11.7,12.0,261
2023-12-19 00:00:00+00:00,11.1,13.0,267
2023-12-19 01:00:00+00:00,10.7,12.7,255
2023-12-19 02:00:00+00:00,10.5,12.3,267
2023-12-19 03:00:00+00:00,10.2,14.0,269
2023-12-19 04:00:00+00:00,9.8,13.3,268
2023-12-19 05:00:00+00:00,9.4,14.4,269
2023-12-19 06:00:00+00:00,9.1,15.5,269
2023-12-19 07:00:00+00:00,9.0,17.8,277
2023-12-19 08:00:00+00:00,9.1,19.1,271
2023-12-19 09:00:00+00:00,9.0,16.5,293
2023-12-19 10:00:00+00:00,8.4,16.0,314
2023-12-19 11:00:00+00:00,7.9,15.0,300
2023-12-19 12:00:00+00:00,7.5,17.1,300
2023-12-19 13:00:00+00:00,7.5,19.8,289
2023-12-19 14:00:00+00:00,7.4,20.3,287
2023-12-19 15:00:00+00:00,7.2,18.8,275
2023-12-19 16:00:00+00:00,6.6,18.0,269
2023-12-19 17:00:00+00:00,6.9,19.1,273
2023-12-19 18:00:00+00:00,6.8,20.0,277
2023-12-19 19:00:00+00:00,6.8,20.4,279
2023-12-19 20:00:00+00:00,7.0,23.6,278
2023-12-19 21:00:00+00:00,7.1,26.1,281
2023-12-19 22:00:00+00:00,6.8,27.6,282
2023-12-19 23:00:00+00:00,6.9,29.7,280
2023-12-20 00:00:00+00:00,7.1,31.3,279
2023-12-20 01:00:00+00:00,7.0,33.2,275
2023-12-20 02:00:00+00:00,7.2,32.1,274
2023-12-20 03:00:00+00:00,7.3,32.4,273
2023-12-20 04:00:00+00:00,7.5,32.9,274
2023-12-20 05:00:00+00:00,7.6,33.0,278
2023-12-20 06:00:00+00:00,7.6,29.9,279
2023-12-20 07:00:00+00:00,7.7,27.1,281
2023-12-20 08:00:00+00:00,7.9,25.5,279
2023-12-20 09:00:00+00:00,8.2,25.3,274
2023-12-20 10:00:00+00:00,8.4,25.6,267
2023-12-20 11:00:00+00:00,8.7,27.0,260
2023-12-20 12:00:00+00:00,8.8,31.0,267
2023-12-20 13:00:00+00:00,8.9,33.2,265
2023-12-20 14:00:00+00:00,8.8,35.5,264
2023-12-20 15:00:00+00:00,9.0,35.0,266
2023-12-20 16:00:00+00:00,9.4,34.2,272
2023-12-20 17:00:00+00:00,9.5,33.5,273
2023-12-20 18:00:00+00:00,9.7,31.9,277
2023-12-20 19:00:00+00:00,9.7,30.1,281
2023-12-20 20:00:00+00:00,9.8,30.5,277
2023-12-20 21:00:00+00:00,9.9,30.8,277
2023-12-20 22:00:00+00:00,9.9,32.6,276
2023-12-20 23:00:00+00:00,10.0,37.0,277
2023-12-21 00:00:00+00:00,10.2,38.7,276
2023-12-21 01:00:00+00:00,9.7,40.4,274
2023-12-21 02:00:00+00:00,9.7,38.2,269
2023-12-21 03:00:00+00:00,10.0,38.9,268
2023-12-21 04:00:00+00:00,9.9,42.9,267
2023-12-21 05:00:00+00:00,10.0,47.5,270
2023-12-21 06:00:00+00:00,10.2,53.4,277
2023-12-21 07:00:00+00:00,10.3,54.7,279
2023-12-21 08:00:00+00:00,10.0,48.1,281
2023-12-21 09:00:00+00:00,9.6,43.1,283
2023-12-21 10:00:00+00:00,9.7,43.9,285
2023-12-21 11:00:00+00:00,9.6,42.4,283
2023-12-21 12:00:00+00:00,9.6,37.3,280
2023-12-21 13:00:00+00:00,9.3,39.3,284
2023-12-21 14:00:00+00:00,8.8,36.4,287
2023-12-21 15:00:00+00:00,8.4,38.1,288
2023-12-21 16:00:00+00:00,8.1,36.6,287
2023-12-21 17:00:00+00:00,7.8,35.3,290
2023-12-21 18:00:00+00:00,7.7,33.2,293
2023-12-21 19:00:00+00:00,7.6,35.4,295
2023-12-21 20:00:00+00:00,7.5,33.5,295
2023-12-21 21:00:00+00:00,7.3,28.0,294
2023-12-21 22:00:00+00:00,7.2,25.0,295
2023-12-21 23:00:00+00:00,7.1,24.0,294
2023-12-22 00:00:00+00:00,7.1,21.6,288
2023-12-22 01:00:00+00:00,7.6,26.1,281
2023-12-22 02:00:00+00:00,7.8,23.2,277
2023-12-22 03:00:00+00:00,8.1,20.7,277
2023-12-22 04:00:00+00:00,8.3,24.7,278
2023-12-22 05:00:00+00:00,8.6,28.6,281
2023-12-22 06:00:00+00:00,8.5,30.0,284
2023-12-22 07:00:00+00:00,8.5,26.1,276
2023-12-22 08:00:00+00:00,8.5,27.5,281
2023-12-22 09:00:00+00:00,8.6,29.9,285
2023-12-22 10:00:00+00:00,8.5,30.1,285
2023-12-22 11:00:00+00:00,8.6,31.4,288
2023-12-22 12:00:00+00:00,8.5,30.4,287
2023-12-22 13:00:00+00:00,8.6,30.4,280
2023-12-22 14:00:00+00:00,8.5,30.3,280
2023-12-22 15:00:00+00:00,8.4,31.2,281
2023-12-22 16:00:00+00:00,8.4,28.1,286
2023-12-22 17:00:00+00:00,8.5,26.9,286
2023-12-22 18:00:00+00:00,8.4,25.9,286
2023-12-22 19:00:00+00:00,8.5,24.8,287
2023-12-22 20:00:00+00:00,8.4,24.9,280
2023-12-22 21:00:00+00:00,8.5,25.6,274
2023-12-22 22:00:00+00:00,8.7,28.1,271
2023-12-22 23:00:00+00:00,8.6,30.3,267
2023-12-23 00:00:00+00:00,8.6,29.3,264
2023-12-23 01:00:00+00:00,8.7,29.5,268
2023-12-23 02:00:00+00:00,9.1,36.7,271
2023-12-23 03:00:00+00:00,9.2,37.4,271
2023-12-23 04:00:00+00:00,8.7,37.8,271
2023-12-23 05:00:00+00:00,8.7,36.8,274
2023-12-23 06:00:00+00:00,8.8,34.9,272
2023-12-23 07:00:00+00:00,8.8,33.8,270
2023-12-23 08:00:00+00:00,9.0,32.0,269
2023-12-23 09:00:00+00:00,9.1,30.3,267
2023-12-23 10:00:00+00:00,9.2,24.9,259
2023-12-23 11:00:00+00:00,9.4,24.3,255
2023-12-23 12:00:00+00:00,9.4,23.5,252
2023-12-23 13:00:00+00:00,9.2,27.9,243
2023-12-23 14:00:00+00:00,9.1,30.4,246
2023-12-23 15:00:00+00:00,9.3,27.6,246
2023-12-23 16:00:00+00:00,9.1,26.9,242
2023-12-23 17:00:00+00:00,9.1,28.5,241
2023-12-23 18:00:00+00:00,9.3,24.9,233
2023-12-23 19:00:00+00:00,9.4,21.9,226
2023-12-23 20:00:00+00:00,9.9,24.1,231
2023-12-23 21:00:00+00:00,10.2,26.4,232
2023-12-23 22:00:00+00:00,10.7,31.2,239
2023-12-23 23:00:00+00:00,11.1,28.2,240
2023-12-24 00:00:00+00:00,11.4,26.1,242
2023-12-24 01:00:00+00:00,11.4,28.3,243
2023-12-24 02:00:00+00:00,11.6,28.5,245
2023-12-24 03:00:00+00:00,11.7,24.6,238
2023-12-24 04:00:00+00:00,11.7,27.0,236
2023-12-24 05:00:00+00:00,12.0,28.8,252
2023-12-24 06:00:00+00:00,12.2,26.2,243
2023-12-24 07:00:00+00:00,12.6,35.8,249
2023-12-24 08:00:00+00:00,12.7,42.6,254
2023-12-24 09:00:00+00:00,12.8,43.8,252
2023-12-24 10:00:00+00:00,12.9,45.8,255
2023-12-24 11:00:00+00:00,12.9,46.7,256
2023-12-24 12:00:00+00:00,13.0,44.5,256
2023-12-24 13:00:00+00:00,12.8,43.5,251
2023-12-24 14:00:00+00:00,12.4,38.5,254
2023-12-24 15:00:00+00:00,11.6,41.4,263
2023-12-24 16:00:00+00:00,10.8,39.0,265
2023-12-24 17:00:00+00:00,10.7,38.8,263
2023-12-24 18:00:00+00:00,10.5,39.8,265
2023-12-24 19:00:00+00:00,10.0,42.2,267
2023-12-24 20:00:00+00:00,9.7,44.7,267
2023-12-24 21:00:00+00:00,9.2,43.3,267
2023-12-24 22:00:00+00:00,9.2,44.0,267
2023-12-24 23:00:00+00:00,9.0,43.3,267
2023-12-25 00:00:00+00:00,9.1,41.8,267
2023-12-25 01:00:00+00:00,9.7,34.5,263
2023-12-25 02:00:00+00:00,9.7,28.6,259
2023-12-25 03:00:00+00:00,9.4,24.8,257
2023-12-25 04:00:00+00:00,9.7,23.9,259
2023-12-25 05:00:00+00:00,9.5,23.9,263
2023-12-25 06:00:00+00:00,9.3,21.8,262
2023-12-25 07:00:00+00:00,9.1,19.2,257
2023-12-25 08:00:00+00:00,8.9,16.1,243
2023-12-25 09:00:00+00:00,9.0,17.0,234
2023-12-25 10:00:00+00:00,9.3,20.0,236
2023-12-25 11:00:00+00:00,9.5,22.2,241
2023-12-25 12:00:00+00:00,10.2,21.0,239
2023-12-25 13:00:00+00:00,10.1,26.2,236
2023-12-25 14:00:00+00:00,9.9,27.9,237
2023-12-25 15:00:00+00:00,9.6,28.5,238
2023-12-25 16:00:00+00:00,9.6,28.6,236
2023-12-25 17:00:00+00:00,9.7,29.2,241
2023-12-25 18:00:00+00:00,9.6,28.2,242
2023-12-25 19:00:00+00:00,9.2,27.7,245
2023-12-25 20:00:00+00:00,9.0,30.9,258
2023-12-25 21:00:00+00:00,8.2,29.0,259
2023-12-25 22:00:00+00:00,7.5,29.9,257
2023-12-25 23:00:00+00:00,7.1,30.7,257
2023-12-26 00:00:00+00:00,7.5,32.0,256
2023-12-26 01:00:00+00:00,7.4,32.7,256
2023-12-26 02:00:00+00:00,7.5,33.9,258
2023-12-26 03:00:00+00:00,7.0,34.6,258
2023-12-26 04:00:00+00:00,6.9,35.5,259
2023-12-26 05:00:00+00:00,7.0,38.5,268
2023-12-26 06:00:00+00:00,7.2,34.6,273
2023-12-26 07:00:00+00:00,6.3,30.6,282
2023-12-26 08:00:00+00:00,5.6,25.0,288
2023-12-26 09:00:00+00:00,5.0,20.1,291
2023-12-26 10:00:00+00:00,5.3,16.9,286
2023-12-26 11:00:00+00:00,6.1,11.5,272
2023-12-26 12:00:00+00:00,6.8,11.2,272
2023-12-26 13:00:00+00:00,7.0,14.8,270
2023-12-26 14:00:00+00:00,7.3,11.2,274
2023-12-26 15:00:00+00:00,6.6,8.1,257
2023-12-26 16:00:00+00:00,5.6,6.4,243
2023-12-26 17:00:00+00:00,4.9,5.2,245
2023-12-26 18:00:00+00:00,3.9,4.7,247
2023-12-26 19:00:00+00:00,3.7,4.7,261
2023-12-26 20:00:00+00:00,3.3,4.4,215
2023-12-26 21:00:00+00:00,3.7,6.6,193
2023-12-26 22:00:00+00:00,4.0,7.4,157
2023-12-26 23:00:00+00:00,4.3,10.1,153
2023-12-27 00:00:00+00:00,4.6,13.2,145
2023-12-27 01:00:00+00:00,5.0,15.4,143
2023-12-27 02:00:00+00:00,5.0,18.6,139
2023-12-27 03:00:00+00:00,4.8,18.8,137
2023-12-27 04:00:00+00:00,4.6,19.4,130
2023-12-27 05:00:00+00:00,4.6,18.7,130
2023-12-27 06:00:00+00:00,4.8,18.9,132
2023-12-27 07:00:00+00:00,5.8,21.9,144
2023-12-27 08:00:00+00:00,7.0,26.4,160
2023-12-27 09:00:00+00:00,8.3,28.1,164
2023-12-27 10:00:00+00:00,9.5,28.5,177
2023-12-27 11:00:00+00:00,10.6,33.8,187
2023-12-27 12:00:00+00:00,11.1,36.2,193
2023-12-27 13:00:00+00:00,11.4,40.4,191
2023-12-27 14:00:00+00:00,11.6,39.9,193
2023-12-27 15:00:00+00:00,11.8,42.1,198
2023-12-27 16:00:00+00:00,11.4,38.7,227
2023-12-27 17:00:00+00:00,9.5,36.6,237
2023-12-27 18:00:00+00:00,8.8,34.4,232
2023-12-27 19:00:00+00:00,8.1,31.6,227
2023-12-27 20:00:00+00:00,7.8,35.0,220
2023-12-27 21:00:00+00:00,7.6,33.2,217
2023-12-27 22:00:00+00:00,7.3,32.8,207
2023-12-27 23:00:00+00:00,6.7,40.4,211
2023-12-28 00:00:00+00:00,7.8,38.7,222
2023-12-28 01:00:00+00:00,8.2,35.9,225
2023-12-28 02:00:00+00:00,8.3,38.4,219
2023-12-28 03:00:00+00:00,8.8,44.2,230
2023-12-28 04:00:00+00:00,8.6,39.1,243
2023-12-28 05:00:00+00:00,8.6,33.8,245
2023-12-28 06:00:00+00:00,8.1,30.2,237
2023-12-28 07:00:00+00:00,8.4,29.5,232
2023-12-28 08:00:00+00:00,8.0,30.8,227
2023-12-28 09:00:00+00:00,8.1,31.7,219
2023-12-28 10:00:00+00:00,8.8,32.3,219
2023-12-28 11:00:00+00:00,9.1,31.0,213
2023-12-28 12:00:00+00:00,9.1,33.5,212
2023-12-28 13:00:00+00:00,8.4,32.4,217
2023-12-28 14:00:00+00:00,8.9,31.6,224
2023-12-28 15:00:00+00:00,8.7,34.5,238
2023-12-28 16:00:00+00:00,8.1,29.7,234
2023-12-28 17:00:00+00:00,8.2,30.6,236
2023-12-28 18:00:00+00:00,8.0,29.7,231
2023-12-28 19:00:00+00:00,7.7,32.7,234
2023-12-28 20:00:00+00:00,7.6,33.7,233
2023-12-28 21:00:00+00:00,7.2,32.8,237
2023-12-28 22:00:00+00:00,7.2,31.0,239
2023-12-28 23:00:00+00:00,6.9,33.4,241
2023-12-29 00:00:00+00:00,6.7,33.2,243
2023-12-29 01:00:00+00:00,7.3,35.3,241
2023-12-29 02:00:00+00:00,7.3,34.8,242
2023-12-29 03:00:00+00:00,6.6,32.5,242
2023-12-29 04:00:00+00:00,6.4,34.0,243
2023-12-29 05:00:00+00:00,6.2,36.7,246
2023-12-29 06:00:00+00:00,5.8,38.4,248
2023-12-29 07:00:00+00:00,5.9,39.4,250
2023-12-29 08:00:00+00:00,6.4,37.9,252
2023-12-29 09:00:00+00:00,5.9,32.7,249
2023-12-29 10:00:00+00:00,6.1,31.0,248
2023-12-29 11:00:00+00:00,6.9,30.7,248
2023-12-29 12:00:00+00:00,7.5,30.4,249
2023-12-29 13:00:00+00:00,7.5,30.0,247
2023-12-29 14:00:00+00:00,7.2,27.1,245
2023-12-29 15:00:00+00:00,5.7,25.5,247
2023-12-29 16:00:00+00:00,4.4,27.9,243
2023-12-29 17:00:00+00:00,4.7,28.9,249
2023-12-29 18:00:00+00:00,5.0,29.8,250
2023-12-29 19:00:00+00:00,4.6,32.6,254
2023-12-29 20:00:00+00:00,4.8,36.4,258
2023-12-29 21:00:00+00:00,4.8,36.9,258
2023-12-29 22:00:00+00:00,4.5,36.0,252
2023-12-29 23:00:00+00:00,4.2,34.0,249
2023-12-30 00:00:00+00:00,4.1,32.3,251
2023-12-30 01:00:00+00:00,4.5,28.8,254
2023-12-30 02:00:00+00:00,4.8,29.1,255
2023-12-30 03:00:00+00:00,4.9,24.9,256
2023-12-30 04:00:00+00:00,4.2,17.7,243
2023-12-30 05:00:00+00:00,3.5,10.9,224
2023-12-30 06:00:00+00:00,3.4,13.9,197
2023-12-30 07:00:00+00:00,3.6,13.9,201
2023-12-30 08:00:00+00:00,3.9,12.5,192
2023-12-30 09:00:00+00:00,3.9,12.6,160
2023-12-30 10:00:00+00:00,4.2,15.5,149
2023-12-30 11:00:00+00:00,5.1,15.8,150
2023-12-30 12:00:00+00:00,6.3,17.8,162
2023-12-30 13:00:00+00:00,8.1,23.8,180
2023-12-30 14:00:00+00:00,8.5,23.0,179
2023-12-30 15:00:00+00:00,9.0,26.3,183
2023-12-30 16:00:00+00:00,9.1,27.2,174
2023-12-30 17:00:00+00:00,9.8,32.6,174
2023-12-30 18:00:00+00:00,10.2,34.2,181
2023-12-30 19:00:00+00:00,10.2,35.3,184
2023-12-30 20:00:00+00:00,9.7,33.0,194
2023-12-30 21:00:00+00:00,9.2,19.8,209
2023-12-30 22:00:00+00:00,8.3,14.8,225
2023-12-30 23:00:00+00:00,7.6,14.1,218
2023-12-31 00:00:00+00:00,7.2,13.7,185
2023-12-31 01:00:00+00:00,5.6,12.2,194
2023-12-31 02:00:00+00:00,5.5,13.6,220
2023-12-31 03:00:00+00:00,5.3,12.3,195
2023-12-31 04:00:00+00:00,4.9,14.2,204
2023-12-31 05:00:00+00:00,4.6,16.4,206
2023-12-31 06:00:00+00:00,4.9,17.4,202
2023-12-31 07:00:00+00:00,4.8,16.3,198
2023-12-31 08:00:00+00:00,4.7,15.9,198
2023-12-31 09:00:00+00:00,4.6,17.1,187
2023-12-31 10:00:00+00:00,5.2,16.9,180
2023-12-31 11:00:00+00:00,5.9,19.9,186
2023-12-31 12:00:00+00:00,6.8,21.7,199
2023-12-31 13:00:00+00:00,6.7,20.1,201
2023-12-31 14:00:00+00:00,6.3,18.8,200
2023-12-31 15:00:00+00:00,7.0,21.8,218
2023-12-31 16:00:00+00:00,6.6,23.0,221
2023-12-31 17:00:00+00:00,6.2,25.0,223
2023-12-31 18:00:00+00:00,6.4,25.2,223
2023-12-31 19:00:00+00:00,6.4,25.0,229
2023-12-31 20:00:00+00:00,6.4,22.6,236
2023-12-31 21:00:00+00:00,6.2,23.5,249
2023-12-31 22:00:00+00:00,6.0,22.9,257
2023-12-31 23:00:00+00:00,5.9,22.5,257
2024-01-01 00:00:00+00:00,6.0,24.5,260
2024-01-01 01:00:00+00:00,6.0,32.4,270
2024-01-01 02:00:00+00:00,5.9,38.5,269
2024-01-01 03:00:00+00:00,6.1,39.7,273
2024-01-01 04:00:00+00:00,6.1,36.0,270
2024-01-01 05:00:00+00:00,5.7,33.8,269
2024-01-01 06:00:00+00:00,5.5,28.5,267
2024-01-01 07:00:00+00:00,5.4,28.4,269
2024-01-01 08:00:00+00:00,5.2,28.8,268
2024-01-01 09:00:00+00:00,5.1,27.4,271
2024-01-01 10:00:00+00:00,5.6,24.6,263
2024-01-01 11:00:00+00:00,6.0,23.7,260
2024-01-01 12:00:00+00:00,6.5,17.6,244
2024-01-01 13:00:00+00:00,6.6,15.9,231
2024-01-01 14:00:00+00:00,6.5,12.9,216
2024-01-01 15:00:00+00:00,5.7,11.4,193
2024-01-01 16:00:00+00:00,5.3,14.0,179
2024-01-01 17:00:00+00:00,4.6,12.7,165
2024-01-01 18:00:00+00:00,5.1,15.8,153
2024-01-01 19:00:00+00:00,5.5,18.7,142
2024-01-01 20:00:00+00:00,5.8,21.2,132
2024-01-01 21:00:00+00:00,6.0,23.6,128
2024-01-01 22:00:00+00:00,6.4,18.6,137
2024-01-01 23:00:00+00:00,7.7,20.2,158
2024-01-02 00:00:00+00:00,8.0,16.3,188
2024-01-02 01:00:00+00:00,9.8,29.0,250
2024-01-02 02:00:00+00:00,9.4,31.1,250
2024-01-02 03:00:00+00:00,9.5,31.7,251
2024-01-02 04:00:00+00:00,9.1,29.9,248
2024-01-02 05:00:00+00:00,9.2,27.7,245
2024-01-02 06:00:00+00:00,9.0,25.9,241
2024-01-02 07:00:00+00:00,8.6,21.9,234
2024-01-02 08:00:00+00:00,8.9,19.1,221
2024-01-02 09:00:00+00:00,9.1,16.0,211
2024-01-02 10:00:00+00:00,8.9,11.7,198
2024-01-02 11:00:00+00:00,9.0,9.1,189
2024-01-02 12:00:00+00:00,8.5,7.9,133
2024-01-02 13:00:00+00:00,8.3,8.5,102
2024-01-02 14:00:00+00:00,8.4,11.1,65
2024-01-02 15:00:00+00:00,8.1,15.5,31
2024-01-02 16:00:00+00:00,7.8,16.4,345
2024-01-02 17:00:00+00:00,7.7,17.2,307
2024-01-02 18:00:00+00:00,7.4,17.3,293
2024-01-02 19:00:00+00:00,7.5,19.9,274
2024-01-02 20:00:00+00:00,7.5,22.8,254
2024-01-02 21:00:00+00:00,7.3,17.2,260
2024-01-02 22:00:00+00:00,7.5,15.0,246
2024-01-02 23:00:00+00:00,7.5,16.5,247
2024-01-03 00:00:00+00:00,7.9,23.5,252
2024-01-03 01:00:00+00:00,7.6,18.3,254
2024-01-03 02:00:00+00:00,7.5,15.9,245
2024-01-03 03:00:00+00:00,7.0,15.5,239
2024-01-03 04:00:00+00:00,6.8,15.8,240
2024-01-03 05:00:00+00:00,6.6,16.1,231
2024-01-03 06:00:00+00:00,6.8,16.8,228
2024-01-03 07:00:00+00:00,6.4,14.9,233
2024-01-03 08:00:00+00:00,6.3,13.2,235
2024-01-03 09:00:00+00:00,6.3,9.7,239
2024-01-03 10:00:00+00:00,6.5,8.2,229
2024-01-03 11:00:00+00:00,6.9,5.0,240
2024-01-03 12:00:00+00:00,7.7,6.9,264
2024-01-03 13:00:00+00:00,8.0,13.6,287
2024-01-03 14:00:00+00:00,8.1,14.9,285
2024-01-03 15:00:00+00:00,7.2,14.6,286
2024-01-03 16:00:00+00:00,7.1,14.2,279
2024-01-03 17:00:00+00:00,7.0,17.3,275
2024-01-03 18:00:00+00:00,7.2,19.5,273
2024-01-03 19:00:00+00:00,7.1,19.1,272
2024-01-03 20:00:00+00:00,6.9,18.7,271
2024-01-03 21:00:00+00:00,7.0,16.9,269
2024-01-03 22:00:00+00:00,6.9,17.1,263
2024-01-03 23:00:00+00:00,6.9,16.5,260
2024-01-04 00:00:00+00:00,6.9,15.7,254
2024-01-04 01:00:00+00:00,7.1,14.7,259
2024-01-04 02:00:00+00:00,7.1,15.2,248
2024-01-04 03:00:00+00:00,7.0,17.3,247
2024-01-04 04:00:00+00:00,6.9,16.9,246
2024-01-04 05:00:00+00:00,6.9,16.3,245
2024-01-04 06:00:00+00:00,6.6,17.2,237
2024-01-04 07:00:00+00:00,6.7,19.1,248
2024-01-04 08:00:00+00:00,6.4,17.3,247
2024-01-04 09:00:00+00:00,6.2,15.0,240
2024-01-04 10:00:00+00:00,6.2,14.6,237
2024-01-04 11:00:00+00:00,7.0,14.3,242
2024-01-04 12:00:00+00:00,7.3,16.8,239
2024-01-04 13:00:00+00:00,7.4,11.2,237
2024-01-04 14:00:00+00:00,7.1,11.2,228
2024-01-04 15:00:00+00:00,6.2,5.6,225
2024-01-04 16:00:00+00:00,5.2,5.0,201
2024-01-04 17:00:00+00:00,4.3,4.1,225
2024-01-04 18:00:00+00:00,3.5,2.1,301
2024-01-04 19:00:00+00:00,2.6,4.5,331
2024-01-04 20:00:00+00:00,3.6,5.6,333
2024-01-04 21:00:00+00:00,3.3,7.1,336
2024-01-04 22:00:00+00:00,3.6,9.8,343
2024-01-04 23:00:00+00:00,3.7,12.6,340
2024-01-05 00:00:00+00:00,4.0,13.6,338
2024-01-05 01:00:00+00:00,4.2,12.3,328
2024-01-05 02:00:00+00:00,4.0,13.2,325
2024-01-05 03:00:00+00:00,3.7,12.2,315
2024-01-05 04:00:00+00:00,3.4,11.7,315
2024-01-05 05:00:00+00:00,3.4,13.5,316
2024-01-05 06:00:00+00:00,3.6,14.3,317
2024-01-05 07:00:00+00:00,3.8,14.3,321
2024-01-05 08:00:00+00:00,3.7,12.3,322
2024-01-05 09:00:00+00:00,3.6,11.0,319
2024-01-05 10:00:00+00:00,4.6,12.3,320
2024-01-05 11:00:00+00:00,5.4,12.9,337
2024-01-05 12:00:00+00:00,5.7,12.3,339
2024-01-05 13:00:00+00:00,6.4,11.9,335
2024-01-05 14:00:00+00:00,6.6,11.0,328
2024-01-05 15:00:00+00:00,6.3,10.4,326
2024-01-05 16:00:00+00:00,5.8,6.6,338
2024-01-05 17:00:00+00:00,5.2,5.6,345
2024-01-05 18:00:00+00:00,5.0,4.5,331
2024-01-05 19:00:00+00:00,5.2,5.5,293
2024-01-05 20:00:00+00:00,5.4,7.1,294
2024-01-05 21:00:00+00:00,5.2,6.6,319
2024-01-05 22:00:00+00:00,5.2,7.1,330
2024-01-05 23:00:00+00:00,5.0,9.2,329
2024-01-06 00:00:00+00:00,5.2,9.5,323
2024-01-06 01:00:00+00:00,4.6,10.0,339
2024-01-06 02:00:00+00:00,4.4,11.8,337
2024-01-06 03:00:00+00:00,4.2,12.1,333
2024-01-06 04:00:00+00:00,4.6,12.1,330
2024-01-06 05:00:00+00:00,3.7,10.7,327
2024-01-06 06:00:00+00:00,3.2,10.2,328
2024-01-06 07:00:00+00:00,2.9,10.0,330
2024-01-06 08:00:00+00:00,2.3,9.2,329
2024-01-06 09:00:00+00:00,2.2,7.8,326
2024-01-06 10:00:00+00:00,3.6,8.4,329
2024-01-06 11:00:00+00:00,4.8,8.7,343
2024-01-06 12:00:00+00:00,5.5,9.7,2
2024-01-06 13:00:00+00:00,5.5,10.1,354
2024-01-06 14:00:00+00:00,5.3,9.8,352
2024-01-06 15:00:00+00:00,4.6,8.4,350
2024-01-06 16:00:00+00:00,3.6,7.9,344
2024-01-06 17:00:00+00:00,3.6,10.0,339
2024-01-06 18:00:00+00:00,2.9,11.3,333
2024-01-06 19:00:00+00:00,3.0,12.9,342
2024-01-06 20:00:00+00:00,2.6,12.8,344
2024-01-06 21:00:00+00:00,2.7,13.3,347
2024-01-06 22:00:00+00:00,3.3,14.8,356
2024-01-06 23:00:00+00:00,3.1,13.7,360
2024-01-07 00:00:00+00:00,3.3,12.4,8
2024-01-07 01:00:00+00:00,3.2,13.0,360
2024-01-07 02:00:00+00:00,3.1,11.9,3
2024-01-07 03:00:00+00:00,2.2,11.5,358
2024-01-07 04:00:00+00:00,2.5,12.3,355
2024-01-07 05:00:00+00:00,2.4,13.3,360
2024-01-07 06:00:00+00:00,2.1,12.6,2
2024-01-07 07:00:00+00:00,2.3,11.9,2
2024-01-07 08:00:00+00:00,2.1,11.2,356
2024-01-07 09:00:00+00:00,2.2,11.5,356
2024-01-07 10:00:00+00:00,2.7,11.9,360
2024-01-07 11:00:00+00:00,3.6,14.5,27
2024-01-07 12:00:00+00:00,3.8,14.9,32
2024-01-07 13:00:00+00:00,3.5,11.4,35
2024-01-07 14:00:00+00:00,3.5,13.4,36
2024-01-07 15:00:00+00:00,3.5,13.4,36
2024-01-07 16:00:00+00:00,3.3,10.7,33
2024-01-07 17:00:00+00:00,3.1,9.8,28
2024-01-07 18:00:00+00:00,3.1,10.3,29
2024-01-07 19:00:00+00:00,3.1,9.4,43
2024-01-07 20:00:00+00:00,2.9,7.0,55
2024-01-07 21:00:00+00:00,2.7,7.8,56
2024-01-07 22:00:00+00:00,2.5,7.8,68
2024-01-07 23:00:00+00:00,2.4,6.3,66
2024-01-08 00:00:00+00:00,2.2,5.2,56
2024-01-08 01:00:00+00:00,0.8,4.4,35
2024-01-08 02:00:00+00:00,0.0,5.4,20
2024-01-08 03:00:00+00:00,0.2,6.0,17
2024-01-08 04:00:00+00:00,-0.3,7.2,18
2024-01-08 05:00:00+00:00,0.9,8.1,13
2024-01-08 06:00:00+00:00,1.7,10.7,20
2024-01-08 07:00:00+00:00,1.6,11.6,30
2024-01-08 08:00:00+00:00,1.1,11.8,38
2024-01-08 09:00:00+00:00,1.2,15.3,47
2024-01-08 10:00:00+00:00,2.0,20.3,57
2024-01-08 11:00:00+00:00,2.2,21.9,63
2024-01-08 12:00:00+00:00,2.3,17.3,45
2024-01-08 13:00:00+00:00,2.2,20.6,43
2024-01-08 14:00:00+00:00,2.3,23.4,61
2024-01-08 15:00:00+00:00,1.9,20.2,55
2024-01-08 16:00:00+00:00,1.7,19.9,48
2024-01-08 17:00:00+00:00,1.6,21.7,48
2024-01-08 18:00:00+00:00,1.5,21.5,52
2024-01-08 19:00:00+00:00,1.5,20.7,59
2024-01-08 20:00:00+00:00,1.7,21.3,60
2024-01-08 21:00:00+00:00,1.7,21.1,65
2024-01-08 22:00:00+00:00,1.6,20.0,67
2024-01-08 23:00:00+00:00,1.7,20.9,66
2024-01-09 00:00:00+00:00,1.8,22.2,61
2024-01-09 01:00:00+00:00,1.5,23.1,59
2024-01-09 02:00:00+00:00,1.4,22.0,55
2024-01-09 03:00:00+00:00,1.3,21.7,54
2024-01-09 04:00:00+00:00,1.3,20.8,53
2024-01-09 05:00:00+00:00,1.2,19.0,57
2024-01-09 06:00:00+00:00,0.9,17.6,59
2024-01-09 07:00:00+00:00,0.5,18.5,57
2024-01-09 08:00:00+00:00,0.2,19.0,57
2024-01-09 09:00:00+00:00,0.4,19.5,56
2024-01-09 10:00:00+00:00,1.4,20.6,61
2024-01-09 11:00:00+00:00,2.3,20.1,66
2024-01-09 12:00:00+00:00,2.9,28.6,73
2024-01-09 13:00:00+00:00,3.2,26.3,67
2024-01-09 14:00:00+00:00,3.0,23.9,59
2024-01-09 15:00:00+00:00,2.6,20.2,51
2024-01-09 16:00:00+00:00,1.6,18.7,50
2024-01-09 17:00:00+00:00,1.0,18.6,44
2024-01-09 18:00:00+00:00,0.6,18.4,39
2024-01-09 19:00:00+00:00,0.4,19.2,34
2024-01-09 20:00:00+00:00,0.5,20.5,34
2024-01-09 21:00:00+00:00,0.8,20.5,38
2024-01-09 22:00:00+00:00,0.5,18.8,36
2024-01-09 23:00:00+00:00,0.2,17.7,29
2024-01-10 00:00:00+00:00,0.4,18.2,30
2024-01-10 01:00:00+00:00,1.1,18.2,30
2024-01-10 02:00:00+00:00,1.1,16.3,25
2024-01-10 03:00:00+00:00,1.6,17.1,22
2024-01-10 04:00:00+00:00,2.3,17.2,29
2024-01-10 05:00:00+00:00,2.4,16.4,33
2024-01-10 06:00:00+00:00,2.5,15.5,36
2024-01-10 07:00:00+00:00,2.8,15.7,37
2024-01-10 08:00:00+00:00,3.1,14.9,37
2024-01-10 09:00:00+00:00,3.4,15.8,41
2024-01-10 10:00:00+00:00,3.8,15.6,40
2024-01-10 11:00:00+00:00,4.2,16.2,37
2024-01-10 12:00:00+00:00,4.8,18.3,43
2024-01-10 13:00:00+00:00,3.9,17.1,18
2024-01-10 14:00:00+00:00,4.3,18.7,19
2024-01-10 15:00:00+00:00,4.5,18.0,26
2024-01-10 16:00:00+00:00,4.6,17.2,29
2024-01-10 17:00:00+00:00,4.6,16.0,36
2024-01-10 18:00:00+00:00,4.5,16.4,38
2024-01-10 19:00:00+00:00,4.2,18.0,37
2024-01-10 20:00:00+00:00,4.1,17.9,38
2024-01-10 21:00:00+00:00,4.2,18.4,39
2024-01-10 22:00:00+00:00,4.1,17.5,37
2024-01-10 23:00:00+00:00,3.9,16.4,38
2024-01-11 00:00:00+00:00,3.5,15.5,36
2024-01-11 01:00:00+00:00,3.5,16.8,28
2024-01-11 02:00:00+00:00,3.5,16.7,25
2024-01-11 03:00:00+00:00,3.5,16.7,25
2024-01-11 04:00:00+00:00,3.6,17.4,24
2024-01-11 05:00:00+00:00,3.3,16.6,22
2024-01-11 06:00:00+00:00,3.6,15.5,25
2024-01-11 07:00:00+00:00,3.7,15.0,24
2024-01-11 08:00:00+00:00,3.9,14.0,26
2024-01-11 09:00:00+00:00,4.2,13.6,22
2024-01-11 10:00:00+00:00,4.6,14.9,20
2024-01-11 11:00:00+00:00,5.0,15.9,18
2024-01-11 12:00:00+00:00,6.0,17.4,27
2024-01-11 13:00:00+00:00,5.4,18.0,20
2024-01-11 14:00:00+00:00,5.4,17.6,11
2024-01-11 15:00:00+00:00,5.6,17.1,8
2024-01-11 16:00:00+00:00,5.4,17.8,18
2024-01-11 17:00:00+00:00,5.1,17.3,21
2024-01-11 18:00:00+00:00,5.0,17.5,14
2024-01-11 19:00:00+00:00,5.1,18.7,11
2024-01-11 20:00:00+00:00,5.2,19.0,10
2024-01-11 21:00:00+00:00,5.1,18.0,12
2024-01-11 22:00:00+00:00,5.0,16.9,12
2024-01-11 23:00:00+00:00,5.1,16.9,11
2024-01-12 00:00:00+00:00,5.1,17.1,8
2024-01-12 01:00:00+00:00,3.9,15.9,6
2024-01-12 02:00:00+00:00,4.0,15.9,5
2024-01-12 03:00:00+00:00,4.2,15.2,4
2024-01-12 04:00:00+00:00,4.3,14.2,7
2024-01-12 05:00:00+00:00,4.4,13.4,8
2024-01-12 06:00:00+00:00,4.3,12.6,3
2024-01-12 07:00:00+00:00,4.4,11.5,358
2024-01-12 08:00:00+00:00,4.3,10.5,356
2024-01-12 09:00:00+00:00,4.4,9.7,356
2024-01-12 10:00:00+00:00,4.6,10.1,2
2024-01-12 11:00:00+00:00,5.0,11.1,13
2024-01-12 12:00:00+00:00,5.3,9.0,23
2024-01-12 13:00:00+00:00,4.5,6.2,339
2024-01-12 14:00:00+00:00,4.6,5.9,313
2024-01-12 15:00:00+00:00,4.8,5.2,295
2024-01-12 16:00:00+00:00,4.5,3.7,281
2024-01-12 17:00:00+00:00,4.0,4.1,285
2024-01-12 18:00:00+00:00,1.4,6.5,270
2024-01-12 19:00:00+00:00,1.7,5.5,259
2024-01-12 20:00:00+00:00,1.1,7.0,258
2024-01-12 21:00:00+00:00,0.4,6.3,257
2024-01-12 22:00:00+00:00,1.2,7.2,273
2024-01-12 23:00:00+00:00,2.1,12.3,285
2024-01-13 00:00:00+00:00,2.2,13.1,279
2024-01-13 01:00:00+00:00,2.3,13.6,287
2024-01-13 02:00:00+00:00,2.4,16.6,297
2024-01-13 03:00:00+00:00,2.8,19.6,302
2024-01-13 04:00:00+00:00,3.2,18.7,295
2024-01-13 05:00:00+00:00,3.3,17.3,301
2024-01-13 06:00:00+00:00,3.7,18.9,301
2024-01-13 07:00:00+00:00,4.0,17.7,297
2024-01-13 08:00:00+00:00,4.1,15.5,292
2024-01-13 09:00:00+00:00,4.2,15.6,289
2024-01-13 10:00:00+00:00,5.3,16.2,291
2024-01-13 11:00:00+00:00,5.8,16.9,294
2024-01-13 12:00:00+00:00,6.4,15.5,292
2024-01-13 13:00:00+00:00,6.4,15.2,284
2024-01-13 14:00:00+00:00,6.4,16.7,284
2024-01-13 15:00:00+00:00,6.3,15.3,285
2024-01-13 16:00:00+00:00,6.0,10.9,287
2024-01-13 17:00:00+00:00,5.8,8.6,292
2024-01-13 18:00:00+00:00,5.7,9.4,302
2024-01-13 19:00:00+00:00,5.5,9.3,298
2024-01-13 20:00:00+00:00,3.3,8.4,290
2024-01-13 21:00:00+00:00,2.4,9.1,288
2024-01-13 22:00:00+00:00,2.5,10.1,297
2024-01-13 23:00:00+00:00,2.0,10.5,297
2024-01-14 00:00:00+00:00,1.6,10.8,296
2024-01-14 01:00:00+00:00,1.5,14.0,305
2024-01-14 02:00:00+00:00,1.4,11.7,304
2024-01-14 03:00:00+00:00,1.4,10.5,292
2024-01-14 04:00:00+00:00,1.6,10.9,287
2024-01-14 05:00:00+00:00,2.0,10.8,285
2024-01-14 06:00:00+00:00,1.4,9.3,283
2024-01-14 07:00:00+00:00,1.1,8.8,282
2024-01-14 08:00:00+00:00,1.1,7.9,286
2024-01-14 09:00:00+00:00,1.5,6.3,294
2024-01-14 10:00:00+00:00,2.6,8.3,288
2024-01-14 11:00:00+00:00,3.7,8.9,313
2024-01-14 12:00:00+00:00,4.3,6.6,331
2024-01-14 13:00:00+00:00,4.6,11.3,301
2024-01-14 14:00:00+00:00,3.9,14.8,311
2024-01-14 15:00:00+00:00,3.6,12.3,322
2024-01-14 16:00:00+00:00,3.2,12.8,322
2024-01-14 17:00:00+00:00,1.5,14.3,317
2024-01-14 18:00:00+00:00,0.8,15.8,313
2024-01-14 19:00:00+00:00,0.4,14.7,306
2024-01-14 20:00:00+00:00,0.2,15.0,305
2024-01-14 21:00:00+00:00,-0.0,15.2,306
2024-01-14 22:00:00+00:00,-0.1,15.8,305
2024-01-14 23:00:00+00:00,-0.2,16.5,306
2024-01-15 00:00:00+00:00,-0.5,16.2,307
2024-01-15 01:00:00+00:00,-0.7,15.2,301
2024-01-15 02:00:00+00:00,-1.0,17.9,304
2024-01-15 03:00:00+00:00,-0.7,20.8,307
2024-01-15 04:00:00+00:00,-0.4,20.7,305
2024-01-15 05:00:00+00:00,-0.4,19.8,299
2024-01-15 06:00:00+00:00,-0.9,20.0,309
2024-01-15 07:00:00+00:00,-1.2,20.1,317
2024-01-15 08:00:00+00:00,-1.6,20.7,319
2024-01-15 09:00:00+00:00,-1.5,20.7,319
2024-01-15 10:00:00+00:00,-0.7,19.4,313
2024-01-15 11:00:00+00:00,-0.0,19.7,310
2024-01-15 12:00:00+00:00,0.5,20.9,312
2024-01-15 13:00:00+00:00,0.5,20.2,309
2024-01-15 14:00:00+00:00,0.5,19.5,308
2024-01-15 15:00:00+00:00,0.1,17.1,305
2024-01-15 16:00:00+00:00,-1.1,14.8,304
2024-01-15 17:00:00+00:00,-1.8,14.0,296
2024-01-15 18:00:00+00:00,-2.1,13.0,289
2024-01-15 19:00:00+00:00,-2.1,12.7,285
2024-01-15 20:00:00+00:00,-2.0,12.7,285
2024-01-15 21:00:00+00:00,-2.0,12.0,286
2024-01-15 22:00:00+00:00,-1.9,11.9,284
2024-01-15 23:00:00+00:00,-1.5,11.3,279
2024-01-16 00:00:00+00:00,-0.8,11.2,276
2024-01-16 01:00:00+00:00,-1.3,9.7,266
2024-01-16 02:00:00+00:00,-1.5,10.2,260
2024-01-16 03:00:00+00:00,-1.5,11.6,254
2024-01-16 04:00:00+00:00,-1.3,14.2,254
2024-01-16 05:00:00+00:00,-0.3,17.6,259
2024-01-16 06:00:00+00:00,0.2,16.5,259
2024-01-16 07:00:00+00:00,0.4,14.8,252
2024-01-16 08:00:00+00:00,0.4,15.5,245
2024-01-16 09:00:00+00:00,0.9,17.0,238
2024-01-16 10:00:00+00:00,1.6,20.0,242
2024-01-16 11:00:00+00:00,2.1,18.7,232
2024-01-16 12:00:00+00:00,2.4,18.9,228
2024-01-16 13:00:00+00:00,2.6,22.7,227
2024-01-16 14:00:00+00:00,2.3,23.4,224
2024-01-16 15:00:00+00:00,2.7,27.4,235
2024-01-16 16:00:00+00:00,2.8,28.8,236
2024-01-16 17:00:00+00:00,2.5,28.1,234
2024-01-16 18:00:00+00:00,1.9,27.9,237
2024-01-16 19:00:00+00:00,1.7,28.0,238
2024-01-16 20:00:00+00:00,1.7,25.1,241
2024-01-16 21:00:00+00:00,2.1,23.4,236
2024-01-16 22:00:00+00:00,2.3,20.9,234
2024-01-16 23:00:00+00:00,2.5,18.5,233
2024-01-17 00:00:00+00:00,2.7,16.6,240
2024-01-17 01:00:00+00:00,2.9,15.0,249
2024-01-17 02:00:00+00:00,2.7,11.7,252
2024-01-17 03:00:00+00:00,2.5,8.7,263
2024-01-17 04:00:00+00:00,2.1,5.9,317
2024-01-17 05:00:00+00:00,1.8,8.3,360
2024-01-17 06:00:00+00:00,0.8,8.6,360
2024-01-17 07:00:00+00:00,-0.2,7.3,349
2024-01-17 08:00:00+00:00,-1.8,9.1,353
2024-01-17 09:00:00+00:00,-1.7,9.4,358
2024-01-17 10:00:00+00:00,-0.7,9.7,2
2024-01-17 11:00:00+00:00,0.1,9.5,11
2024-01-17 12:00:00+00:00,0.6,9.6,13
2024-01-17 13:00:00+00:00,0.3,10.1,2
2024-01-17 14:00:00+00:00,0.4,11.6,355
2024-01-17 15:00:00+00:00,-0.1,8.8,348
2024-01-17 16:00:00+00:00,-2.4,6.3,329
2024-01-17 17:00:00+00:00,-3.6,7.2,307
2024-01-17 18:00:00+00:00,-3.6,9.0,307
2024-01-17 19:00:00+00:00,-3.3,9.2,309
2024-01-17 20:00:00+00:00,-3.0,10.2,312
2024-01-17 21:00:00+00:00,-3.1,10.0,311
2024-01-17 22:00:00+00:00,-3.3,9.8,306
2024-01-17 23:00:00+00:00,-3.2,10.5,308
2024-01-18 00:00:00+00:00,-2.8,11.9,305
2024-01-18 01:00:00+00:00,-2.9,11.6,300
2024-01-18 02:00:00+00:00,-2.6,12.4,296
2024-01-18 03:00:00+00:00,-2.5,12.2,304
2024-01-18 04:00:00+00:00,-2.3,13.6,310
2024-01-18 05:00:00+00:00,-2.4,12.7,317
2024-01-18 06:00:00+00:00,-2.4,13.4,324
2024-01-18 07:00:00+00:00,-2.4,13.3,319
2024-01-18 08:00:00+00:00,-2.2,14.6,322
2024-01-18 09:00:00+00:00,-1.5,14.8,326
2024-01-18 10:00:00+00:00,0.2,15.9,335
2024-01-18 11:00:00+00:00,1.5,15.4,344
2024-01-18 12:00:00+00:00,2.4,13.2,338
2024-01-18 13:00:00+00:00,2.3,13.4,306
2024-01-18 14:00:00+00:00,2.0,14.8,293
2024-01-18 15:00:00+00:00,0.8,18.1,287
2024-01-18 16:00:00+00:00,-0.7,19.4,288
2024-01-18 17:00:00+00:00,-0.9,21.0,282
2024-01-18 18:00:00+00:00,-0.5,19.7,279
2024-01-18 19:00:00+00:00,0.1,22.5,282
2024-01-18 20:00:00+00:00,0.2,22.2,283
2024-01-18 21:00:00+00:00,0.0,21.1,284
2024-01-18 22:00:00+00:00,-0.2,19.7,288
2024-01-18 23:00:00+00:00,-0.1,19.6,287
2024-01-19 00:00:00+00:00,-0.1,18.4,282
2024-01-19 01:00:00+00:00,0.3,20.6,282
2024-01-19 02:00:00+00:00,0.5,21.0,282
2024-01-19 03:00:00+00:00,0.4,20.3,276
2024-01-19 04:00:00+00:00,0.3,19.1,270
2024-01-19 05:00:00+00:00,0.4,21.3,266
2024-01-19 06:00:00+00:00,0.8,25.6,268
2024-01-19 07:00:00+00:00,0.8,26.8,265
2024-01-19 08:00:00+00:00,0.7,26.8,259
2024-01-19 09:00:00+00:00,1.1,26.0,256
2024-01-19 10:00:00+00:00,2.1,24.5,253
2024-01-19 11:00:00+00:00,3.3,20.8,252
2024-01-19 12:00:00+00:00,3.2,20.5,255
2024-01-19 13:00:00+00:00,3.6,20.6,241
2024-01-19 14:00:00+00:00,3.8,18.8,238
2024-01-19 15:00:00+00:00,3.7,19.1,234
2024-01-19 16:00:00+00:00,2.7,16.1,228
2024-01-19 17:00:00+00:00,2.0,17.6,221
2024-01-19 18:00:00+00:00,2.2,21.4,222
2024-01-19 19:00:00+00:00,2.2,21.4,221
2024-01-19 20:00:00+00:00,2.3,21.9,222
2024-01-19 21:00:00+00:00,2.5,24.2,229
2024-01-19 22:00:00+00:00,2.9,25.3,230
2024-01-19 23:00:00+00:00,3.2,27.2,233
2024-01-20 00:00:00+00:00,3.5,28.7,232
2024-01-20 01:00:00+00:00,3.3,33.3,232
2024-01-20 02:00:00+00:00,3.3,32.4,228
2024-01-20 03:00:00+00:00,3.0,30.8,224
2024-01-20 04:00:00+00:00,3.0,29.7,218
2024-01-20 05:00:00+00:00,3.4,31.0,219
2024-01-20 06:00:00+00:00,3.5,33.2,220
2024-01-20 07:00:00+00:00,3.7,35.5,220
2024-01-20 08:00:00+00:00,3.6,36.0,221
2024-01-20 09:00:00+00:00,3.6,36.0,221
2024-01-20 10:00:00+00:00,3.8,36.1,219
2024-01-20 11:00:00+00:00,3.9,34.9,217
2024-01-20 12:00:00+00:00,4.2,32.8,216
2024-01-20 13:00:00+00:00,5.5,30.6,214
2024-01-20 14:00:00+00:00,5.4,31.2,211
2024-01-20 15:00:00+00:00,4.8,30.2,211
2024-01-20 16:00:00+00:00,4.6,30.5,210
2024-01-20 17:00:00+00:00,4.6,30.6,208
2024-01-20 18:00:00+00:00,4.5,30.3,204
2024-01-20 19:00:00+00:00,4.3,28.0,193
2024-01-20 20:00:00+00:00,4.2,28.9,191
2024-01-20 21:00:00+00:00,4.1,33.0,198
2024-01-20 22:00:00+00:00,4.2,35.1,197
2024-01-20 23:00:00+00:00,4.2,36.5,199
2024-01-21 00:00:00+00:00,4.1,36.0,202
2024-01-21 01:00:00+00:00,4.2,33.5,201
2024-01-21 02:00:00+00:00,4.8,32.6,203
2024-01-21 03:00:00+00:00,5.2,34.2,204
2024-01-21 04:00:00+00:00,5.5,33.7,207
2024-01-21 05:00:00+00:00,6.3,29.8,212
2024-01-21 06:00:00+00:00,7.1,28.9,220
2024-01-21 07:00:00+00:00,7.7,32.6,228
2024-01-21 08:00:00+00:00,7.7,35.7,227
2024-01-21 09:00:00+00:00,8.2,35.7,229
2024-01-21 10:00:00+00:00,8.4,36.2,229
2024-01-21 11:00:00+00:00,8.9,39.7,224
2024-01-21 12:00:00+00:00,9.7,42.9,221
2024-01-21 13:00:00+00:00,10.5,45.3,214
2024-01-21 14:00:00+00:00,11.0,48.4,213
2024-01-21 15:00:00+00:00,11.0,46.7,214
2024-01-21 16:00:00+00:00,10.7,44.9,211
2024-01-21 17:00:00+00:00,9.9,44.4,207
2024-01-21 18:00:00+00:00,9.9,47.5,209
2024-01-21 19:00:00+00:00,10.1,46.9,206
2024-01-21 20:00:00+00:00,10.7,45.7,207
2024-01-21 21:00:00+00:00,11.5,47.6,209
2024-01-21 22:00:00+00:00,11.8,51.5,213
2024-01-21 23:00:00+00:00,11.8,46.2,214
2024-01-22 00:00:00+00:00,11.5,46.2,229
2024-01-22 01:00:00+00:00,10.8,39.3,235
2024-01-22 02:00:00+00:00,10.0,38.5,246
2024-01-22 03:00:00+00:00,8.3,39.1,250
2024-01-22 04:00:00+00:00,7.7,34.2,250
2024-01-22 05:00:00+00:00,7.4,34.6,251
2024-01-22 06:00:00+00:00,6.9,38.0,253
2024-01-22 07:00:00+00:00,6.4,38.7,253
2024-01-22 08:00:00+00:00,6.3,38.7,252
2024-01-22 09:00:00+00:00,6.4,39.2,251
2024-01-22 10:00:00+00:00,6.8,36.2,248
2024-01-22 11:00:00+00:00,7.5,35.9,252
2024-01-22 12:00:00+00:00,7.7,39.8,254
2024-01-22 13:00:00+00:00,7.3,37.3,253
2024-01-22 14:00:00+00:00,7.2,34.5,252
2024-01-22 15:00:00+00:00,7.3,37.8,254
2024-01-22 16:00:00+00:00,6.6,35.9,252
2024-01-22 17:00:00+00:00,6.2,35.6,256
2024-01-22 18:00:00+00:00,5.9,32.8,258
2024-01-22 19:00:00+00:00,5.1,34.0,264
2024-01-22 20:00:00+00:00,5.3,34.7,265
2024-01-22 21:00:00+00:00,5.7,35.1,265
2024-01-22 22:00:00+00:00,6.1,35.5,264
2024-01-22 23:00:00+00:00,5.9,33.6,265
2024-01-23 00:00:00+00:00,5.8,31.3,268
2024-01-23 01:00:00+00:00,5.5,29.9,261
2024-01-23 02:00:00+00:00,5.6,27.4,260
2024-01-23 03:00:00+00:00,5.6,24.1,260
2024-01-23 04:00:00+00:00,5.0,19.7,252
2024-01-23 05:00:00+00:00,4.1,16.3,225
2024-01-23 06:00:00+00:00,3.7,16.8,222
2024-01-23 07:00:00+00:00,4.5,18.8,212
2024-01-23 08:00:00+00:00,4.8,18.6,198
2024-01-23 09:00:00+00:00,4.7,19.9,184
2024-01-23 10:00:00+00:00,5.2,23.2,174
2024-01-23 11:00:00+00:00,6.6,27.4,182
2024-01-23 12:00:00+00:00,8.0,30.4,199
2024-01-23 13:00:00+00:00,9.2,39.5,215
2024-01-23 14:00:00+00:00,10.7,39.5,225
2024-01-23 15:00:00+00:00,12.0,41.4,231
2024-01-23 16:00:00+00:00,12.6,41.6,235
2024-01-23 17:00:00+00:00,12.8,42.3,232
2024-01-23 18:00:00+00:00,13.1,43.4,229
2024-01-23 19:00:00+00:00,13.0,46.0,235
2024-01-23 20:00:00+00:00,12.4,44.6,236
2024-01-23 21:00:00+00:00,11.5,45.8,238
2024-01-23 22:00:00+00:00,10.7,37.4,238
2024-01-23 23:00:00+00:00,9.9,37.5,239
2024-01-24 00:00:00+00:00,9.4,40.9,241
2024-01-24 01:00:00+00:00,9.3,44.5,246
2024-01-24 02:00:00+00:00,9.0,43.9,247
2024-01-24 03:00:00+00:00,8.6,43.2,251
2024-01-24 04:00:00+00:00,8.4,36.6,255
2024-01-24 05:00:00+00:00,8.2,35.9,259
2024-01-24 06:00:00+00:00,8.3,40.9,264
2024-01-24 07:00:00+00:00,8.2,39.3,266
2024-01-24 08:00:00+00:00,8.1,38.9,268
2024-01-24 09:00:00+00:00,7.8,31.4,267
2024-01-24 10:00:00+00:00,8.4,41.8,270
2024-01-24 11:00:00+00:00,8.4,44.7,268
2024-01-24 12:00:00+00:00,8.8,52.6,270
2024-01-24 13:00:00+00:00,8.5,49.7,270
2024-01-24 14:00:00+00:00,8.3,45.7,271
2024-01-24 15:00:00+00:00,8.1,43.9,271
2024-01-24 16:00:00+00:00,7.8,38.5,270
2024-01-24 17:00:00+00:00,7.2,33.1,271
2024-01-24 18:00:00+00:00,6.7,28.8,271
2024-01-24 19:00:00+00:00,6.4,24.9,268
2024-01-24 20:00:00+00:00,6.0,20.3,264
2024-01-24 21:00:00+00:00,6.0,13.4,262
2024-01-24 22:00:00+00:00,6.0,10.8,249
2024-01-24 23:00:00+00:00,5.4,10.8,244
2024-01-25 00:00:00+00:00,5.1,9.3,242
2024-01-25 01:00:00+00:00,4.2,8.6,248
2024-01-25 02:00:00+00:00,4.4,8.8,235
2024-01-25 03:00:00+00:00,5.1,6.4,218
2024-01-25 04:00:00+00:00,5.1,7.4,194
2024-01-25 05:00:00+00:00,5.5,9.9,190
2024-01-25 06:00:00+00:00,5.8,12.6,185
2024-01-25 07:00:00+00:00,5.9,14.8,183
2024-01-25 08:00:00+00:00,6.3,17.0,185
2024-01-25 09:00:00+00:00,7.1,17.8,198
2024-01-25 10:00:00+00:00,8.3,19.2,206
2024-01-25 11:00:00+00:00,9.5,23.5,212
2024-01-25 12:00:00+00:00,10.1,25.6,215
2024-01-25 13:00:00+00:00,10.2,21.6,198
2024-01-25 14:00:00+00:00,10.5,24.4,199
2024-01-25 15:00:00+00:00,10.9,24.1,207
2024-01-25 16:00:00+00:00,11.0,25.1,209
2024-01-25 17:00:00+00:00,10.9,26.4,206
2024-01-25 18:00:00+00:00,11.2,27.7,210
2024-01-25 19:00:00+00:00,11.3,27.6,209
2024-01-25 20:00:00+00:00,11.5,30.3,215
2024-01-25 21:00:00+00:00,11.7,31.3,213
2024-01-25 22:00:00+00:00,11.7,33.4,213
2024-01-25 23:00:00+00:00,11.8,32.9,215
2024-01-26 00:00:00+00:00,11.8,32.7,214
2024-01-26 01:00:00+00:00,11.7,31.4,217
2024-01-26 02:00:00+00:00,11.8,34.6,226
2024-01-26 03:00:00+00:00,10.9,35.7,222
2024-01-26 04:00:00+00:00,8.4,41.0,271
2024-01-26 05:00:00+00:00,6.6,38.5,268
2024-01-26 06:00:00+00:00,6.2,38.7,275
2024-01-26 07:00:00+00:00,5.1,36.5,276
2024-01-26 08:00:00+00:00,4.8,34.0,280
2024-01-26 09:00:00+00:00,4.9,30.9,281
2024-01-26 10:00:00+00:00,5.5,29.3,281
2024-01-26 11:00:00+00:00,6.3,30.1,281
2024-01-26 12:00:00+00:00,6.8,29.7,281
2024-01-26 13:00:00+00:00,6.9,29.2,272
2024-01-26 14:00:00+00:00,7.0,28.1,271
2024-01-26 15:00:00+00:00,7.0,19.7,262
2024-01-26 16:00:00+00:00,6.2,13.8,242
2024-01-26 17:00:00+00:00,5.0,13.8,229
2024-01-26 18:00:00+00:00,5.0,16.7,233
2024-01-26 19:00:00+00:00,6.1,20.8,236
2024-01-26 20:00:00+00:00,5.1,19.8,233
2024-01-26 21:00:00+00:00,4.9,17.9,230
2024-01-26 22:00:00+00:00,4.8,16.6,222
2024-01-26 23:00:00+00:00,4.3,16.1,220
2024-01-27 00:00:00+00:00,4.2,17.6,224
2024-01-27 01:00:00+00:00,4.7,20.4,228
2024-01-27 02:00:00+00:00,5.0,23.2,234
2024-01-27 03:00:00+00:00,5.1,22.4,233
2024-01-27 04:00:00+00:00,4.8,19.9,229
2024-01-27 05:00:00+00:00,4.4,17.4,220
2024-01-27 06:00:00+00:00,4.0,15.9,213
2024-01-27 07:00:00+00:00,4.1,17.1,208
2024-01-27 08:00:00+00:00,4.1,17.7,207
2024-01-27 09:00:00+00:00,4.5,18.4,206
2024-01-27 10:00:00+00:00,5.7,21.9,213
2024-01-27 11:00:00+00:00,6.7,21.6,210
2024-01-27 12:00:00+00:00,6.7,20.5,211
2024-01-27 13:00:00+00:00,6.9,23.5,216
2024-01-27 14:00:00+00:00,7.3,21.3,217
2024-01-27 15:00:00+00:00,7.0,19.9,221
2024-01-27 16:00:00+00:00,6.5,20.7,219
2024-01-27 17:00:00+00:00,5.9,19.9,212
2024-01-27 18:00:00+00:00,5.3,20.1,207
2024-01-27 19:00:00+00:00,5.1,20.5,204
2024-01-27 20:00:00+00:00,5.0,21.7,201
2024-01-27 21:00:00+00:00,4.9,22.1,199
2024-01-27 22:00:00+00:00,4.7,22.9,199
2024-01-27 23:00:00+00:00,4.3,21.3,199
2024-01-28 00:00:00+00:00,3.7,22.3,201
2024-01-28 01:00:00+00:00,3.9,22.4,206
2024-01-28 02:00:00+00:00,3.7,22.5,207
2024-01-28 03:00:00+00:00,3.7,22.4,208
2024-01-28 04:00:00+00:00,4.2,25.8,208
2024-01-28 05:00:00+00:00,4.7,26.9,206
2024-01-28 06:00:00+00:00,5.2,27.0,207
2024-01-28 07:00:00+00:00,5.1,26.4,208
2024-01-28 08:00:00+00:00,6.1,28.0,208
2024-01-28 09:00:00+00:00,6.1,28.4,204
2024-01-28 10:00:00+00:00,6.9,24.3,204
2024-01-28 11:00:00+00:00,7.3,26.1,203
2024-01-28 12:00:00+00:00,8.3,21.3,199
2024-01-28 13:00:00+00:00,8.6,19.6,197
2024-01-28 14:00:00+00:00,9.7,28.0,206
2024-01-28 15:00:00+00:00,9.8,26.7,206
2024-01-28 16:00:00+00:00,9.9,29.2,210
2024-01-28 17:00:00+00:00,9.8,30.5,213
2024-01-28 18:00:00+00:00,10.0,30.0,213
2024-01-28 19:00:00+00:00,10.0,29.4,216
2024-01-28 20:00:00+00:00,10.2,29.1,221
2024-01-28 21:00:00+00:00,9.8,26.0,226
2024-01-28 22:00:00+00:00,10.2,22.7,223
2024-01-28 23:00:00+00:00,10.3,20.0,219
2024-01-29 00:00:00+00:00,10.3,18.2,219
2024-01-29 01:00:00+00:00,9.9,15.6,220
2024-01-29 02:00:00+00:00,9.8,11.8,211
2024-01-29 03:00:00+00:00,9.7,9.3,216
2024-01-29 04:00:00+00:00,9.3,3.8,197
2024-01-29 05:00:00+00:00,8.9,3.3,131
2024-01-29 06:00:00+00:00,8.8,6.6,167
2024-01-29 07:00:00+00:00,8.8,9.5,169
2024-01-29 08:00:00+00:00,8.9,12.1,170
2024-01-29 09:00:00+00:00,9.1,11.6,173
2024-01-29 10:00:00+00:00,9.3,13.0,174
2024-01-29 11:00:00+00:00,9.6,15.9,176
2024-01-29 12:00:00+00:00,10.2,17.3,178
2024-01-29 13:00:00+00:00,10.4,13.2,145
2024-01-29 14:00:00+00:00,10.7,17.3,181
2024-01-29 15:00:00+00:00,11.0,16.3,186
2024-01-29 16:00:00+00:00,11.1,13.4,194
2024-01-29 17:00:00+00:00,11.1,10.4,194
2024-01-29 18:00:00+00:00,11.1,12.7,187
2024-01-29 19:00:00+00:00,10.9,15.5,185
2024-01-29 20:00:00+00:00,10.8,15.9,183
2024-01-29 21:00:00+00:00,10.8,15.9,184
2024-01-29 22:00:00+00:00,10.8,17.3,185
2024-01-29 23:00:00+00:00,10.9,17.8,188
2024-01-30 00:00:00+00:00,10.7,15.2,185
2024-01-30 01:00:00+00:00,10.2,14.5,194
2024-01-30 02:00:00+00:00,10.6,15.6,218
2024-01-30 03:00:00+00:00,8.3,19.6,277
2024-01-30 04:00:00+00:00,7.0,14.8,276
2024-01-30 05:00:00+00:00,6.8,14.6,279
2024-01-30 06:00:00+00:00,6.8,13.7,305
2024-01-30 07:00:00+00:00,7.0,15.6,334
2024-01-30 08:00:00+00:00,6.6,16.4,327
2024-01-30 09:00:00+00:00,6.5,15.1,320
2024-01-30 10:00:00+00:00,6.6,15.0,316
2024-01-30 11:00:00+00:00,6.8,16.0,316
2024-01-30 12:00:00+00:00,7.0,16.6,311
2024-01-30 13:00:00+00:00,6.6,16.9,299
2024-01-30 14:00:00+00:00,6.8,16.6,297
2024-01-30 15:00:00+00:00,6.4,14.0,288
2024-01-30 16:00:00+00:00,5.3,10.9,278
2024-01-30 17:00:00+00:00,3.7,9.7,274
2024-01-30 18:00:00+00:00,3.5,11.5,272
2024-01-30 19:00:00+00:00,3.7,10.8,268
2024-01-30 20:00:00+00:00,3.5,9.6,250
2024-01-30 21:00:00+00:00,3.6,10.6,252
2024-01-30 22:00:00+00:00,3.4,10.7,250
2024-01-30 23:00:00+00:00,2.6,9.7,228
2024-01-31 00:00:00+00:00,2.1,11.0,218
2024-01-31 01:00:00+00:00,2.3,14.0,228
2024-01-31 02:00:00+00:00,2.2,15.5,224
2024-01-31 03:00:00+00:00,2.2,17.1,224
2024-01-31 04:00:00+00:00,2.2,21.1,223
2024-01-31 05:00:00+00:00,2.4,23.7,223
2024-01-31 06:00:00+00:00,2.2,23.7,222
2024-01-31 07:00:00+00:00,2.7,25.5,224
2024-01-31 08:00:00+00:00,3.0,26.7,223
2024-01-31 09:00:00+00:00,3.6,29.3,223
2024-01-31 10:00:00+00:00,4.4,32.4,228
2024-01-31 11:00:00+00:00,5.7,29.6,230
2024-01-31 12:00:00+00:00,6.9,27.0,226
2024-01-31 13:00:00+00:00,7.7,31.6,228
2024-01-31 14:00:00+00:00,7.9,36.4,222
2024-01-31 15:00:00+00:00,8.0,35.5,220
2024-01-31 16:00:00+00:00,8.9,38.9,234
2024-01-31 17:00:00+00:00,9.6,44.1,245
2024-01-31 18:00:00+00:00,9.6,42.4,249
2024-01-31 19:00:00+00:00,9.7,38.3,258
2024-01-31 20:00:00+00:00,8.4,31.6,285
2024-01-31 21:00:00+00:00,6.3,28.4,300
2024-01-31 22:00:00+00:00,5.3,15.7,323
2024-01-31 23:00:00+00:00,4.9,18.0,296
2024-02-01 00:00:00+00:00,4.4,14.9,290
2024-02-01 01:00:00+00:00,4.5,18.6,279
2024-02-01 02:00:00+00:00,4.3,18.3,280
2024-02-01 03:00:00+00:00,4.3,18.7,281
2024-02-01 04:00:00+00:00,4.4,19.5,282
2024-02-01 05:00:00+00:00,4.3,18.5,277
2024-02-01 06:00:00+00:00,4.7,18.5,277
2024-02-01 07:00:00+00:00,5.1,17.0,276
2024-02-01 08:00:00+00:00,5.2,16.6,275
2024-02-01 09:00:00+00:00,5.6,15.8,270
2024-02-01 10:00:00+00:00,6.2,15.1,267
2024-02-01 11:00:00+00:00,6.7,17.3,275
2024-02-01 12:00:00+00:00,7.6,19.9,283
2024-02-01 13:00:00+00:00,6.4,16.2,270
2024-02-01 14:00:00+00:00,6.3,17.1,263
2024-02-01 15:00:00+00:00,6.5,15.9,257
2024-02-01 16:00:00+00:00,5.9,15.3,246
2024-02-01 17:00:00+00:00,5.5,13.6,230
2024-02-01 18:00:00+00:00,5.5,15.9,231
2024-02-01 19:00:00+00:00,5.4,21.4,241
2024-02-01 20:00:00+00:00,5.3,23.3,250
2024-02-01 21:00:00+00:00,6.1,27.5,256
2024-02-01 22:00:00+00:00,7.0,32.6,264
2024-02-01 23:00:00+00:00,7.7,34.2,262
2024-02-02 00:00:00+00:00,8.2,37.0,259
2024-02-02 01:00:00+00:00,8.8,36.9,260
2024-02-02 02:00:00+00:00,9.0,35.1,260
2024-02-02 03:00:00+00:00,8.6,31.5,259
2024-02-02 04:00:00+00:00,8.3,27.9,250
2024-02-02 05:00:00+00:00,8.4,25.9,241
2024-02-02 06:00:00+00:00,8.5,33.5,255
2024-02-02 07:00:00+00:00,8.8,40.9,264
2024-02-02 08:00:00+00:00,9.0,39.9,263
2024-02-02 09:00:00+00:00,9.4,37.2,261
2024-02-02 10:00:00+00:00,9.9,37.8,262
2024-02-02 11:00:00+00:00,10.8,37.3,263
2024-02-02 12:00:00+00:00,11.0,33.2,261
2024-02-02 13:00:00+00:00,11.5,30.0,254
2024-02-02 14:00:00+00:00,11.5,25.4,245
2024-02-02 15:00:00+00:00,11.3,23.8,238
2024-02-02 16:00:00+00:00,10.8,23.7,237
2024-02-02 17:00:00+00:00,10.5,22.2,238
2024-02-02 18:00:00+00:00,10.7,21.6,244
2024-02-02 19:00:00+00:00,10.7,24.1,253
2024-02-02 20:00:00+00:00,11.0,26.8,255
2024-02-02 21:00:00+00:00,11.1,28.7,258
2024-02-02 22:00:00+00:00,11.1,30.0,260
2024-02-02 23:00:00+00:00,11.1,30.2,262
2024-02-03 00:00:00+00:00,11.1,28.3,255
2024-02-03 01:00:00+00:00,11.3,32.8,257
2024-02-03 02:00:00+00:00,11.2,32.8,258
2024-02-03 03:00:00+00:00,11.0,35.6,259
2024-02-03 04:00:00+00:00,11.1,38.0,265
2024-02-03 05:00:00+00:00,11.3,37.6,266
2024-02-03 06:00:00+00:00,11.2,34.2,267
2024-02-03 07:00:00+00:00,10.8,27.7,269
2024-02-03 08:00:00+00:00,10.7,28.5,267
2024-02-03 09:00:00+00:00,10.9,30.4,265
2024-02-03 10:00:00+00:00,10.5,30.2,269
2024-02-03 11:00:00+00:00,9.8,16.6,283
2024-02-03 12:00:00+00:00,9.3,13.0,289
2024-02-03 13:00:00+00:00,9.8,20.6,265
2024-02-03 14:00:00+00:00,9.3,16.9,259
2024-02-03 15:00:00+00:00,9.1,14.6,254
2024-02-03 16:00:00+00:00,8.4,16.3,256
2024-02-03 17:00:00+00:00,8.1,19.6,263
2024-02-03 18:00:00+00:00,7.9,19.6,264
2024-02-03 19:00:00+00:00,7.8,19.9,266
2024-02-03 20:00:00+00:00,7.8,22.7,271
2024-02-03 21:00:00+00:00,7.6,20.7,278
2024-02-03 22:00:00+00:00,6.4,18.0,268
2024-02-03 23:00:00+00:00,6.3,17.9,261
2024-02-04 00:00:00+00:00,6.7,20.1,260
2024-02-04 01:00:00+00:00,7.8,21.4,245
2024-02-04 02:00:00+00:00,7.6,25.6,266
2024-02-04 03:00:00+00:00,7.6,24.7,262
2024-02-04 04:00:00+00:00,8.1,24.2,259
2024-02-04 05:00:00+00:00,8.4,24.1,261
2024-02-04 06:00:00+00:00,8.6,23.2,258
2024-02-04 07:00:00+00:00,8.7,25.1,263
2024-02-04 08:00:00+00:00,8.9,24.8,261
2024-02-04 09:00:00+00:00,9.4,23.3,250
2024-02-04 10:00:00+00:00,9.7,20.6,241
2024-02-04 11:00:00+00:00,10.1,20.5,231
2024-02-04 12:00:00+00:00,10.9,27.0,243
2024-02-04 13:00:00+00:00,10.7,30.1,245
2024-02-04 14:00:00+00:00,11.0,30.9,255
2024-02-04 15:00:00+00:00,11.1,28.8,254
2024-02-04 16:00:00+00:00,11.3,29.6,254
2024-02-04 17:00:00+00:00,11.3,28.5,254
2024-02-04 18:00:00+00:00,11.2,27.4,251
2024-02-04 19:00:00+00:00,11.1,30.4,256
2024-02-04 20:00:00+00:00,10.7,30.9,259
2024-02-04 21:00:00+00:00,10.4,28.6,255
2024-02-04 22:00:00+00:00,10.1,29.0,256
2024-02-04 23:00:00+00:00,9.8,26.6,251
2024-02-05 00:00:00+00:00,9.5,24.8,246
2024-02-05 01:00:00+00:00,9.6,29.2,246
2024-02-05 02:00:00+00:00,9.2,30.0,246
2024-02-05 03:00:00+00:00,8.9,27.9,240
2024-02-05 04:00:00+00:00,8.5,27.0,236
2024-02-05 05:00:00+00:00,8.3,27.1,234
2024-02-05 06:00:00+00:00,8.3,28.2,235
2024-02-05 07:00:00+00:00,8.0,27.5,236
2024-02-05 08:00:00+00:00,8.1,27.7,238
2024-02-05 09:00:00+00:00,8.6,27.9,240
2024-02-05 10:00:00+00:00,9.4,29.3,244
2024-02-05 11:00:00+00:00,9.6,27.0,239
2024-02-05 12:00:00+00:00,10.0,30.1,249
2024-02-05 13:00:00+00:00,10.3,34.1,242
2024-02-05 14:00:00+00:00,10.2,29.5,243
2024-02-05 15:00:00+00:00,10.2,29.1,244
2024-02-05 16:00:00+00:00,10.1,30.4,246
2024-02-05 17:00:00+00:00,10.0,30.6,243
2024-02-05 18:00:00+00:00,10.0,31.2,243
2024-02-05 19:00:00+00:00,9.9,30.8,241
2024-02-05 20:00:00+00:00,10.0,29.9,239
2024-02-05 21:00:00+00:00,10.3,29.5,240
2024-02-05 22:00:00+00:00,10.6,30.9,241
2024-02-05 23:00:00+00:00,10.7,30.5,241
2024-02-06 00:00:00+00:00,10.7,29.1,236
2024-02-06 01:00:00+00:00,10.5,27.4,232
2024-02-06 02:00:00+00:00,10.5,27.2,233
2024-02-06 03:00:00+00:00,10.5,26.1,231
2024-02-06 04:00:00+00:00,10.1,22.7,228
2024-02-06 05:00:00+00:00,9.9,28.0,233
2024-02-06 06:00:00+00:00,9.9,26.3,229
2024-02-06 07:00:00+00:00,9.8,30.6,236
2024-02-06 08:00:00+00:00,9.6,32.7,238
2024-02-06 09:00:00+00:00,9.6,32.9,236
2024-02-06 10:00:00+00:00,9.8,35.9,237
2024-02-06 11:00:00+00:00,10.3,35.8,240
2024-02-06 12:00:00+00:00,10.6,31.1,250
2024-02-06 13:00:00+00:00,10.1,19.0,289
2024-02-06 14:00:00+00:00,8.0,13.1,291
2024-02-06 15:00:00+00:00,7.4,14.3,295
2024-02-06 16:00:00+00:00,6.5,16.1,297
2024-02-06 17:00:00+00:00,5.4,14.5,297
2024-02-06 18:00:00+00:00,5.6,13.4,306
2024-02-06 19:00:00+00:00,5.6,12.0,314
2024-02-06 20:00:00+00:00,5.7,13.2,305
2024-02-06 21:00:00+00:00,5.1,11.0,311
2024-02-06 22:00:00+00:00,3.8,9.5,323
2024-02-06 23:00:00+00:00,4.0,11.3,343
2024-02-07 00:00:00+00:00,3.9,11.9,358
2024-02-07 01:00:00+00:00,3.9,9.5,11
2024-02-07 02:00:00+00:00,3.4,8.5,12
2024-02-07 03:00:00+00:00,2.8,6.8,18
2024-02-07 04:00:00+00:00,2.6,5.1,8
2024-02-07 05:00:00+00:00,2.4,5.5,23
2024-02-07 06:00:00+00:00,3.0,4.6,18
2024-02-07 07:00:00+00:00,2.7,2.6,16
2024-02-07 08:00:00+00:00,2.7,0.7,270
2024-02-07 09:00:00+00:00,2.5,1.8,217
2024-02-07 10:00:00+00:00,3.9,5.2,196
2024-02-07 11:00:00+00:00,4.9,8.1,193
2024-02-07 12:00:00+00:00,5.5,8.9,201
2024-02-07 13:00:00+00:00,6.0,8.7,232
2024-02-07 14:00:00+00:00,6.2,7.7,259
2024-02-07 15:00:00+00:00,5.9,7.2,273
2024-02-07 16:00:00+00:00,5.2,5.7,288
2024-02-07 17:00:00+00:00,2.7,5.8,292
2024-02-07 18:00:00+00:00,2.1,5.0,300
2024-02-07 19:00:00+00:00,1.7,4.7,293
2024-02-07 20:00:00+00:00,2.4,2.5,262
2024-02-07 21:00:00+00:00,2.3,2.6,254
2024-02-07 22:00:00+00:00,2.1,2.6,254
2024-02-07 23:00:00+00:00,2.3,1.5,284
2024-02-08 00:00:00+00:00,2.4,2.3,342
2024-02-08 01:00:00+00:00,1.8,5.9,104
2024-02-08 02:00:00+00:00,0.9,5.9,76
2024-02-08 03:00:00+00:00,1.3,6.2,69
2024-02-08 04:00:00+00:00,1.1,8.0,63
2024-02-08 05:00:00+00:00,1.2,9.4,72
2024-02-08 06:00:00+00:00,1.1,11.3,68
2024-02-08 07:00:00+00:00,1.7,15.9,94
2024-02-08 08:00:00+00:00,1.6,16.6,94
2024-02-08 09:00:00+00:00,1.7,19.0,100
2024-02-08 10:00:00+00:00,1.6,23.6,102
2024-02-08 11:00:00+00:00,1.6,20.5,88
2024-02-08 12:00:00+00:00,1.5,22.0,79
2024-02-08 13:00:00+00:00,1.1,21.7,78
2024-02-08 14:00:00+00:00,1.1,18.3,74
2024-02-08 15:00:00+00:00,0.9,18.7,65
2024-02-08 16:00:00+00:00,0.9,18.5,66
2024-02-08 17:00:00+00:00,0.9,19.7,59
2024-02-08 18:00:00+00:00,1.0,22.1,71
2024-02-08 19:00:00+00:00,1.1,20.9,66
2024-02-08 20:00:00+00:00,1.5,21.4,63
2024-02-08 21:00:00+00:00,1.6,21.4,57
2024-02-08 22:00:00+00:00,1.6,19.4,47
2024-02-08 23:00:00+00:00,1.7,18.4,42
2024-02-09 00:00:00+00:00,1.9,16.1,29
2024-02-09 01:00:00+00:00,2.1,15.6,23
2024-02-09 02:00:00+00:00,2.4,15.3,19
2024-02-09 03:00:00+00:00,2.6,15.5,22
2024-02-09 04:00:00+00:00,2.7,12.9,13
2024-02-09 05:00:00+00:00,2.7,11.6,355
2024-02-09 06:00:00+00:00,2.6,10.7,340
2024-02-09 07:00:00+00:00,2.5,8.3,342
2024-02-09 08:00:00+00:00,2.5,5.8,338
2024-02-09 09:00:00+00:00,2.5,4.8,333
2024-02-09 10:00:00+00:00,2.8,5.6,333
2024-02-09 11:00:00+00:00,3.1,6.7,344
2024-02-09 12:00:00+00:00,4.6,4.2,340
2024-02-09 13:00:00+00:00,6.2,7.4,331
2024-02-09 14:00:00+00:00,6.6,5.4,318
2024-02-09 15:00:00+00:00,6.6,1.9,338
2024-02-09 16:00:00+00:00,6.4,1.8,53
2024-02-09 17:00:00+00:00,5.9,4.2,121
2024-02-09 18:00:00+00:00,6.2,5.4,180
2024-02-09 19:00:00+00:00,6.6,7.0,201
2024-02-09 20:00:00+00:00,7.1,9.3,208
2024-02-09 21:00:00+00:00,6.7,9.0,217
2024-02-09 22:00:00+00:00,6.5,9.2,222
2024-02-09 23:00:00+00:00,6.7,9.0,233
2024-02-10 00:00:00+00:00,6.8,9.3,242
2024-02-10 01:00:00+00:00,6.6,11.2,249
2024-02-10 02:00:00+00:00,5.6,6.5,251
2024-02-10 03:00:00+00:00,4.1,5.5,247
2024-02-10 04:00:00+00:00,3.1,5.4,250
2024-02-10 05:00:00+00:00,2.7,6.4,254
2024-02-10 06:00:00+00:00,3.1,6.0,253
2024-02-10 07:00:00+00:00,3.6,4.6,252
2024-02-10 08:00:00+00:00,4.2,5.2,245
2024-02-10 09:00:00+00:00,4.8,5.6,243
2024-02-10 10:00:00+00:00,5.3,4.6,219
2024-02-10 11:00:00+00:00,5.6,3.1,216
2024-02-10 12:00:00+00:00,5.9,2.0,135
2024-02-10 13:00:00+00:00,7.2,5.6,140
2024-02-10 14:00:00+00:00,7.5,7.4,129
2024-02-10 15:00:00+00:00,7.3,6.2,126
2024-02-10 16:00:00+00:00,7.2,4.0,117
2024-02-10 17:00:00+00:00,6.9,3.8,73
2024-02-10 18:00:00+00:00,6.6,4.3,48
2024-02-10 19:00:00+00:00,6.5,3.1,36
2024-02-10 20:00:00+00:00,6.6,2.5,8
2024-02-10 21:00:00+00:00,6.7,2.9,7
2024-02-10 22:00:00+00:00,6.6,4.7,360
2024-02-10 23:00:00+00:00,6.4,6.3,13
2024-02-11 00:00:00+00:00,6.3,7.2,354
2024-02-11 01:00:00+00:00,5.4,6.8,335
2024-02-11 02:00:00+00:00,5.3,8.0,333
2024-02-11 03:00:00+00:00,5.0,6.3,336
2024-02-11 04:00:00+00:00,4.7,6.6,319
2024-02-11 05:00:00+00:00,4.8,7.0,305
2024-02-11 06:00:00+00:00,5.1,6.9,313
2024-02-11 07:00:00+00:00,5.4,6.9,298
2024-02-11 08:00:00+00:00,5.6,8.0,288
2024-02-11 09:00:00+00:00,6.2,10.2,288
2024-02-11 10:00:00+00:00,6.5,11.4,281
2024-02-11 11:00:00+00:00,6.6,14.1,274
2024-02-11 12:00:00+00:00,6.8,22.9,283
2024-02-11 13:00:00+00:00,7.7,19.6,284
2024-02-11 14:00:00+00:00,8.5,22.9,283
2024-02-11 15:00:00+00:00,7.9,22.5,277
2024-02-11 16:00:00+00:00,7.1,22.0,274
2024-02-11 17:00:00+00:00,6.1,22.3,272
2024-02-11 18:00:00+00:00,6.1,23.0,270
2024-02-11 19:00:00+00:00,5.8,22.4,266
2024-02-11 20:00:00+00:00,5.7,20.0,262
2024-02-11 21:00:00+00:00,5.7,18.8,265
2024-02-11 22:00:00+00:00,5.6,15.9,257
2024-02-11 23:00:00+00:00,4.8,13.9,253
2024-02-12 00:00:00+00:00,4.3,13.3,251
2024-02-12 01:00:00+00:00,3.8,16.0,247
2024-02-12 02:00:00+00:00,3.3,15.1,245
2024-02-12 03:00:00+00:00,3.0,16.9,246
2024-02-12 04:00:00+00:00,3.0,17.0,257
2024-02-12 05:00:00+00:00,2.6,17.0,253
2024-02-12 06:00:00+00:00,2.5,18.3,250
2024-02-12 07:00:00+00:00,2.5,17.5,251
2024-02-12 08:00:00+00:00,2.6,17.9,251
2024-02-12 09:00:00+00:00,3.9,19.5,251
2024-02-12 10:00:00+00:00,5.2,18.4,259
2024-02-12 11:00:00+00:00,6.0,21.9,261
2024-02-12 12:00:00+00:00,6.8,22.9,262
2024-02-12 13:00:00+00:00,7.2,22.5,250
2024-02-12 14:00:00+00:00,7.5,25.6,246
2024-02-12 15:00:00+00:00,7.5,25.6,242
2024-02-12 16:00:00+00:00,6.9,24.7,236
2024-02-12 17:00:00+00:00,6.2,22.7,224
2024-02-12 18:00:00+00:00,6.1,24.5,221
2024-02-12 19:00:00+00:00,6.5,28.0,224
2024-02-12 20:00:00+00:00,5.7,25.8,230
2024-02-12 21:00:00+00:00,6.2,27.3,230
2024-02-12 22:00:00+00:00,6.2,28.6,236
2024-02-12 23:00:00+00:00,6.1,27.2,242
2024-02-13 00:00:00+00:00,6.3,24.5,244
2024-02-13 01:00:00+00:00,6.2,22.4,240
2024-02-13 02:00:00+00:00,5.6,17.8,234
2024-02-13 03:00:00+00:00,5.7,16.3,221
2024-02-13 04:00:00+00:00,5.7,16.3,223
2024-02-13 05:00:00+00:00,5.7,16.5,224
2024-02-13 06:00:00+00:00,5.4,16.1,222
2024-02-13 07:00:00+00:00,4.5,14.8,221
2024-02-13 08:00:00+00:00,4.8,14.7,216
2024-02-13 09:00:00+00:00,6.2,16.7,213
2024-02-13 10:00:00+00:00,6.8,16.9,207
2024-02-13 11:00:00+00:00,7.4,17.6,203
2024-02-13 12:00:00+00:00,7.3,16.6,193
2024-02-13 13:00:00+00:00,7.7,18.1,201
2024-02-13 14:00:00+00:00,7.5,17.5,189
2024-02-13 15:00:00+00:00,7.1,13.4,175
2024-02-13 16:00:00+00:00,6.8,9.0,157
2024-02-13 17:00:00+00:00,6.6,7.4,141
2024-02-13 18:00:00+00:00,6.7,4.3,132
2024-02-13 19:00:00+00:00,6.6,2.7,113
2024-02-13 20:00:00+00:00,6.7,3.3,193
2024-02-13 21:00:00+00:00,6.8,6.6,221
2024-02-13 22:00:00+00:00,6.9,5.6,230
2024-02-13 23:00:00+00:00,7.3,5.6,225
2024-02-14 00:00:00+00:00,8.8,12.4,240
2024-02-14 01:00:00+00:00,10.2,17.9,236
2024-02-14 02:00:00+00:00,10.4,16.8,228
2024-02-14 03:00:00+00:00,10.0,15.7,217
2024-02-14 04:00:00+00:00,9.8,13.3,199
2024-02-14 05:00:00+00:00,10.3,15.6,214
2024-02-14 06:00:00+00:00,10.1,17.3,211
2024-02-14 07:00:00+00:00,10.3,17.5,217
2024-02-14 08:00:00+00:00,10.3,15.9,218
2024-02-14 09:00:00+00:00,10.8,16.7,213
2024-02-14 10:00:00+00:00,11.3,17.1,208
2024-02-14 11:00:00+00:00,11.9,22.3,214
2024-02-14 12:00:00+00:00,12.6,23.3,218
2024-02-14 13:00:00+00:00,12.6,20.0,218
2024-02-14 14:00:00+00:00,12.6,22.4,225
2024-02-14 15:00:00+00:00,12.7,22.8,231
2024-02-14 16:00:00+00:00,12.6,22.5,230
2024-02-14 17:00:00+00:00,12.1,18.8,225
2024-02-14 18:00:00+00:00,12.3,16.5,226
2024-02-14 19:00:00+00:00,11.6,14.3,219
2024-02-14 20:00:00+00:00,11.5,14.8,206
2024-02-14 21:00:00+00:00,11.4,17.6,208
2024-02-14 22:00:00+00:00,11.5,17.2,206
2024-02-14 23:00:00+00:00,11.0,16.9,200
2024-02-15 00:00:00+00:00,11.0,13.3,193
2024-02-15 01:00:00+00:00,11.5,20.5,195
2024-02-15 02:00:00+00:00,11.3,18.6,198
2024-02-15 03:00:00+00:00,11.5,17.6,203
2024-02-15 04:00:00+00:00,11.2,16.3,198
2024-02-15 05:00:00+00:00,11.2,16.5,196
2024-02-15 06:00:00+00:00,11.1,18.3,200
2024-02-15 07:00:00+00:00,11.1,19.1,202
2024-02-15 08:00:00+00:00,11.8,21.6,204
2024-02-15 09:00:00+00:00,12.6,22.9,210
2024-02-15 10:00:00+00:00,13.4,26.0,211
2024-02-15 11:00:00+00:00,13.6,24.0,204
2024-02-15 12:00:00+00:00,14.1,23.9,203
2024-02-15 13:00:00+00:00,15.7,21.2,198
2024-02-15 14:00:00+00:00,15.8,25.3,200
2024-02-15 15:00:00+00:00,15.5,22.6,202
2024-02-15 16:00:00+00:00,14.4,19.2,206
2024-02-15 17:00:00+00:00,13.7,19.8,207
2024-02-15 18:00:00+00:00,13.4,18.9,211
2024-02-15 19:00:00+00:00,13.0,16.5,216
2024-02-15 20:00:00+00:00,13.1,16.3,223
2024-02-15 21:00:00+00:00,12.8,15.3,240
2024-02-15 22:00:00+00:00,12.2,15.2,266
2024-02-15 23:00:00+00:00,11.3,15.4,281
2024-02-16 00:00:00+00:00,11.0,17.4,283
2024-02-16 01:00:00+00:00,10.9,14.0,271
2024-02-16 02:00:00+00:00,10.6,12.3,265
2024-02-16 03:00:00+00:00,10.5,13.3,267
2024-02-16 04:00:00+00:00,10.1,15.5,269
2024-02-16 05:00:00+00:00,9.8,14.8,269
2024-02-16 06:00:00+00:00,9.6,15.6,277
2024-02-16 07:00:00+00:00,9.4,14.0,270
2024-02-16 08:00:00+00:00,9.2,14.2,263
2024-02-16 09:00:00+00:00,9.7,15.3,255
2024-02-16 10:00:00+00:00,10.1,20.1,249
2024-02-16 11:00:00+00:00,10.4,21.0,254
2024-02-16 12:00:00+00:00,10.9,23.3,262
2024-02-16 13:00:00+00:00,10.6,22.0,260
2024-02-16 14:00:00+00:00,10.3,19.8,260
2024-02-16 15:00:00+00:00,10.4,19.6,263
2024-02-16 16:00:00+00:00,10.0,16.6,265
2024-02-16 17:00:00+00:00,9.8,17.6,270
2024-02-16 18:00:00+00:00,9.6,17.3,272
2024-02-16 19:00:00+00:00,9.5,15.5,271
2024-02-16 20:00:00+00:00,9.4,11.2,272
2024-02-16 21:00:00+00:00,9.3,6.0,245
2024-02-16 22:00:00+00:00,9.2,4.0,207
2024-02-16 23:00:00+00:00,9.0,6.1,225
2024-02-17 00:00:00+00:00,8.7,5.1,219
2024-02-17 01:00:00+00:00,9.1,9.0,233
2024-02-17 02:00:00+00:00,9.0,7.1,229
2024-02-17 03:00:00+00:00,7.1,4.9,197
2024-02-17 04:00:00+00:00,6.8,7.4,223
2024-02-17 05:00:00+00:00,7.9,7.6,239
2024-02-17 06:00:00+00:00,8.2,8.7,204
2024-02-17 07:00:00+00:00,8.2,10.1,184
2024-02-17 08:00:00+00:00,8.4,11.9,185
2024-02-17 09:00:00+00:00,8.8,13.1,188
2024-02-17 10:00:00+00:00,9.4,12.8,196
2024-02-17 11:00:00+00:00,11.6,16.6,207
2024-02-17 12:00:00+00:00,11.3,14.1,186
2024-02-17 13:00:00+00:00,11.6,17.5,189
2024-02-17 14:00:00+00:00,11.7,21.8,193
2024-02-17 15:00:00+00:00,12.3,22.5,196
2024-02-17 16:00:00+00:00,12.5,20.4,194
2024-02-17 17:00:00+00:00,11.7,21.0,192
2024-02-17 18:00:00+00:00,11.6,24.6,195
2024-02-17 19:00:00+00:00,11.5,25.8,203
2024-02-17 20:00:00+00:00,11.5,23.7,208
2024-02-17 21:00:00+00:00,11.5,21.6,210
2024-02-17 22:00:00+00:00,11.6,22.1,217
2024-02-17 23:00:00+00:00,11.6,23.7,222
2024-02-18 00:00:00+00:00,11.5,22.8,232
2024-02-18 01:00:00+00:00,11.7,20.7,230
2024-02-18 02:00:00+00:00,11.5,18.0,233
2024-02-18 03:00:00+00:00,11.4,16.5,238
2024-02-18 04:00:00+00:00,11.3,15.0,240
2024-02-18 05:00:00+00:00,11.4,14.3,260
2024-02-18 06:00:00+00:00,11.0,11.5,274
2024-02-18 07:00:00+00:00,10.9,10.6,280
2024-02-18 08:00:00+00:00,10.8,14.1,274
2024-02-18 09:00:00+00:00,10.6,17.8,284
2024-02-18 10:00:00+00:00,10.7,17.5,289
2024-02-18 11:00:00+00:00,10.6,17.7,290
2024-02-18 12:00:00+00:00,10.8,21.3,286
2024-02-18 13:00:00+00:00,11.2,23.6,286
2024-02-18 14:00:00+00:00,11.7,26.4,287
2024-02-18 15:00:00+00:00,11.8,25.4,291
2024-02-18 16:00:00+00:00,11.2,21.1,293
2024-02-18 17:00:00+00:00,10.3,19.5,289
2024-02-18 18:00:00+00:00,9.4,19.6,287
2024-02-18 19:00:00+00:00,8.9,19.1,281
2024-02-18 20:00:00+00:00,9.1,19.5,275
2024-02-18 21:00:00+00:00,9.2,18.0,273
2024-02-18 22:00:00+00:00,9.1,18.0,270
2024-02-18 23:00:00+00:00,9.0,18.1,264
2024-02-19 00:00:00+00:00,9.1,18.9,262
2024-02-19 01:00:00+00:00,9.0,11.4,242
2024-02-19 02:00:00+00:00,8.5,16.9,236
2024-02-19 03:00:00+00:00,8.9,22.3,252
2024-02-19 04:00:00+00:00,8.7,23.1,249
2024-02-19 05:00:00+00:00,8.3,16.3,242
2024-02-19 06:00:00+00:00,8.3,23.6,251
2024-02-19 07:00:00+00:00,8.8,22.0,260
2024-02-19 08:00:00+00:00,8.8,26.6,279
2024-02-19 09:00:00+00:00,9.0,26.1,293
2024-02-19 10:00:00+00:00,9.6,23.2,294
2024-02-19 11:00:00+00:00,10.0,25.1,295
2024-02-19 12:00:00+00:00,10.4,24.8,294
2024-02-19 13:00:00+00:00,10.5,27.7,288
2024-02-19 14:00:00+00:00,10.4,30.7,288
2024-02-19 15:00:00+00:00,10.0,27.7,288
2024-02-19 16:00:00+00:00,9.7,21.6,285
2024-02-19 17:00:00+00:00,8.6,17.3,275
2024-02-19 18:00:00+00:00,7.9,14.4,267
2024-02-19 19:00:00+00:00,8.0,12.1,260
2024-02-19 20:00:00+00:00,7.6,12.3,249
2024-02-19 21:00:00+00:00,7.2,14.4,248
2024-02-19 22:00:00+00:00,7.4,17.0,249
2024-02-19 23:00:00+00:00,7.7,19.0,251
2024-02-20 00:00:00+00:00,8.0,18.9,252
2024-02-20 01:00:00+00:00,7.7,18.4,253
2024-02-20 02:00:00+00:00,7.3,17.0,238
2024-02-20 03:00:00+00:00,6.7,13.8,219
2024-02-20 04:00:00+00:00,6.1,16.4,213
2024-02-20 05:00:00+00:00,6.0,20.2,220
2024-02-20 06:00:00+00:00,6.4,21.5,215
2024-02-20 07:00:00+00:00,7.4,23.7,221
2024-02-20 08:00:00+00:00,8.2,28.3,228
2024-02-20 09:00:00+00:00,9.8,30.5,235
2024-02-20 10:00:00+00:00,10.4,30.5,241
2024-02-20 11:00:00+00:00,11.2,32.9,240
2024-02-20 12:00:00+00:00,11.7,34.5,243
2024-02-20 13:00:00+00:00,11.1,30.5,231
2024-02-20 14:00:00+00:00,11.8,31.9,229
2024-02-20 15:00:00+00:00,12.5,33.1,232
2024-02-20 16:00:00+00:00,11.4,28.5,227
2024-02-20 17:00:00+00:00,10.7,34.8,238
2024-02-20 18:00:00+00:00,10.3,33.6,239
2024-02-20 19:00:00+00:00,10.2,25.8,243
2024-02-20 20:00:00+00:00,10.1,19.2,240
2024-02-20 21:00:00+00:00,9.3,13.0,242
2024-02-20 22:00:00+00:00,9.3,15.4,237
2024-02-20 23:00:00+00:00,9.0,16.8,242
2024-02-21 00:00:00+00:00,8.0,14.3,231
2024-02-21 01:00:00+00:00,7.1,6.6,167
2024-02-21 02:00:00+00:00,7.9,10.5,164
2024-02-21 03:00:00+00:00,8.6,16.2,180
2024-02-21 04:00:00+00:00,8.4,19.5,185
2024-02-21 05:00:00+00:00,8.4,23.7,193
2024-02-21 06:00:00+00:00,8.2,26.8,191
2024-02-21 07:00:00+00:00,8.0,29.1,192
2024-02-21 08:00:00+00:00,7.8,30.0,190
2024-02-21 09:00:00+00:00,8.1,32.3,191
2024-02-21 10:00:00+00:00,8.4,34.8,194
2024-02-21 11:00:00+00:00,8.8,38.7,198
2024-02-21 12:00:00+00:00,9.3,38.2,204
2024-02-21 13:00:00+00:00,9.8,37.8,211
2024-02-21 14:00:00+00:00,10.6,35.5,221
2024-02-21 15:00:00+00:00,11.3,29.3,233
2024-02-21 16:00:00+00:00,11.8,25.0,245
2024-02-21 17:00:00+00:00,11.5,24.4,261
2024-02-21 18:00:00+00:00,10.1,18.6,260
2024-02-21 19:00:00+00:00,9.3,12.1,247
2024-02-21 20:00:00+00:00,9.1,11.1,205
2024-02-21 21:00:00+00:00,9.0,19.3,225
2024-02-21 22:00:00+00:00,9.4,21.9,226
2024-02-21 23:00:00+00:00,9.0,21.6,226
2024-02-22 00:00:00+00:00,7.7,18.4,219
2024-02-22 01:00:00+00:00,7.0,19.8,209
2024-02-22 02:00:00+00:00,7.9,25.3,210
2024-02-22 03:00:00+00:00,8.5,29.6,212
2024-02-22 04:00:00+00:00,8.2,27.4,203
2024-02-22 05:00:00+00:00,8.5,31.5,196
2024-02-22 06:00:00+00:00,8.5,34.0,198
2024-02-22 07:00:00+00:00,8.3,21.8,218
2024-02-22 08:00:00+00:00,7.1,10.9,261
2024-02-22 09:00:00+00:00,7.1,6.9,261
2024-02-22 10:00:00+00:00,7.3,8.1,257
2024-02-22 11:00:00+00:00,8.1,8.2,285
2024-02-22 12:00:00+00:00,8.8,11.8,290
2024-02-22 13:00:00+00:00,6.8,19.5,295
2024-02-22 14:00:00+00:00,6.4,18.9,318
2024-02-22 15:00:00+00:00,6.4,20.8,296
2024-02-22 16:00:00+00:00,5.7,20.7,290
2024-02-22 17:00:00+00:00,5.2,21.4,290
2024-02-22 18:00:00+00:00,4.4,23.9,275
2024-02-22 19:00:00+00:00,3.8,28.4,270
2024-02-22 20:00:00+00:00,3.0,28.2,264
2024-02-22 21:00:00+00:00,2.6,26.6,261
2024-02-22 22:00:00+00:00,3.3,25.3,253
2024-02-22 23:00:00+00:00,3.3,24.3,249
2024-02-23 00:00:00+00:00,2.8,20.9,238
2024-02-23 01:00:00+00:00,3.1,20.9,228
2024-02-23 02:00:00+00:00,2.5,19.8,217
2024-02-23 03:00:00+00:00,2.2,17.7,218
2024-02-23 04:00:00+00:00,2.3,15.8,223
2024-02-23 05:00:00+00:00,2.5,17.1,231
2024-02-23 06:00:00+00:00,3.3,18.4,239
2024-02-23 07:00:00+00:00,3.3,17.5,238
2024-02-23 08:00:00+00:00,3.6,17.9,236
2024-02-23 09:00:00+00:00,4.3,18.4,239
2024-02-23 10:00:00+00:00,4.7,18.3,248
2024-02-23 11:00:00+00:00,5.4,18.9,246
2024-02-23 12:00:00+00:00,6.7,18.8,244
2024-02-23 13:00:00+00:00,6.4,15.8,240
2024-02-23 14:00:00+00:00,6.6,16.4,237
2024-02-23 15:00:00+00:00,6.0,17.5,238
2024-02-23 16:00:00+00:00,6.0,14.6,232
2024-02-23 17:00:00+00:00,5.0,12.1,233
2024-02-23 18:00:00+00:00,3.6,10.2,231
2024-02-23 19:00:00+00:00,2.9,8.9,243
2024-02-23 20:00:00+00:00,1.6,6.4,243
2024-02-23 21:00:00+00:00,0.7,6.5,236
2024-02-23 22:00:00+00:00,-0.1,6.6,241
2024-02-23 23:00:00+00:00,-0.3,5.2,254
2024-02-24 00:00:00+00:00,-0.6,5.9,256
2024-02-24 01:00:00+00:00,0.9,5.9,256
2024-02-24 02:00:00+00:00,-0.2,4.9,253
2024-02-24 03:00:00+00:00,-0.1,4.9,253
2024-02-24 04:00:00+00:00,-0.6,4.8,257
2024-02-24 05:00:00+00:00,-0.7,5.1,262
2024-02-24 06:00:00+00:00,-0.7,5.1,266
2024-02-24 07:00:00+00:00,-0.9,4.3,265
2024-02-24 08:00:00+00:00,0.2,5.1,266
2024-02-24 09:00:00+00:00,3.1,5.9,256
2024-02-24 10:00:00+00:00,5.5,5.0,240
2024-02-24 11:00:00+00:00,6.6,6.4,227
2024-02-24 12:00:00+00:00,7.4,7.9,227
2024-02-24 13:00:00+00:00,7.9,7.9,227
2024-02-24 14:00:00+00:00,8.0,7.8,236
2024-02-24 15:00:00+00:00,7.3,8.9,243
2024-02-24 16:00:00+00:00,6.6,6.2,263
2024-02-24 17:00:00+00:00,4.6,6.9,227
2024-02-24 18:00:00+00:00,2.8,8.0,252
2024-02-24 19:00:00+00:00,1.6,8.3,270
2024-02-24 20:00:00+00:00,0.4,6.5,267
2024-02-24 21:00:00+00:00,-0.1,4.3,270
2024-02-24 22:00:00+00:00,-0.7,3.6,270
2024-02-24 23:00:00+00:00,-1.0,3.6,270
2024-02-25 00:00:00+00:00,-1.1,3.2,270
2024-02-25 01:00:00+00:00,-0.3,3.2,270
2024-02-25 02:00:00+00:00,-0.7,4.3,265
2024-02-25 03:00:00+00:00,-0.9,4.3,270
2024-02-25 04:00:00+00:00,1.3,3.2,270
2024-02-25 05:00:00+00:00,3.1,2.6,254
2024-02-25 06:00:00+00:00,3.1,3.1,45
2024-02-25 07:00:00+00:00,1.9,6.0,57
2024-02-25 08:00:00+00:00,0.6,3.3,49
2024-02-25 09:00:00+00:00,2.3,4.5,61
2024-02-25 10:00:00+00:00,4.0,5.5,79
2024-02-25 11:00:00+00:00,5.7,12.0,99
2024-02-25 12:00:00+00:00,6.8,17.2,101
2024-02-25 13:00:00+00:00,7.0,17.9,105
2024-02-25 14:00:00+00:00,7.2,18.5,98
2024-02-25 15:00:00+00:00,7.4,19.8,87
2024-02-25 16:00:00+00:00,7.1,18.9,76
2024-02-25 17:00:00+00:00,6.0,18.2,72
2024-02-25 18:00:00+00:00,4.7,18.3,58
2024-02-25 19:00:00+00:00,3.5,19.9,48
2024-02-25 20:00:00+00:00,3.4,20.6,44
2024-02-25 21:00:00+00:00,3.5,20.2,40
2024-02-25 22:00:00+00:00,3.2,21.3,34
2024-02-25 23:00:00+00:00,3.0,21.3,30
2024-02-26 00:00:00+00:00,3.1,22.4,26
2024-02-26 01:00:00+00:00,3.2,23.6,19
2024-02-26 02:00:00+00:00,3.1,24.5,14
2024-02-26 03:00:00+00:00,2.9,24.6,11
2024-02-26 04:00:00+00:00,2.7,24.4,8
2024-02-26 05:00:00+00:00,2.7,25.0,7
2024-02-26 06:00:00+00:00,2.7,24.5,4
2024-02-26 07:00:00+00:00,2.7,25.2,2
2024-02-26 08:00:00+00:00,3.3,25.9,2
2024-02-26 09:00:00+00:00,4.1,28.7,8
2024-02-26 10:00:00+00:00,4.7,32.7,8
2024-02-26 11:00:00+00:00,5.7,32.6,6
2024-02-26 12:00:00+00:00,6.4,31.8,10
2024-02-26 13:00:00+00:00,6.5,28.9,6
2024-02-26 14:00:00+00:00,6.6,26.4,6
2024-02-26 15:00:00+00:00,7.1,23.2,12
2024-02-26 16:00:00+00:00,6.7,20.6,5
2024-02-26 17:00:00+00:00,5.9,18.4,2
2024-02-26 18:00:00+00:00,4.7,16.7,354
2024-02-26 19:00:00+00:00,4.7,17.4,353
2024-02-26 20:00:00+00:00,3.9,15.5,357
2024-02-26 21:00:00+00:00,3.4,14.7,349
2024-02-26 22:00:00+00:00,3.3,12.8,344
2024-02-26 23:00:00+00:00,2.9,10.2,337
2024-02-27 00:00:00+00:00,2.4,7.4,321
2024-02-27 01:00:00+00:00,3.5,7.9,317
2024-02-27 02:00:00+00:00,3.2,4.3,265
2024-02-27 03:00:00+00:00,1.2,4.9,234
2024-02-27 04:00:00+00:00,0.6,6.6,241
2024-02-27 05:00:00+00:00,0.2,9.0,247
2024-02-27 06:00:00+00:00,0.5,10.7,237
2024-02-27 07:00:00+00:00,0.9,12.8,230
2024-02-27 08:00:00+00:00,2.4,15.8,225
2024-02-27 09:00:00+00:00,3.2,18.2,231
2024-02-27 10:00:00+00:00,3.7,21.6,213
2024-02-27 11:00:00+00:00,4.1,19.8,207
2024-02-27 12:00:00+00:00,5.0,21.6,208
2024-02-27 13:00:00+00:00,6.2,27.2,224
2024-02-27 14:00:00+00:00,7.1,25.7,227
2024-02-27 15:00:00+00:00,6.5,23.7,226
2024-02-27 16:00:00+00:00,6.6,24.8,229
2024-02-27 17:00:00+00:00,7.5,20.8,233
2024-02-27 18:00:00+00:00,7.6,14.9,255
2024-02-27 19:00:00+00:00,7.4,12.8,281
2024-02-27 20:00:00+00:00,7.0,14.5,289
2024-02-27 21:00:00+00:00,5.8,14.1,283
2024-02-27 22:00:00+00:00,5.5,13.1,278
2024-02-27 23:00:00+00:00,5.1,10.8,270
2024-02-28 00:00:00+00:00,4.6,9.1,263
2024-02-28 01:00:00+00:00,4.8,10.0,244
2024-02-28 02:00:00+00:00,5.1,11.0,251
2024-02-28 03:00:00+00:00,5.3,9.7,248
2024-02-28 04:00:00+00:00,5.0,9.2,225
2024-02-28 05:00:00+00:00,4.7,9.4,212
2024-02-28 06:00:00+00:00,4.3,8.8,215
2024-02-28 07:00:00+00:00,4.4,9.7,207
2024-02-28 08:00:00+00:00,4.9,13.4,207
2024-02-28 09:00:00+00:00,5.4,16.6,204
2024-02-28 10:00:00+00:00,5.9,18.7,199
2024-02-28 11:00:00+00:00,5.8,22.1,196
2024-02-28 12:00:00+00:00,6.5,24.9,202
2024-02-28 13:00:00+00:00,8.9,23.5,203
2024-02-28 14:00:00+00:00,8.9,26.9,210
2024-02-28 15:00:00+00:00,8.5,25.0,210
2024-02-28 16:00:00+00:00,8.5,26.3,216
2024-02-28 17:00:00+00:00,9.0,26.5,217
2024-02-28 18:00:00+00:00,9.4,26.8,216
2024-02-28 19:00:00+00:00,9.6,25.7,214
2024-02-28 20:00:00+00:00,9.9,26.1,213
2024-02-28 21:00:00+00:00,10.3,26.3,210
2024-02-28 22:00:00+00:00,10.1,26.7,207
2024-02-28 23:00:00+00:00,10.2,25.6,209
2024-02-29 00:00:00+00:00,10.4,27.0,214
2024-02-29 01:00:00+00:00,10.3,22.0,218
2024-02-29 02:00:00+00:00,10.1,20.4,226
2024-02-29 03:00:00+00:00,10.0,16.5,234
2024-02-29 04:00:00+00:00,9.8,19.2,232
2024-02-29 05:00:00+00:00,9.3,17.9,251
2024-02-29 06:00:00+00:00,8.6,14.5,240
2024-02-29 07:00:00+00:00,8.1,14.8,244
2024-02-29 08:00:00+00:00,7.7,13.4,256
2024-02-29 09:00:00+00:00,7.7,12.4,260
2024-02-29 10:00:00+00:00,7.8,14.4,266
2024-02-29 11:00:00+00:00,8.4,15.2,266
2024-02-29 12:00:00+00:00,8.1,13.4,265
2024-02-29 13:00:00+00:00,8.2,10.5,254
2024-02-29 14:00:00+00:00,8.2,11.5,256
2024-02-29 15:00:00+00:00,8.2,10.8,244
2024-02-29 16:00:00+00:00,7.9,11.7,236
2024-02-29 17:00:00+00:00,7.1,10.2,225
2024-02-29 18:00:00+00:00,6.2,10.4,224
2024-02-29 19:00:00+00:00,5.4,10.5,229
2024-02-29 20:00:00+00:00,5.1,11.7,223
2024-02-29 21:00:00+00:00,4.7,12.5,221
2024-02-29 22:00:00+00:00,4.3,13.2,215
2024-02-29 23:00:00+00:00,3.7,13.5,214
2024-03-01 00:00:00+00:00,3.0,14.1,212
2024-03-01 01:00:00+00:00,2.7,13.4,200
2024-03-01 02:00:00+00:00,1.9,13.0,199
2024-03-01 03:00:00+00:00,1.4,10.7,194
2024-03-01 04:00:00+00:00,1.1,10.4,178
2024-03-01 05:00:00+00:00,1.3,11.6,154
2024-03-01 06:00:00+00:00,1.4,13.0,138
2024-03-01 07:00:00+00:00,1.5,15.1,118
2024-03-01 08:00:00+00:00,1.9,18.1,103
2024-03-01 09:00:00+00:00,3.5,25.0,113
2024-03-01 10:00:00+00:00,2.3,23.9,97
2024-03-01 11:00:00+00:00,2.2,25.0,97
2024-03-01 12:00:00+00:00,2.1,21.1,115
2024-03-01 13:00:00+00:00,4.0,11.4,193
2024-03-01 14:00:00+00:00,5.0,14.2,201
2024-03-01 15:00:00+00:00,4.8,15.0,215
2024-03-01 16:00:00+00:00,5.3,16.3,202
2024-03-01 17:00:00+00:00,4.3,14.6,196
2024-03-01 18:00:00+00:00,3.0,14.6,189
2024-03-01 19:00:00+00:00,2.2,11.3,189
2024-03-01 20:00:00+00:00,1.3,8.0,185
2024-03-01 21:00:00+00:00,0.4,6.8,183
2024-03-01 22:00:00+00:00,1.0,6.0,155
2024-03-01 23:00:00+00:00,1.9,7.6,135
2024-03-02 00:00:00+00:00,2.3,6.5,124
2024-03-02 01:00:00+00:00,1.7,4.3,90
2024-03-02 02:00:00+00:00,1.5,2.3,39
2024-03-02 03:00:00+00:00,-0.3,4.7,32
2024-03-02 04:00:00+00:00,1.3,6.8,32
2024-03-02 05:00:00+00:00,1.2,8.1,32
2024-03-02 06:00:00+00:00,1.2,8.5,28
2024-03-02 07:00:00+00:00,1.2,9.7,27
2024-03-02 08:00:00+00:00,1.3,10.0,41
2024-03-02 09:00:00+00:00,1.5,12.5,39
2024-03-02 10:00:00+00:00,2.3,15.4,53
2024-03-02 11:00:00+00:00,3.3,16.3,68
2024-03-02 12:00:00+00:00,3.7,15.1,89
2024-03-02 13:00:00+00:00,4.6,16.6,108
2024-03-02 14:00:00+00:00,5.4,14.0,138
2024-03-02 15:00:00+00:00,5.9,15.5,149
2024-03-02 16:00:00+00:00,5.4,15.1,155
2024-03-02 17:00:00+00:00,4.3,12.4,170
2024-03-02 18:00:00+00:00,2.6,9.3,164
2024-03-02 19:00:00+00:00,2.5,7.7,152
2024-03-02 20:00:00+00:00,2.8,11.4,152
2024-03-02 21:00:00+00:00,2.8,13.8,171
2024-03-02 22:00:00+00:00,2.7,14.3,198
2024-03-02 23:00:00+00:00,2.3,13.1,188
2024-03-03 00:00:00+00:00,2.5,13.6,202
2024-03-03 01:00:00+00:00,2.9,12.6,204
2024-03-03 02:00:00+00:00,2.2,9.7,207
2024-03-03 03:00:00+00:00,1.6,8.3,214
2024-03-03 04:00:00+00:00,0.8,5.9,227
2024-03-03 05:00:00+00:00,0.2,4.6,252
2024-03-03 06:00:00+00:00,-0.9,6.0,237
2024-03-03 07:00:00+00:00,-0.6,4.0,260
2024-03-03 08:00:00+00:00,0.6,6.1,267
2024-03-03 09:00:00+00:00,1.8,5.5,247
2024-03-03 10:00:00+00:00,3.9,4.4,235
2024-03-03 11:00:00+00:00,5.6,2.8,220
2024-03-03 12:00:00+00:00,6.9,3.5,246
2024-03-03 13:00:00+00:00,7.4,4.3,222
2024-03-03 14:00:00+00:00,7.6,5.2,254
2024-03-03 15:00:00+00:00,7.6,4.7,270
2024-03-03 16:00:00+00:00,7.4,2.2,261
2024-03-03 17:00:00+00:00,7.2,1.1,162
2024-03-03 18:00:00+00:00,6.9,2.3,231
2024-03-03 19:00:00+00:00,4.6,5.2,254
2024-03-03 20:00:00+00:00,2.8,5.9,256
2024-03-03 21:00:00+00:00,1.0,6.2,260
2024-03-03 22:00:00+00:00,0.7,5.5,259
2024-03-03 23:00:00+00:00,0.4,6.7,254
2024-03-04 00:00:00+00:00,-0.4,5.6,255
2024-03-04 01:00:00+00:00,0.3,4.7,261
2024-03-04 02:00:00+00:00,-0.3,4.7,261
2024-03-04 03:00:00+00:00,-0.6,5.4,250
2024-03-04 04:00:00+00:00,-0.7,7.2,243
2024-03-04 05:00:00+00:00,-1.2,8.8,235
2024-03-04 06:00:00+00:00,0.2,7.4,223
2024-03-04 07:00:00+00:00,-0.8,9.2,211
2024-03-04 08:00:00+00:00,2.2,6.5,183
2024-03-04 09:00:00+00:00,3.8,6.6,139
2024-03-04 10:00:00+00:00,5.4,10.4,134
2024-03-04 11:00:00+00:00,6.8,15.3,139
2024-03-04 12:00:00+00:00,8.1,23.2,147
2024-03-04 13:00:00+00:00,7.9,22.4,150
2024-03-04 14:00:00+00:00,8.7,22.2,151
2024-03-04 15:00:00+00:00,8.9,22.3,146
2024-03-04 16:00:00+00:00,8.9,20.2,140
2024-03-04 17:00:00+00:00,8.4,20.2,130
2024-03-04 18:00:00+00:00,7.9,22.4,132
2024-03-04 19:00:00+00:00,7.6,26.0,143
2024-03-04 20:00:00+00:00,6.5,27.0,149
2024-03-04 21:00:00+00:00,5.9,27.1,147
2024-03-04 22:00:00+00:00,5.6,25.8,147
2024-03-04 23:00:00+00:00,5.5,24.8,150
2024-03-05 00:00:00+00:00,5.3,20.8,150
2024-03-05 01:00:00+00:00,5.4,17.7,163
2024-03-05 02:00:00+00:00,5.3,13.8,173
2024-03-05 03:00:00+00:00,5.3,10.0,165
2024-03-05 04:00:00+00:00,5.2,10.0,159
2024-03-05 05:00:00+00:00,5.2,9.5,169
2024-03-05 06:00:00+00:00,5.2,7.2,177
2024-03-05 07:00:00+00:00,5.2,4.7,171
2024-03-05 08:00:00+00:00,5.5,6.5,183
2024-03-05 09:00:00+00:00,5.8,5.4,188
2024-03-05 10:00:00+00:00,6.5,5.8,202
2024-03-05 11:00:00+00:00,7.3,3.4,198
2024-03-05 12:00:00+00:00,8.4,1.1,108
2024-03-05 13:00:00+00:00,9.1,4.0,5
2024-03-05 14:00:00+00:00,9.5,4.8,27
2024-03-05 15:00:00+00:00,9.8,6.3,24
2024-03-05 16:00:00+00:00,9.4,8.4,50
2024-03-05 17:00:00+00:00,8.3,8.7,66
2024-03-05 18:00:00+00:00,5.9,6.9,62
2024-03-05 19:00:00+00:00,6.7,2.7,23
2024-03-05 20:00:00+00:00,6.1,2.3,321
2024-03-05 21:00:00+00:00,4.5,3.1,324
2024-03-05 22:00:00+00:00,5.3,4.0,350
2024-03-05 23:00:00+00:00,5.2,3.2,360
2024-03-06 00:00:00+00:00,4.9,0.0,270
2024-03-06 01:00:00+00:00,3.7,4.5,331
2024-03-06 02:00:00+00:00,3.3,5.8,338
2024-03-06 03:00:00+00:00,2.4,7.2,354
2024-03-06 04:00:00+00:00,2.9,5.5,337
2024-03-06 05:00:00+00:00,2.8,5.2,344
2024-03-06 06:00:00+00:00,3.6,2.5,352
2024-03-06 07:00:00+00:00,4.1,3.7,349
2024-03-06 08:00:00+00:00,4.4,4.5,346
2024-03-06 09:00:00+00:00,4.8,5.1,39
2024-03-06 10:00:00+00:00,5.1,5.4,53
2024-03-06 11:00:00+00:00,5.5,4.5,76
2024-03-06 12:00:00+00:00,6.7,6.0,115
2024-03-06 13:00:00+00:00,6.6,7.7,118
2024-03-06 14:00:00+00:00,7.3,9.5,119
2024-03-06 15:00:00+00:00,7.5,8.7,128
2024-03-06 16:00:00+00:00,7.8,8.5,144
2024-03-06 17:00:00+00:00,7.8,7.6,135
2024-03-06 18:00:00+00:00,6.1,6.6,119
2024-03-06 19:00:00+00:00,4.6,6.9,118
2024-03-06 20:00:00+00:00,3.9,6.9,129
2024-03-06 21:00:00+00:00,4.2,6.3,121
2024-03-06 22:00:00+00:00,2.9,7.7,127
2024-03-06 23:00:00+00:00,2.7,7.1,135
2024-03-07 00:00:00+00:00,3.1,6.4,137
2024-03-07 01:00:00+00:00,2.6,6.1,140
2024-03-07 02:00:00+00:00,2.8,4.9,126
2024-03-07 03:00:00+00:00,3.7,5.6,117
2024-03-07 04:00:00+00:00,4.0,6.8,115
2024-03-07 05:00:00+00:00,3.9,8.2,119
2024-03-07 06:00:00+00:00,3.7,9.1,108
2024-03-07 07:00:00+00:00,3.5,8.0,95
2024-03-07 08:00:00+00:00,3.5,8.0,85
2024-03-07 09:00:00+00:00,3.7,8.8,71
2024-03-07 10:00:00+00:00,4.2,11.5,70
2024-03-07 11:00:00+00:00,5.3,14.3,72
2024-03-07 12:00:00+00:00,7.3,17.3,89
2024-03-07 13:00:00+00:00,6.4,20.3,97
2024-03-07 14:00:00+00:00,6.8,19.5,86
2024-03-07 15:00:00+00:00,6.8,20.3,84
2024-03-07 16:00:00+00:00,6.4,19.1,79
2024-03-07 17:00:00+00:00,6.0,18.6,80
2024-03-07 18:00:00+00:00,5.5,18.3,80
2024-03-07 19:00:00+00:00,5.0,19.0,75
2024-03-07 20:00:00+00:00,4.5,19.9,77
2024-03-07 21:00:00+00:00,4.1,19.4,79
2024-03-07 22:00:00+00:00,3.8,17.9,81
2024-03-07 23:00:00+00:00,3.6,15.4,69
2024-03-08 00:00:00+00:00,3.6,15.8,69
2024-03-08 01:00:00+00:00,3.4,14.8,64
2024-03-08 02:00:00+00:00,3.7,15.6,71
2024-03-08 03:00:00+00:00,4.2,16.9,79
2024-03-08 04:00:00+00:00,4.3,17.8,82
2024-03-08 05:00:00+00:00,4.3,18.9,77
2024-03-08 06:00:00+00:00,4.3,19.2,77
2024-03-08 07:00:00+00:00,4.3,20.1,80
2024-03-08 08:00:00+00:00,4.3,20.9,79
2024-03-08 09:00:00+00:00,5.0,26.4,85
2024-03-08 10:00:00+00:00,5.8,26.3,86
2024-03-08 11:00:00+00:00,6.6,27.4,89
2024-03-08 12:00:00+00:00,6.7,25.6,90
2024-03-08 13:00:00+00:00,6.5,23.8,87
2024-03-08 14:00:00+00:00,6.9,25.9,91
2024-03-08 15:00:00+00:00,7.0,25.6,86
2024-03-08 16:00:00+00:00,6.9,26.2,82
2024-03-08 17:00:00+00:00,5.9,25.5,71
2024-03-08 18:00:00+00:00,4.3,21.7,71
2024-03-08 19:00:00+00:00,3.2,20.7,70
2024-03-08 20:00:00+00:00,2.8,20.0,67
2024-03-08 21:00:00+00:00,2.8,19.5,65
2024-03-08 22:00:00+00:00,3.2,18.8,64
2024-03-08 23:00:00+00:00,3.5,18.8,61
2024-03-09 00:00:00+00:00,3.8,18.9,59
2024-03-09 01:00:00+00:00,3.5,18.8,54
2024-03-09 02:00:00+00:00,3.5,18.1,49
2024-03-09 03:00:00+00:00,3.7,18.9,48
2024-03-09 04:00:00+00:00,3.8,20.7,40
2024-03-09 05:00:00+00:00,3.6,20.6,43
2024-03-09 06:00:00+00:00,3.9,20.9,44
2024-03-09 07:00:00+00:00,4.3,21.4,49
2024-03-09 08:00:00+00:00,4.6,20.8,53
2024-03-09 09:00:00+00:00,5.1,20.3,63
2024-03-09 10:00:00+00:00,6.2,24.6,84
2024-03-09 11:00:00+00:00,7.3,19.5,92
2024-03-09 12:00:00+00:00,8.5,22.2,98
2024-03-09 13:00:00+00:00,8.9,19.8,78
2024-03-09 14:00:00+00:00,9.1,21.1,67
2024-03-09 15:00:00+00:00,9.4,23.2,64
2024-03-09 16:00:00+00:00,9.0,24.8,57
2024-03-09 17:00:00+00:00,7.5,24.0,57
2024-03-09 18:00:00+00:00,6.0,21.1,57
2024-03-09 19:00:00+00:00,5.2,21.2,50
2024-03-09 20:00:00+00:00,4.8,19.6,49
2024-03-09 21:00:00+00:00,4.9,19.4,47
2024-03-09 22:00:00+00:00,5.1,17.7,38
2024-03-09 23:00:00+00:00,5.0,15.0,24
2024-03-10 00:00:00+00:00,5.5,16.5,32
2024-03-10 01:00:00+00:00,5.6,17.9,22
2024-03-10 02:00:00+00:00,5.8,17.7,24
2024-03-10 03:00:00+00:00,6.1,18.1,41
2024-03-10 04:00:00+00:00,6.2,20.9,45
2024-03-10 05:00:00+00:00,6.1,20.4,54
2024-03-10 06:00:00+00:00,6.4,20.3,67
2024-03-10 07:00:00+00:00,6.7,20.5,80
2024-03-10 08:00:00+00:00,6.8,20.7,77
2024-03-10 09:00:00+00:00,6.6,19.0,75
2024-03-10 10:00:00+00:00,6.1,19.9,68
2024-03-10 11:00:00+00:00,6.1,19.0,65
2024-03-10 12:00:00+00:00,6.4,21.0,77
2024-03-10 13:00:00+00:00,6.5,18.2,65
2024-03-10 14:00:00+00:00,6.4,20.3,57
2024-03-10 15:00:00+00:00,6.6,21.0,59
2024-03-10 16:00:00+00:00,6.4,21.2,55
2024-03-10 17:00:00+00:00,6.2,21.9,54
2024-03-10 18:00:00+00:00,5.9,22.1,53
2024-03-10 19:00:00+00:00,5.6,22.0,52
2024-03-10 20:00:00+00:00,5.4,21.3,51
2024-03-10 21:00:00+00:00,5.3,18.9,50
2024-03-10 22:00:00+00:00,5.3,19.6,44
2024-03-10 23:00:00+00:00,5.2,17.1,35
2024-03-11 00:00:00+00:00,5.2,18.1,31
2024-03-11 01:00:00+00:00,5.0,20.1,33
2024-03-11 02:00:00+00:00,5.0,18.7,30
2024-03-11 03:00:00+00:00,4.9,19.2,26
2024-03-11 04:00:00+00:00,4.9,19.3,21
2024-03-11 05:00:00+00:00,4.9,19.4,18
2024-03-11 06:00:00+00:00,5.0,19.3,21
2024-03-11 07:00:00+00:00,5.2,17.6,23
2024-03-11 08:00:00+00:00,5.5,17.3,21
2024-03-11 09:00:00+00:00,5.9,18.9,31
2024-03-11 10:00:00+00:00,6.2,17.3,31
2024-03-11 11:00:00+00:00,7.0,16.1,34
2024-03-11 12:00:00+00:00,7.7,14.4,32
2024-03-11 13:00:00+00:00,7.4,10.2,10
2024-03-11 14:00:00+00:00,8.0,12.2,346
2024-03-11 15:00:00+00:00,7.9,12.2,341
2024-03-11 16:00:00+00:00,7.6,10.0,345
2024-03-11 17:00:00+00:00,7.5,8.0,10
2024-03-11 18:00:00+00:00,6.6,3.7,349
2024-03-11 19:00:00+00:00,5.6,4.6,315
2024-03-11 20:00:00+00:00,5.4,3.0,284
2024-03-11 21:00:00+00:00,5.8,2.9,270
2024-03-11 22:00:00+00:00,5.6,3.4,252
2024-03-11 23:00:00+00:00,5.2,3.9,202
2024-03-12 00:00:00+00:00,4.0,4.9,216
2024-03-12 01:00:00+00:00,4.2,4.9,216
2024-03-12 02:00:00+00:00,3.9,7.6,205
2024-03-12 03:00:00+00:00,4.3,9.1,198
2024-03-12 04:00:00+00:00,4.6,10.5,188
2024-03-12 05:00:00+00:00,4.9,11.3,173
2024-03-12 06:00:00+00:00,5.1,13.0,175
2024-03-12 07:00:00+00:00,5.6,15.5,167
2024-03-12 08:00:00+00:00,5.9,15.8,168
2024-03-12 09:00:00+00:00,6.2,15.4,169
2024-03-12 10:00:00+00:00,7.0,14.4,177
2024-03-12 11:00:00+00:00,7.9,14.5,186
2024-03-12 12:00:00+00:00,9.3,13.7,203
2024-03-12 13:00:00+00:00,12.4,17.4,232
2024-03-12 14:00:00+00:00,13.1,22.4,242
2024-03-12 15:00:00+00:00,13.3,22.9,242
2024-03-12 16:00:00+00:00,12.1,20.0,240
2024-03-12 17:00:00+00:00,12.0,21.2,238
2024-03-12 18:00:00+00:00,11.5,23.7,240
2024-03-12 19:00:00+00:00,11.4,24.2,240
2024-03-12 20:00:00+00:00,11.5,25.4,243
2024-03-12 21:00:00+00:00,11.4,24.5,242
2024-03-12 22:00:00+00:00,11.6,24.7,239
2024-03-12 23:00:00+00:00,11.6,28.2,238
2024-03-13 00:00:00+00:00,11.4,30.9,241
2024-03-13 01:00:00+00:00,11.5,30.6,236
2024-03-13 02:00:00+00:00,11.2,31.9,236
2024-03-13 03:00:00+00:00,11.0,32.0,232
2024-03-13 04:00:00+00:00,10.6,31.8,226
2024-03-13 05:00:00+00:00,10.4,34.0,230
2024-03-13 06:00:00+00:00,10.4,36.3,231
2024-03-13 07:00:00+00:00,10.5,34.1,227
2024-03-13 08:00:00+00:00,10.6,33.9,224
2024-03-13 09:00:00+00:00,11.1,33.4,222
2024-03-13 10:00:00+00:00,11.6,32.5,219
2024-03-13 11:00:00+00:00,12.4,31.2,219
2024-03-13 12:00:00+00:00,13.5,34.4,225
2024-03-13 13:00:00+00:00,12.7,32.3,218
2024-03-13 14:00:00+00:00,12.9,32.4,217
2024-03-13 15:00:00+00:00,13.3,32.9,214
2024-03-13 16:00:00+00:00,12.8,31.8,218
2024-03-13 17:00:00+00:00,12.3,31.8,219
2024-03-13 18:00:00+00:00,11.8,30.4,221
2024-03-13 19:00:00+00:00,11.3,28.7,219
2024-03-13 20:00:00+00:00,10.9,27.1,220
2024-03-13 21:00:00+00:00,10.5,25.5,223
2024-03-13 22:00:00+00:00,10.3,27.5,222
2024-03-13 23:00:00+00:00,10.1,28.3,220
2024-03-14 00:00:00+00:00,10.0,26.8,220
2024-03-14 01:00:00+00:00,10.2,27.6,220
2024-03-14 02:00:00+00:00,10.2,27.6,216
2024-03-14 03:00:00+00:00,10.1,25.9,212
2024-03-14 04:00:00+00:00,10.0,25.4,212
2024-03-14 05:00:00+00:00,9.7,22.5,207
2024-03-14 06:00:00+00:00,9.7,21.7,201
2024-03-14 07:00:00+00:00,9.8,22.7,203
2024-03-14 08:00:00+00:00,9.9,23.1,203
2024-03-14 09:00:00+00:00,10.4,26.3,205
2024-03-14 10:00:00+00:00,10.7,26.7,206
2024-03-14 11:00:00+00:00,12.1,29.8,207
2024-03-14 12:00:00+00:00,11.6,23.9,201
2024-03-14 13:00:00+00:00,12.9,30.9,199
2024-03-14 14:00:00+00:00,13.7,28.7,200
2024-03-14 15:00:00+00:00,13.4,27.2,198
2024-03-14 16:00:00+00:00,12.8,23.6,199
2024-03-14 17:00:00+00:00,12.1,24.8,199
2024-03-14 18:00:00+00:00,11.7,24.5,197
2024-03-14 19:00:00+00:00,11.4,24.1,202
2024-03-14 20:00:00+00:00,11.4,23.8,207
2024-03-14 21:00:00+00:00,11.4,23.1,211
2024-03-14 22:00:00+00:00,11.2,25.1,215
2024-03-14 23:00:00+00:00,10.8,26.6,216
2024-03-15 00:00:00+00:00,10.7,25.2,217
2024-03-15 01:00:00+00:00,10.6,23.3,219
2024-03-15 02:00:00+00:00,10.3,23.2,222
2024-03-15 03:00:00+00:00,9.9,22.8,215
2024-03-15 04:00:00+00:00,9.5,25.0,210
2024-03-15 05:00:00+00:00,9.6,30.1,214
2024-03-15 06:00:00+00:00,9.8,31.4,222
2024-03-15 07:00:00+00:00,9.9,28.8,222
2024-03-15 08:00:00+00:00,10.3,27.6,221
2024-03-15 09:00:00+00:00,10.6,28.3,228
2024-03-15 10:00:00+00:00,11.3,28.8,236
2024-03-15 11:00:00+00:00,11.5,25.3,237
2024-03-15 12:00:00+00:00,12.2,22.7,245
2024-03-15 13:00:00+00:00,12.4,21.3,254
2024-03-15 14:00:00+00:00,10.6,24.0,278
2024-03-15 15:00:00+00:00,9.7,26.3,272
2024-03-15 16:00:00+00:00,8.7,25.9,271
2024-03-15 17:00:00+00:00,8.5,29.9,280
2024-03-15 18:00:00+00:00,8.1,24.4,284
2024-03-15 19:00:00+00:00,7.8,22.8,288
2024-03-15 20:00:00+00:00,8.0,18.0,307
2024-03-15 21:00:00+00:00,7.4,17.7,2
2024-03-15 22:00:00+00:00,6.6,16.3,352
2024-03-15 23:00:00+00:00,6.1,12.4,350
2024-03-16 00:00:00+00:00,5.0,8.4,335
2024-03-16 01:00:00+00:00,4.1,5.9,322
2024-03-16 02:00:00+00:00,3.2,6.0,287
2024-03-16 03:00:00+00:00,2.4,5.1,274
2024-03-16 04:00:00+00:00,1.7,4.0,265
2024-03-16 05:00:00+00:00,1.1,3.3,264
2024-03-16 06:00:00+00:00,0.8,3.3,264
2024-03-16 07:00:00+00:00,1.9,4.0,260
2024-03-16 08:00:00+00:00,4.7,7.9,231
2024-03-16 09:00:00+00:00,7.0,9.2,201
2024-03-16 10:00:00+00:00,8.4,14.1,193
2024-03-16 11:00:00+00:00,8.8,15.4,191
2024-03-16 12:00:00+00:00,9.8,16.5,190
2024-03-16 13:00:00+00:00,10.1,18.0,182
2024-03-16 14:00:00+00:00,9.8,19.1,181
2024-03-16 15:00:00+00:00,9.1,15.7,171
2024-03-16 16:00:00+00:00,9.1,16.0,166
2024-03-16 17:00:00+00:00,9.0,16.2,163
2024-03-16 18:00:00+00:00,8.5,17.3,168
2024-03-16 19:00:00+00:00,8.4,17.1,173
2024-03-16 20:00:00+00:00,8.5,16.9,180
2024-03-16 21:00:00+00:00,8.5,17.4,186
2024-03-16 22:00:00+00:00,8.7,18.3,190
2024-03-16 23:00:00+00:00,9.0,18.4,197
2024-03-17 00:00:00+00:00,9.4,19.3,194
2024-03-17 01:00:00+00:00,9.3,17.7,197
2024-03-17 02:00:00+00:00,9.6,16.0,188
2024-03-17 03:00:00+00:00,9.9,18.4,182
2024-03-17 04:00:00+00:00,10.1,19.2,186
2024-03-17 05:00:00+00:00,10.3,18.3,190
2024-03-17 06:00:00+00:00,10.3,20.0,194
2024-03-17 07:00:00+00:00,10.1,18.2,189
2024-03-17 08:00:00+00:00,10.0,16.9,178
2024-03-17 09:00:00+00:00,10.1,16.9,180
2024-03-17 10:00:00+00:00,10.4,18.6,189
2024-03-17 11:00:00+00:00,11.0,20.3,197
2024-03-17 12:00:00+00:00,12.9,19.0,205
2024-03-17 13:00:00+00:00,14.5,18.5,217
2024-03-17 14:00:00+00:00,14.7,17.4,218
2024-03-17 15:00:00+00:00,14.6,19.0,217
2024-03-17 16:00:00+00:00,14.3,18.3,225
2024-03-17 17:00:00+00:00,14.0,16.3,225
2024-03-17 18:00:00+00:00,12.1,15.3,240
2024-03-17 19:00:00+00:00,11.1,14.8,247
2024-03-17 20:00:00+00:00,10.9,17.1,245
2024-03-17 21:00:00+00:00,9.0,19.0,245
2024-03-17 22:00:00+00:00,8.1,18.0,237
2024-03-17 23:00:00+00:00,8.7,18.1,239
2024-03-18 00:00:00+00:00,8.8,20.3,240
2024-03-18 01:00:00+00:00,8.2,20.9,241
2024-03-18 02:00:00+00:00,7.9,20.8,247
2024-03-18 03:00:00+00:00,7.6,18.9,246
2024-03-18 04:00:00+00:00,6.6,16.1,241
2024-03-18 05:00:00+00:00,6.2,16.0,239
2024-03-18 06:00:00+00:00,6.0,17.8,238
2024-03-18 07:00:00+00:00,6.6,18.5,241
2024-03-18 08:00:00+00:00,8.3,20.9,238
2024-03-18 09:00:00+00:00,8.9,21.7,234
2024-03-18 10:00:00+00:00,9.6,21.0,232
2024-03-18 11:00:00+00:00,10.5,21.5,230
2024-03-18 12:00:00+00:00,12.1,19.9,212
2024-03-18 13:00:00+00:00,13.2,20.9,225
2024-03-18 14:00:00+00:00,13.7,19.9,224
2024-03-18 15:00:00+00:00,13.9,21.6,224
2024-03-18 16:00:00+00:00,13.1,20.7,220
2024-03-18 17:00:00+00:00,12.4,17.7,218
2024-03-18 18:00:00+00:00,11.7,16.5,203
2024-03-18 19:00:00+00:00,10.9,18.9,201
2024-03-18 20:00:00+00:00,10.4,19.8,199
2024-03-18 21:00:00+00:00,10.2,21.1,200
2024-03-18 22:00:00+00:00,9.7,21.2,201
2024-03-18 23:00:00+00:00,10.1,22.1,202
2024-03-19 00:00:00+00:00,10.0,25.5,203
2024-03-19 01:00:00+00:00,9.9,25.1,207
2024-03-19 02:00:00+00:00,9.4,25.6,204
2024-03-19 03:00:00+00:00,9.8,28.7,207
2024-03-19 04:00:00+00:00,9.9,29.1,211
2024-03-19 05:00:00+00:00,10.4,27.9,213
2024-03-19 06:00:00+00:00,10.6,25.6,209
2024-03-19 07:00:00+00:00,10.6,23.4,217
2024-03-19 08:00:00+00:00,11.0,20.2,230
2024-03-19 09:00:00+00:00,11.8,17.9,248
2024-03-19 10:00:00+00:00,12.3,16.2,258
2024-03-19 11:00:00+00:00,13.3,14.8,257
2024-03-19 12:00:00+00:00,13.8,15.1,258
2024-03-19 13:00:00+00:00,13.5,15.3,255
2024-03-19 14:00:00+00:00,13.8,14.8,256
2024-03-19 15:00:00+00:00,13.9,14.2,254
2024-03-19 16:00:00+00:00,13.6,11.1,257
2024-03-19 17:00:00+00:00,13.0,7.8,257
2024-03-19 18:00:00+00:00,10.8,6.5,270
2024-03-19 19:00:00+00:00,10.4,3.6,315
2024-03-19 20:00:00+00:00,11.2,4.0,5
2024-03-19 21:00:00+00:00,9.5,6.1,50
2024-03-19 22:00:00+00:00,9.4,4.3,66
2024-03-19 23:00:00+00:00,9.0,5.5,67
2024-03-20 00:00:00+00:00,9.1,3.7,79
2024-03-20 01:00:00+00:00,9.4,1.8,360
2024-03-20 02:00:00+00:00,9.0,1.4,360
2024-03-20 03:00:00+00:00,9.1,0.5,315
2024-03-20 04:00:00+00:00,9.1,1.6,297
2024-03-20 05:00:00+00:00,9.1,2.9,263
2024-03-20 06:00:00+00:00,8.9,3.2,243
2024-03-20 07:00:00+00:00,9.2,5.2,236
2024-03-20 08:00:00+00:00,10.1,7.7,233
2024-03-20 09:00:00+00:00,11.0,8.7,232
2024-03-20 10:00:00+00:00,11.4,10.0,232
2024-03-20 11:00:00+00:00,11.8,9.4,230
2024-03-20 12:00:00+00:00,12.3,9.6,250
2024-03-20 13:00:00+00:00,11.5,9.2,301
2024-03-20 14:00:00+00:00,12.5,11.9,284
2024-03-20 15:00:00+00:00,11.7,10.5,311
2024-03-20 16:00:00+00:00,10.7,12.6,357
2024-03-20 17:00:00+00:00,10.3,11.5,356
2024-03-20 18:00:00+00:00,9.8,6.6,13
2024-03-20 19:00:00+00:00,7.6,6.9,6
2024-03-20 20:00:00+00:00,7.4,5.4,340
2024-03-20 21:00:00+00:00,7.3,4.8,333
2024-03-20 22:00:00+00:00,8.2,9.4,360
2024-03-20 23:00:00+00:00,7.3,6.9,6
2024-03-21 00:00:00+00:00,6.6,3.7,349
2024-03-21 01:00:00+00:00,4.9,5.4,270
2024-03-21 02:00:00+00:00,4.9,5.1,219
2024-03-21 03:00:00+00:00,6.0,6.0,213
2024-03-21 04:00:00+00:00,6.9,9.5,209
2024-03-21 05:00:00+00:00,7.4,12.9,207
2024-03-21 06:00:00+00:00,7.5,15.1,213
2024-03-21 07:00:00+00:00,7.6,16.9,218
2024-03-21 08:00:00+00:00,7.8,18.4,222
2024-03-21 09:00:00+00:00,8.1,17.6,227
2024-03-21 10:00:00+00:00,8.5,20.5,239
2024-03-21 11:00:00+00:00,8.6,21.5,230
2024-03-21 12:00:00+00:00,9.4,22.0,212
2024-03-21 13:00:00+00:00,9.7,24.1,218
2024-03-21 14:00:00+00:00,10.1,24.5,221
2024-03-21 15:00:00+00:00,10.5,24.5,223
2024-03-21 16:00:00+00:00,10.9,26.7,233
2024-03-21 17:00:00+00:00,10.9,27.5,236
2024-03-21 18:00:00+00:00,10.7,28.0,244
2024-03-21 19:00:00+00:00,10.5,28.4,248
2024-03-21 20:00:00+00:00,10.4,28.2,251
2024-03-21 21:00:00+00:00,10.5,26.9,247
2024-03-21 22:00:00+00:00,10.5,24.0,234
2024-03-21 23:00:00+00:00,10.5,21.6,226
2024-03-22 00:00:00+00:00,10.5,18.9,230
2024-03-22 01:00:00+00:00,10.2,18.0,254
2024-03-22 02:00:00+00:00,9.9,19.1,269
2024-03-22 03:00:00+00:00,9.1,25.6,270
2024-03-22 04:00:00+00:00,8.1,25.2,268
2024-03-22 05:00:00+00:00,7.9,24.1,271
2024-03-22 06:00:00+00:00,7.5,21.6,274
2024-03-22 07:00:00+00:00,7.4,21.3,275
2024-03-22 08:00:00+00:00,7.9,20.5,273
2024-03-22 09:00:00+00:00,8.2,26.4,284
2024-03-22 10:00:00+00:00,8.8,26.8,287
2024-03-22 11:00:00+00:00,9.3,27.7,286
2024-03-22 12:00:00+00:00,10.1,27.7,286
2024-03-22 13:00:00+00:00,9.8,29.0,281
2024-03-22 14:00:00+00:00,9.6,28.6,281
2024-03-22 15:00:00+00:00,8.9,30.2,279
2024-03-22 16:00:00+00:00,8.2,29.6,274
2024-03-22 17:00:00+00:00,7.9,26.7,268
2024-03-22 18:00:00+00:00,7.2,24.1,267
2024-03-22 19:00:00+00:00,6.2,24.6,263
2024-03-22 20:00:00+00:00,5.4,23.2,264
2024-03-22 21:00:00+00:00,4.9,23.6,263
2024-03-22 22:00:00+00:00,5.4,24.8,269
2024-03-22 23:00:00+00:00,4.9,25.2,269
2024-03-23 00:00:00+00:00,4.4,26.3,269
2024-03-23 01:00:00+00:00,4.3,24.8,269
2024-03-23 02:00:00+00:00,4.1,27.7,269
2024-03-23 03:00:00+00:00,4.3,28.1,268
2024-03-23 04:00:00+00:00,4.3,29.9,267
2024-03-23 05:00:00+00:00,3.9,30.7,265
2024-03-23 06:00:00+00:00,3.5,27.9,263
2024-03-23 07:00:00+00:00,3.4,22.6,261
2024-03-23 08:00:00+00:00,4.1,25.2,267
2024-03-23 09:00:00+00:00,4.3,24.3,263
2024-03-23 10:00:00+00:00,4.8,27.7,269
2024-03-23 11:00:00+00:00,5.7,30.5,277
2024-03-23 12:00:00+00:00,6.1,31.9,277
2024-03-23 13:00:00+00:00,6.4,34.5,278
2024-03-23 14:00:00+00:00,6.6,41.1,278
2024-03-23 15:00:00+00:00,6.7,41.4,278
2024-03-23 16:00:00+00:00,6.3,39.4,275
2024-03-23 17:00:00+00:00,5.8,35.0,275
2024-03-23 18:00:00+00:00,6.0,33.6,276
2024-03-23 19:00:00+00:00,5.8,33.8,277
2024-03-23 20:00:00+00:00,5.8,35.1,280
2024-03-23 21:00:00+00:00,5.9,33.7,284
2024-03-23 22:00:00+00:00,5.9,33.7,288
2024-03-23 23:00:00+00:00,5.8,33.5,291
2024-03-24 00:00:00+00:00,5.6,32.8,291
2024-03-24 01:00:00+00:00,5.7,32.4,291
2024-03-24 02:00:00+00:00,5.4,32.6,290
2024-03-24 03:00:00+00:00,5.3,32.2,288
2024-03-24 04:00:00+00:00,5.3,32.2,288
2024-03-24 05:00:00+00:00,5.3,31.0,292
2024-03-24 06:00:00+00:00,5.3,31.0,292
2024-03-24 07:00:00+00:00,5.4,31.0,290
2024-03-24 08:00:00+00:00,6.3,29.2,294
2024-03-24 09:00:00+00:00,7.5,29.3,299
2024-03-24 10:00:00+00:00,8.5,27.0,307
2024-03-24 11:00:00+00:00,9.7,25.0,313
2024-03-24 12:00:00+00:00,10.4,23.1,309
2024-03-24 13:00:00+00:00,10.3,22.0,305
2024-03-24 14:00:00+00:00,10.5,20.6,303
2024-03-24 15:00:00+00:00,10.4,19.0,299
2024-03-24 16:00:00+00:00,9.8,16.9,294
2024-03-24 17:00:00+00:00,8.8,14.1,283
2024-03-24 18:00:00+00:00,7.3,11.5,274
2024-03-24 19:00:00+00:00,5.5,11.9,268
2024-03-24 20:00:00+00:00,4.6,10.1,266
2024-03-24 21:00:00+00:00,2.2,6.9,264
2024-03-24 22:00:00+00:00,1.1,3.6,264
2024-03-24 23:00:00+00:00,0.7,5.4,250
2024-03-25 00:00:00+00:00,3.5,4.4,215
2024-03-25 01:00:00+00:00,2.9,4.0,180
2024-03-25 02:00:00+00:00,4.1,7.6,180
2024-03-25 03:00:00+00:00,4.7,9.4,162
2024-03-25 04:00:00+00:00,4.9,10.1,153
2024-03-25 05:00:00+00:00,5.0,10.3,151
2024-03-25 06:00:00+00:00,5.0,10.5,149
2024-03-25 07:00:00+00:00,5.2,11.0,148
2024-03-25 08:00:00+00:00,5.6,13.0,146
2024-03-25 09:00:00+00:00,5.7,13.8,147
2024-03-25 10:00:00+00:00,6.0,14.7,144
2024-03-25 11:00:00+00:00,6.4,18.2,150
2024-03-25 12:00:00+00:00,6.6,18.1,149
2024-03-25 13:00:00+00:00,7.8,22.6,158
2024-03-25 14:00:00+00:00,8.0,20.6,155
2024-03-25 15:00:00+00:00,8.1,19.3,151
2024-03-25 16:00:00+00:00,8.2,17.7,153
2024-03-25 17:00:00+00:00,8.2,12.9,150
2024-03-25 18:00:00+00:00,8.1,10.5,131
2024-03-25 19:00:00+00:00,7.7,10.3,126
2024-03-25 20:00:00+00:00,7.5,11.5,131
2024-03-25 21:00:00+00:00,7.0,9.7,132
2024-03-25 22:00:00+00:00,6.8,9.5,127
2024-03-25 23:00:00+00:00,6.1,7.9,141
2024-03-26 00:00:00+00:00,5.9,6.0,123
2024-03-26 01:00:00+00:00,3.7,7.9,106
2024-03-26 02:00:00+00:00,4.0,6.6,77
2024-03-26 03:00:00+00:00,4.0,4.4,35
2024-03-26 04:00:00+00:00,3.8,4.5,29
2024-03-26 05:00:00+00:00,3.7,4.7,23
2024-03-26 06:00:00+00:00,4.0,4.2,31
2024-03-26 07:00:00+00:00,4.5,4.2,20
2024-03-26 08:00:00+00:00,5.7,4.0,27
2024-03-26 09:00:00+00:00,6.8,5.6,50
2024-03-26 10:00:00+00:00,8.0,7.9,60
2024-03-26 11:00:00+00:00,9.3,9.7,63
2024-03-26 12:00:00+00:00,10.4,11.8,63
2024-03-26 13:00:00+00:00,11.6,13.7,92
2024-03-26 14:00:00+00:00,12.1,11.4,101
2024-03-26 15:00:00+00:00,11.8,12.1,100
2024-03-26 16:00:00+00:00,11.6,11.7,101
2024-03-26 17:00:00+00:00,11.1,12.0,69
2024-03-26 18:00:00+00:00,9.3,16.4,57
2024-03-26 19:00:00+00:00,8.2,15.0,55
2024-03-26 20:00:00+00:00,6.9,15.8,47
2024-03-26 21:00:00+00:00,6.2,16.3,43
2024-03-26 22:00:00+00:00,5.8,16.1,48
2024-03-26 23:00:00+00:00,5.6,17.1,55
2024-03-27 00:00:00+00:00,5.6,13.7,63
2024-03-27 01:00:00+00:00,5.5,13.7,63
2024-03-27 02:00:00+00:00,5.4,10.8,64
2024-03-27 03:00:00+00:00,5.4,4.6,51
2024-03-27 04:00:00+00:00,5.5,4.1,255
2024-03-27 05:00:00+00:00,5.5,7.2,198
2024-03-27 06:00:00+00:00,5.4,12.0,189
2024-03-27 07:00:00+00:00,5.5,14.8,184
2024-03-27 08:00:00+00:00,6.1,19.8,182
2024-03-27 09:00:00+00:00,7.0,24.9,177
2024-03-27 10:00:00+00:00,8.6,28.3,173
2024-03-27 11:00:00+00:00,8.8,31.6,172
2024-03-27 12:00:00+00:00,9.2,30.8,164
2024-03-27 13:00:00+00:00,7.1,24.2,198
2024-03-27 14:00:00+00:00,6.1,20.7,188
2024-03-27 15:00:00+00:00,7.3,24.9,182
2024-03-27 16:00:00+00:00,7.5,23.8,177
2024-03-27 17:00:00+00:00,7.3,23.9,174
2024-03-27 18:00:00+00:00,5.9,24.9,178
2024-03-27 19:00:00+00:00,5.4,20.6,176
2024-03-27 20:00:00+00:00,4.7,17.7,176
2024-03-27 21:00:00+00:00,3.9,13.8,160
2024-03-27 22:00:00+00:00,3.5,11.8,149
2024-03-27 23:00:00+00:00,3.2,8.2,119
2024-03-28 00:00:00+00:00,3.1,13.8,105
2024-03-28 01:00:00+00:00,4.2,16.5,106
2024-03-28 02:00:00+00:00,4.2,20.6,102
2024-03-28 03:00:00+00:00,4.6,23.0,104
2024-03-28 04:00:00+00:00,5.5,23.2,103
2024-03-28 05:00:00+00:00,6.2,24.0,109
2024-03-28 06:00:00+00:00,6.0,30.7,129
2024-03-28 07:00:00+00:00,5.9,25.4,155
2024-03-28 08:00:00+00:00,5.1,21.3,191
2024-03-28 09:00:00+00:00,5.8,24.7,203
2024-03-28 10:00:00+00:00,7.0,25.3,191
2024-03-28 11:00:00+00:00,7.9,22.1,174
2024-03-28 12:00:00+00:00,9.0,25.7,160
2024-03-28 13:00:00+00:00,9.4,28.2,152
2024-03-28 14:00:00+00:00,8.6,33.7,151
2024-03-28 15:00:00+00:00,7.2,31.4,150
2024-03-28 16:00:00+00:00,6.8,25.6,142
2024-03-28 17:00:00+00:00,7.6,22.1,134
2024-03-28 18:00:00+00:00,7.4,26.4,152
2024-03-28 19:00:00+00:00,6.9,21.3,175
2024-03-28 20:00:00+00:00,7.2,23.4,194
2024-03-28 21:00:00+00:00,6.4,23.1,194
2024-03-28 22:00:00+00:00,6.4,22.1,226
2024-03-28 23:00:00+00:00,6.2,31.4,243
2024-03-29 00:00:00+00:00,6.1,31.6,238
2024-03-29 01:00:00+00:00,6.5,30.1,241
2024-03-29 02:00:00+00:00,5.4,27.7,240
2024-03-29 03:00:00+00:00,5.0,23.3,231
2024-03-29 04:00:00+00:00,4.3,20.2,221
2024-03-29 05:00:00+00:00,4.0,17.1,210
2024-03-29 06:00:00+00:00,3.6,15.8,201
2024-03-29 07:00:00+00:00,4.3,14.9,200
2024-03-29 08:00:00+00:00,6.2,20.7,197
2024-03-29 09:00:00+00:00,7.1,21.8,189
2024-03-29 10:00:00+00:00,8.0,25.3,191
2024-03-29 11:00:00+00:00,9.2,23.6,196
2024-03-29 12:00:00+00:00,10.8,24.2,210
2024-03-29 13:00:00+00:00,11.9,26.2,207
2024-03-29 14:00:00+00:00,11.9,25.0,198
2024-03-29 15:00:00+00:00,12.3,27.6,192
2024-03-29 16:00:00+00:00,11.1,24.9,190
2024-03-29 17:00:00+00:00,10.2,22.7,191
2024-03-29 18:00:00+00:00,9.0,21.4,200
2024-03-29 19:00:00+00:00,8.4,22.9,204
2024-03-29 20:00:00+00:00,7.8,21.9,207
2024-03-29 21:00:00+00:00,7.0,23.0,209
2024-03-29 22:00:00+00:00,6.5,21.7,212
2024-03-29 23:00:00+00:00,5.8,19.5,208
2024-03-30 00:00:00+00:00,5.4,17.3,201
2024-03-30 01:00:00+00:00,5.5,15.6,203
2024-03-30 02:00:00+00:00,5.1,15.6,206
2024-03-30 03:00:00+00:00,4.8,14.8,203
2024-03-30 04:00:00+00:00,4.6,14.6,200
2024-03-30 05:00:00+00:00,4.4,14.2,207
2024-03-30 06:00:00+00:00,4.2,13.8,213
2024-03-30 07:00:00+00:00,5.1,13.7,210
2024-03-30 08:00:00+00:00,6.8,15.4,213
2024-03-30 09:00:00+00:00,8.5,16.4,209
2024-03-30 10:00:00+00:00,9.6,15.3,207
2024-03-30 11:00:00+00:00,10.6,14.7,202
2024-03-30 12:00:00+00:00,11.4,15.5,198
2024-03-30 13:00:00+00:00,12.0,17.4,198
2024-03-30 14:00:00+00:00,12.4,16.3,194
2024-03-30 15:00:00+00:00,12.7,16.6,193
2024-03-30 16:00:00+00:00,12.4,14.3,190
2024-03-30 17:00:00+00:00,12.0,11.2,180
2024-03-30 18:00:00+00:00,10.3,9.3,164
2024-03-30 19:00:00+00:00,8.1,8.0,172
2024-03-30 20:00:00+00:00,6.6,7.9,177
2024-03-30 21:00:00+00:00,5.3,9.7,184
2024-03-30 22:00:00+00:00,5.8,9.2,141
2024-03-30 23:00:00+00:00,4.1,9.7,132
2024-03-31 00:00:00+00:00,3.8,7.8,167
2024-03-31 01:00:00+00:00,3.4,9.2,159
2024-03-31 02:00:00+00:00,5.5,5.7,162
2024-03-31 03:00:00+00:00,5.4,4.3,90
2024-03-31 04:00:00+00:00,4.8,5.0,111
2024-03-31 05:00:00+00:00,4.3,6.0,73
2024-03-31 06:00:00+00:00,1.3,7.1,60
2024-03-31 07:00:00+00:00,4.4,5.0,60
2024-03-31 08:00:00+00:00,5.3,7.4,67
2024-03-31 09:00:00+00:00,7.2,12.6,77
2024-03-31 10:00:00+00:00,9.9,21.5,100
2024-03-31 11:00:00+00:00,11.0,26.2,98
2024-03-31 12:00:00+00:00,10.8,26.3,92
2024-03-31 13:00:00+00:00,11.4,27.4,87
2024-03-31 14:00:00+00:00,10.7,27.6,82
2024-03-31 15:00:00+00:00,9.7,25.1,78
2024-03-31 16:00:00+00:00,8.7,22.8,72
2024-03-31 17:00:00+00:00,7.9,22.3,67
2024-03-31 18:00:00+00:00,7.2,21.1,65
2024-03-31 19:00:00+00:00,6.7,20.8,60
2024-03-31 20:00:00+00:00,6.5,20.0,51
2024-03-31 21:00:00+00:00,6.3,18.1,46
2024-03-31 22:00:00+00:00,6.2,16.2,37
2024-03-31 23:00:00+00:00,6.3,17.8,36
2024-04-01 00:00:00+00:00,6.3,16.1,29
2024-04-01 01:00:00+00:00,6.4,16.1,27
2024-04-01 02:00:00+00:00,6.4,16.9,20
2024-04-01 03:00:00+00:00,6.2,20.5,31
2024-04-01 04:00:00+00:00,6.1,15.2,31
2024-04-01 05:00:00+00:00,6.1,10.9,27
2024-04-01 06:00:00+00:00,6.1,11.6,22
2024-04-01 07:00:00+00:00,6.3,11.4,13
2024-04-01 08:00:00+00:00,6.2,11.9,14
2024-04-01 09:00:00+00:00,6.4,12.3,21
2024-04-01 10:00:00+00:00,7.2,10.9,27
2024-04-01 11:00:00+00:00,7.6,6.4,47
2024-04-01 12:00:00+00:00,8.2,3.9,56
2024-04-01 13:00:00+00:00,7.8,4.6,51
2024-04-01 14:00:00+00:00,8.9,1.5,135
2024-04-01 15:00:00+00:00,9.0,4.8,153
2024-04-01 16:00:00+00:00,10.2,7.1,210
2024-04-01 17:00:00+00:00,10.4,9.4,230
2024-04-01 18:00:00+00:00,9.2,10.5,196
2024-04-01 19:00:00+00:00,7.0,7.7,217
2024-04-01 20:00:00+00:00,5.2,6.6,229
2024-04-01 21:00:00+00:00,4.2,7.4,231
2024-04-01 22:00:00+00:00,4.4,6.4,223
2024-04-01 23:00:00+00:00,4.1,6.4,218
2024-04-02 00:00:00+00:00,4.2,6.4,223
2024-04-02 01:00:00+00:00,5.2,6.1,225
2024-04-02 02:00:00+00:00,4.6,6.0,237
2024-04-02 03:00:00+00:00,4.4,6.0,245
2024-04-02 04:00:00+00:00,3.9,7.0,249
2024-04-02 05:00:00+00:00,3.5,7.3,259
2024-04-02 06:00:00+00:00,3.7,7.2,264
2024-04-02 07:00:00+00:00,5.5,8.0,260
2024-04-02 08:00:00+00:00,7.7,6.6,261
2024-04-02 09:00:00+00:00,9.6,7.9,273
2024-04-02 10:00:00+00:00,10.7,11.6,265
2024-04-02 11:00:00+00:00,11.3,13.2,248
2024-04-02 12:00:00+00:00,12.0,14.5,243
2024-04-02 13:00:00+00:00,11.7,16.9,241
2024-04-02 14:00:00+00:00,12.1,14.3,231
2024-04-02 15:00:00+00:00,11.9,15.7,217
2024-04-02 16:00:00+00:00,11.8,12.2,204
2024-04-02 17:00:00+00:00,11.9,8.5,168
2024-04-02 18:00:00+00:00,10.8,11.3,171
2024-04-02 19:00:00+00:00,9.4,7.6,161
2024-04-02 20:00:00+00:00,9.1,8.1,148
2024-04-02 21:00:00+00:00,8.7,10.0,128
2024-04-02 22:00:00+00:00,8.5,11.4,114
2024-04-02 23:00:00+00:00,8.3,13.4,98
2024-04-03 00:00:00+00:00,8.0,14.0,90
2024-04-03 01:00:00+00:00,8.0,11.9,92
2024-04-03 02:00:00+00:00,8.0,7.8,103
2024-04-03 03:00:00+00:00,8.2,8.7,132
2024-04-03 04:00:00+00:00,8.7,11.3,149
2024-04-03 05:00:00+00:00,9.2,14.5,161
2024-04-03 06:00:00+00:00,9.2,12.9,167
2024-04-03 07:00:00+00:00,9.4,12.7,155
2024-04-03 08:00:00+00:00,9.8,15.6,154
2024-04-03 09:00:00+00:00,10.4,15.9,183
2024-04-03 10:00:00+00:00,11.5,18.3,200
2024-04-03 11:00:00+00:00,12.1,19.2,206
2024-04-03 12:00:00+00:00,12.0,19.5,214
2024-04-03 13:00:00+00:00,12.1,20.6,216
2024-04-03 14:00:00+00:00,12.5,30.3,246
2024-04-03 15:00:00+00:00,10.6,32.0,258
2024-04-03 16:00:00+00:00,10.0,31.6,258
2024-04-03 17:00:00+00:00,9.2,32.0,262
2024-04-03 18:00:00+00:00,8.9,32.8,261
2024-04-03 19:00:00+00:00,8.4,30.6,258
2024-04-03 20:00:00+00:00,8.5,24.0,257
2024-04-03 21:00:00+00:00,8.3,19.3,246
2024-04-03 22:00:00+00:00,8.0,16.3,235
2024-04-03 23:00:00+00:00,8.1,14.0,235
2024-04-04 00:00:00+00:00,7.7,11.2,228
2024-04-04 01:00:00+00:00,6.8,8.2,218
2024-04-04 02:00:00+00:00,7.1,8.7,210
2024-04-04 03:00:00+00:00,7.2,9.2,201
2024-04-04 04:00:00+00:00,7.1,12.9,198
2024-04-04 05:00:00+00:00,6.8,8.2,209
2024-04-04 06:00:00+00:00,6.6,6.2,216
2024-04-04 07:00:00+00:00,7.0,5.2,236
2024-04-04 08:00:00+00:00,7.1,7.0,348
2024-04-04 09:00:00+00:00,7.2,10.5,4
2024-04-04 10:00:00+00:00,7.7,8.7,17
2024-04-04 11:00:00+00:00,9.0,2.2,360
2024-04-04 12:00:00+00:00,9.8,3.3,174
2024-04-04 13:00:00+00:00,8.9,3.8,139
2024-04-04 14:00:00+00:00,9.5,8.2,151
2024-04-04 15:00:00+00:00,10.1,10.9,146
2024-04-04 16:00:00+00:00,10.5,8.4,133
2024-04-04 17:00:00+00:00,10.3,10.0,120
2024-04-04 18:00:00+00:00,9.9,9.5,115
2024-04-04 19:00:00+00:00,9.6,10.5,131
2024-04-04 20:00:00+00:00,9.7,9.3,167
2024-04-04 21:00:00+00:00,9.8,8.3,175
2024-04-04 22:00:00+00:00,9.7,10.4,180
2024-04-04 23:00:00+00:00,9.4,11.5,166
2024-04-05 00:00:00+00:00,10.4,20.5,190
2024-04-05 01:00:00+00:00,10.5,21.0,185
2024-04-05 02:00:00+00:00,11.1,22.0,185
2024-04-05 03:00:00+00:00,11.6,35.6,198
2024-04-05 04:00:00+00:00,11.4,37.0,207
2024-04-05 05:00:00+00:00,11.1,34.1,205
2024-04-05 06:00:00+00:00,10.9,28.0,200
2024-04-05 07:00:00+00:00,10.9,24.5,206
2024-04-05 08:00:00+00:00,11.4,22.8,218
2024-04-05 09:00:00+00:00,12.5,30.1,227
2024-04-05 10:00:00+00:00,13.2,29.3,225
2024-04-05 11:00:00+00:00,14.5,30.3,225
2024-04-05 12:00:00+00:00,15.2,29.3,225
2024-04-05 13:00:00+00:00,15.0,31.1,224
2024-04-05 14:00:00+00:00,15.3,34.2,222
2024-04-05 15:00:00+00:00,15.3,34.1,224
2024-04-05 16:00:00+00:00,15.0,34.7,221
2024-04-05 17:00:00+00:00,14.5,31.9,221
2024-04-05 18:00:00+00:00,13.8,27.7,219
2024-04-05 19:00:00+00:00,12.9,26.5,211
2024-04-05 20:00:00+00:00,13.0,24.0,208
2024-04-05 21:00:00+00:00,12.7,21.8,202
2024-04-05 22:00:00+00:00,12.3,21.4,193
2024-04-05 23:00:00+00:00,11.9,24.0,188
2024-04-06 00:00:00+00:00,11.7,22.4,185
2024-04-06 01:00:00+00:00,11.9,26.4,186
2024-04-06 02:00:00+00:00,11.9,24.7,188
2024-04-06 03:00:00+00:00,12.2,23.1,184
2024-04-06 04:00:00+00:00,12.6,23.1,177
2024-04-06 05:00:00+00:00,12.7,22.1,174
2024-04-06 06:00:00+00:00,12.9,22.4,169
2024-04-06 07:00:00+00:00,13.8,25.1,172
2024-04-06 08:00:00+00:00,15.3,27.8,176
2024-04-06 09:00:00+00:00,16.9,27.5,175
2024-04-06 10:00:00+00:00,17.6,35.1,193
2024-04-06 11:00:00+00:00,17.9,35.5,200
2024-04-06 12:00:00+00:00,18.0,40.0,201
2024-04-06 13:00:00+00:00,16.6,42.4,205
2024-04-06 14:00:00+00:00,16.4,41.1,205
2024-04-06 15:00:00+00:00,16.2,40.9,204
2024-04-06 16:00:00+00:00,15.3,36.7,201
2024-04-06 17:00:00+00:00,14.7,35.6,200
2024-04-06 18:00:00+00:00,14.1,35.1,195
2024-04-06 19:00:00+00:00,12.4,33.5,192
2024-04-06 20:00:00+00:00,12.2,35.4,189
2024-04-06 21:00:00+00:00,12.0,37.5,194
2024-04-06 22:00:00+00:00,11.4,35.5,204
2024-04-06 23:00:00+00:00,10.8,34.3,208
2024-04-07 00:00:00+00:00,9.9,34.5,207
2024-04-07 01:00:00+00:00,9.2,37.0,208
2024-04-07 02:00:00+00:00,8.8,34.5,212
2024-04-07 03:00:00+00:00,8.5,31.3,210
2024-04-07 04:00:00+00:00,8.2,30.6,204
2024-04-07 05:00:00+00:00,8.3,32.6,196
2024-04-07 06:00:00+00:00,8.4,35.2,196
2024-04-07 07:00:00+00:00,9.7,37.6,202
2024-04-07 08:00:00+00:00,10.4,31.6,206
2024-04-07 09:00:00+00:00,12.0,37.7,213
2024-04-07 10:00:00+00:00,12.8,39.8,215
2024-04-07 11:00:00+00:00,13.6,40.8,215
2024-04-07 12:00:00+00:00,13.7,38.7,212
2024-04-07 13:00:00+00:00,13.2,39.4,211
2024-04-07 14:00:00+00:00,13.9,36.3,210
2024-04-07 15:00:00+00:00,13.7,41.1,217
2024-04-07 16:00:00+00:00,12.6,30.0,218
2024-04-07 17:00:00+00:00,12.2,31.6,215
2024-04-07 18:00:00+00:00,11.7,32.4,212
2024-04-07 19:00:00+00:00,11.4,28.5,208
2024-04-07 20:00:00+00:00,11.1,29.3,209
2024-04-07 21:00:00+00:00,11.1,27.9,213
2024-04-07 22:00:00+00:00,10.8,25.3,220
2024-04-07 23:00:00+00:00,10.6,24.2,223
2024-04-08 00:00:00+00:00,9.9,19.5,219
2024-04-08 01:00:00+00:00,10.2,18.7,210
2024-04-08 02:00:00+00:00,10.1,15.8,204
2024-04-08 03:00:00+00:00,10.2,14.6,200
2024-04-08 04:00:00+00:00,10.2,13.6,191
2024-04-08 05:00:00+00:00,10.1,15.9,186
2024-04-08 06:00:00+00:00,10.0,18.8,187
2024-04-08 07:00:00+00:00,10.3,18.9,194
2024-04-08 08:00:00+00:00,10.9,21.9,200
2024-04-08 09:00:00+00:00,11.2,21.0,193
2024-04-08 10:00:00+00:00,11.4,20.4,188
2024-04-08 11:00:00+00:00,11.6,19.1,178
2024-04-08 12:00:00+00:00,12.1,19.7,172
2024-04-08 13:00:00+00:00,13.8,22.0,181
2024-04-08 14:00:00+00:00,13.6,16.9,180
2024-04-08 15:00:00+00:00,13.3,13.7,166
2024-04-08 16:00:00+00:00,13.3,12.5,139
2024-04-08 17:00:00+00:00,12.9,14.3,131
2024-04-08 18:00:00+00:00,12.8,14.3,129
2024-04-08 19:00:00+00:00,12.5,11.6,116
2024-04-08 20:00:00+00:00,12.2,16.3,125
2024-04-08 21:00:00+00:00,11.4,13.6,127
2024-04-08 22:00:00+00:00,11.0,13.8,118
2024-04-08 23:00:00+00:00,11.0,15.2,158
2024-04-09 00:00:00+00:00,10.7,18.5,201
2024-04-09 01:00:00+00:00,9.7,18.5,188
2024-04-09 02:00:00+00:00,8.3,19.2,185
2024-04-09 03:00:00+00:00,7.3,16.2,184
2024-04-09 04:00:00+00:00,7.5,7.4,194
2024-04-09 05:00:00+00:00,7.7,0.5,315
2024-04-09 06:00:00+00:00,7.8,4.0,10
2024-04-09 07:00:00+00:00,7.9,5.8,330
2024-04-09 08:00:00+00:00,8.7,9.4,288
2024-04-09 09:00:00+00:00,8.7,18.4,272
2024-04-09 10:00:00+00:00,8.9,25.5,278
2024-04-09 11:00:00+00:00,7.6,35.9,289
2024-04-09 12:00:00+00:00,6.4,39.4,291
2024-04-09 13:00:00+00:00,8.0,39.9,283
2024-04-09 14:00:00+00:00,7.8,43.9,280
2024-04-09 15:00:00+00:00,8.5,42.9,285
2024-04-09 16:00:00+00:00,8.4,36.0,284
2024-04-09 17:00:00+00:00,8.1,33.8,282
2024-04-09 18:00:00+00:00,8.2,38.0,285
2024-04-09 19:00:00+00:00,7.5,36.7,286
2024-04-09 20:00:00+00:00,7.0,33.9,285
2024-04-09 21:00:00+00:00,6.7,30.6,285
2024-04-09 22:00:00+00:00,6.4,27.0,283
2024-04-09 23:00:00+00:00,6.2,23.3,278
2024-04-10 00:00:00+00:00,5.9,19.5,273
2024-04-10 01:00:00+00:00,5.9,17.3,268
2024-04-10 02:00:00+00:00,5.4,13.7,252
2024-04-10 03:00:00+00:00,4.6,8.5,242
2024-04-10 04:00:00+00:00,3.5,5.7,198
2024-04-10 05:00:00+00:00,3.4,8.7,187
2024-04-10 06:00:00+00:00,4.1,10.9,186
2024-04-10 07:00:00+00:00,5.8,14.5,173
2024-04-10 08:00:00+00:00,6.7,16.6,185
2024-04-10 09:00:00+00:00,7.8,19.7,188
2024-04-10 10:00:00+00:00,8.1,24.9,191
2024-04-10 11:00:00+00:00,9.1,28.2,185
2024-04-10 12:00:00+00:00,8.9,28.6,191
2024-04-10 13:00:00+00:00,9.3,30.3,193
2024-04-10 14:00:00+00:00,10.2,33.4,198
2024-04-10 15:00:00+00:00,10.9,31.5,202
2024-04-10 16:00:00+00:00,11.3,31.6,209
2024-04-10 17:00:00+00:00,11.9,32.3,213
2024-04-10 18:00:00+00:00,12.0,30.0,210
2024-04-10 19:00:00+00:00,12.3,27.8,214
2024-04-10 20:00:00+00:00,12.5,27.2,217
2024-04-10 21:00:00+00:00,12.5,27.4,215
2024-04-10 22:00:00+00:00,12.9,29.5,227
2024-04-10 23:00:00+00:00,12.9,30.5,235
2024-04-11 00:00:00+00:00,12.6,31.4,238
2024-04-11 01:00:00+00:00,12.5,29.5,242
2024-04-11 02:00:00+00:00,12.6,26.2,238
2024-04-11 03:00:00+00:00,12.3,21.7,234
2024-04-11 04:00:00+00:00,12.1,22.3,236
2024-04-11 05:00:00+00:00,11.9,21.9,240
2024-04-11 06:00:00+00:00,11.9,18.4,242
2024-04-11 07:00:00+00:00,12.3,19.3,246
2024-04-11 08:00:00+00:00,12.9,18.8,250
2024-04-11 09:00:00+00:00,13.8,18.8,253
2024-04-11 10:00:00+00:00,15.2,19.5,254
2024-04-11 11:00:00+00:00,16.4,20.9,249
2024-04-11 12:00:00+00:00,16.7,18.0,241
2024-04-11 13:00:00+00:00,17.5,19.5,231
2024-04-11 14:00:00+00:00,17.5,22.0,230
2024-04-11 15:00:00+00:00,17.4,22.2,230
2024-04-11 16:00:00+00:00,17.2,20.2,235
2024-04-11 17:00:00+00:00,16.1,17.6,229
2024-04-11 18:00:00+00:00,15.3,18.2,218
2024-04-11 19:00:00+00:00,14.7,22.7,207
2024-04-11 20:00:00+00:00,14.5,24.1,207
2024-04-11 21:00:00+00:00,14.3,25.6,212
2024-04-11 22:00:00+00:00,14.0,27.6,221
2024-04-11 23:00:00+00:00,13.5,27.8,222
2024-04-12 00:00:00+00:00,13.0,28.0,223
2024-04-12 01:00:00+00:00,13.4,28.8,221
2024-04-12 02:00:00+00:00,11.8,27.6,229
2024-04-12 03:00:00+00:00,11.2,27.9,237
2024-04-12 04:00:00+00:00,11.0,26.1,240
2024-04-12 05:00:00+00:00,10.5,22.6,236
2024-04-12 06:00:00+00:00,10.3,20.2,229
2024-04-12 07:00:00+00:00,10.6,17.4,230
2024-04-12 08:00:00+00:00,11.7,21.3,240
2024-04-12 09:00:00+00:00,12.2,20.7,239
2024-04-12 10:00:00+00:00,13.3,21.1,237
2024-04-12 11:00:00+00:00,14.8,21.4,237
2024-04-12 12:00:00+00:00,15.0,20.4,226
2024-04-12 13:00:00+00:00,15.5,20.7,220
2024-04-12 14:00:00+00:00,15.8,21.9,225
2024-04-12 15:00:00+00:00,15.9,23.2,227
2024-04-12 16:00:00+00:00,16.0,23.7,227
2024-04-12 17:00:00+00:00,15.6,22.5,229
2024-04-12 18:00:00+00:00,14.8,26.2,233
2024-04-12 19:00:00+00:00,13.9,28.1,237
2024-04-12 20:00:00+00:00,13.1,27.2,238
2024-04-12 21:00:00+00:00,12.4,26.7,244
2024-04-12 22:00:00+00:00,11.9,26.4,242
2024-04-12 23:00:00+00:00,11.5,26.5,248
2024-04-13 00:00:00+00:00,11.2,26.2,249
2024-04-13 01:00:00+00:00,11.2,18.7,242
2024-04-13 02:00:00+00:00,11.1,16.7,237
2024-04-13 03:00:00+00:00,11.0,15.6,232
2024-04-13 04:00:00+00:00,10.9,16.1,228
2024-04-13 05:00:00+00:00,10.9,16.6,222
2024-04-13 06:00:00+00:00,10.9,16.6,219
2024-04-13 07:00:00+00:00,11.2,19.1,224
2024-04-13 08:00:00+00:00,11.7,21.6,224
2024-04-13 09:00:00+00:00,12.4,25.1,232
2024-04-13 10:00:00+00:00,12.3,24.0,229
2024-04-13 11:00:00+00:00,12.8,28.4,234
2024-04-13 12:00:00+00:00,13.6,32.4,228
2024-04-13 13:00:00+00:00,13.5,28.8,227
2024-04-13 14:00:00+00:00,14.6,35.6,238
2024-04-13 15:00:00+00:00,13.8,30.8,240
2024-04-13 16:00:00+00:00,13.7,30.9,242
2024-04-13 17:00:00+00:00,12.8,27.6,253
2024-04-13 18:00:00+00:00,10.4,25.6,271
2024-04-13 19:00:00+00:00,10.0,26.3,279
2024-04-13 20:00:00+00:00,8.8,22.1,276
2024-04-13 21:00:00+00:00,8.3,23.5,275
2024-04-13 22:00:00+00:00,7.8,24.1,272
2024-04-13 23:00:00+00:00,7.6,24.9,272
2024-04-14 00:00:00+00:00,7.3,22.7,270
2024-04-14 01:00:00+00:00,6.9,20.8,261
2024-04-14 02:00:00+00:00,6.5,17.5,262
2024-04-14 03:00:00+00:00,6.3,15.7,259
2024-04-14 04:00:00+00:00,5.9,13.1,262
2024-04-14 05:00:00+00:00,5.9,11.4,257
2024-04-14 06:00:00+00:00,6.2,12.2,256
2024-04-14 07:00:00+00:00,7.3,14.6,261
2024-04-14 08:00:00+00:00,8.3,19.8,270
2024-04-14 09:00:00+00:00,8.9,17.7,266
2024-04-14 10:00:00+00:00,9.9,17.3,258
2024-04-14 11:00:00+00:00,10.2,18.7,247
2024-04-14 12:00:00+00:00,10.5,20.0,242
2024-04-14 13:00:00+00:00,11.0,22.2,241
2024-04-14 14:00:00+00:00,11.1,23.2,242
2024-04-14 15:00:00+00:00,10.8,23.3,243
2024-04-14 16:00:00+00:00,10.1,23.7,244
2024-04-14 17:00:00+00:00,9.9,22.2,241
2024-04-14 18:00:00+00:00,9.4,19.2,236
2024-04-14 19:00:00+00:00,8.4,20.0,232
2024-04-14 20:00:00+00:00,8.0,22.5,229
2024-04-14 21:00:00+00:00,8.0,26.9,231
2024-04-14 22:00:00+00:00,7.4,27.9,232
2024-04-14 23:00:00+00:00,7.7,28.8,228
2024-04-15 00:00:00+00:00,8.0,29.1,220
2024-04-15 01:00:00+00:00,7.5,24.6,215
2024-04-15 02:00:00+00:00,8.1,29.3,223
2024-04-15 03:00:00+00:00,8.0,28.9,230
2024-04-15 04:00:00+00:00,7.7,29.6,228
2024-04-15 05:00:00+00:00,7.1,33.3,225
2024-04-15 06:00:00+00:00,6.8,33.8,243
2024-04-15 07:00:00+00:00,6.0,27.9,263
2024-04-15 08:00:00+00:00,5.4,29.9,280
2024-04-15 09:00:00+00:00,5.5,35.7,282
2024-04-15 10:00:00+00:00,6.2,37.6,280
2024-04-15 11:00:00+00:00,6.9,42.2,285
2024-04-15 12:00:00+00:00,7.8,43.9,288
2024-04-15 13:00:00+00:00,6.4,39.8,280
2024-04-15 14:00:00+00:00,7.5,41.3,285
2024-04-15 15:00:00+00:00,7.0,41.4,281
2024-04-15 16:00:00+00:00,7.2,41.4,281
2024-04-15 17:00:00+00:00,7.0,42.0,282
2024-04-15 18:00:00+00:00,6.8,42.9,278
2024-04-15 19:00:00+00:00,5.4,38.2,273
2024-04-15 20:00:00+00:00,5.8,36.1,282
2024-04-15 21:00:00+00:00,5.8,33.5,287
2024-04-15 22:00:00+00:00,4.9,29.7,293
2024-04-15 23:00:00+00:00,6.3,29.0,302
2024-04-16 00:00:00+00:00,5.8,27.7,309
2024-04-16 01:00:00+00:00,6.1,27.7,302
2024-04-16 02:00:00+00:00,6.4,27.3,301
2024-04-16 03:00:00+00:00,6.4,26.8,301
2024-04-16 04:00:00+00:00,6.4,26.2,304
2024-04-16 05:00:00+00:00,6.1,24.8,306
2024-04-16 06:00:00+00:00,6.3,25.3,303
2024-04-16 07:00:00+00:00,7.3,24.7,307
2024-04-16 08:00:00+00:00,8.2,26.5,318
2024-04-16 09:00:00+00:00,9.0,25.8,332
2024-04-16 10:00:00+00:00,9.6,25.6,334
2024-04-16 11:00:00+00:00,10.3,24.3,339
2024-04-16 12:00:00+00:00,10.5,22.8,342
2024-04-16 13:00:00+00:00,10.2,21.6,357
2024-04-16 14:00:00+00:00,9.1,18.8,7
2024-04-16 15:00:00+00:00,9.1,18.4,358
2024-04-16 16:00:00+00:00,9.5,15.2,355
2024-04-16 17:00:00+00:00,9.3,13.2,343
2024-04-16 18:00:00+00:00,7.9,14.7,298
2024-04-16 19:00:00+00:00,6.6,11.9,284
2024-04-16 20:00:00+00:00,5.9,10.8,272
2024-04-16 21:00:00+00:00,5.6,13.9,280
2024-04-16 22:00:00+00:00,5.3,17.2,286
2024-04-16 23:00:00+00:00,4.8,17.7,290
2024-04-17 00:00:00+00:00,4.6,18.9,291
2024-04-17 01:00:00+00:00,4.4,18.9,294
2024-04-17 02:00:00+00:00,4.0,19.5,300
2024-04-17 03:00:00+00:00,3.7,17.6,301
2024-04-17 04:00:00+00:00,3.5,17.4,308
2024-04-17 05:00:00+00:00,3.0,16.9,310
2024-04-17 06:00:00+00:00,3.5,17.4,308
2024-04-17 07:00:00+00:00,4.8,16.2,302
2024-04-17 08:00:00+00:00,5.9,20.0,304
2024-04-17 09:00:00+00:00,7.2,20.8,300
2024-04-17 10:00:00+00:00,8.3,23.6,301
2024-04-17 11:00:00+00:00,8.9,25.4,309
2024-04-17 12:00:00+00:00,9.0,25.5,312
2024-04-17 13:00:00+00:00,9.0,23.6,321
2024-04-17 14:00:00+00:00,9.3,23.9,323
2024-04-17 15:00:00+00:00,9.7,24.0,334
2024-04-17 16:00:00+00:00,7.2,23.3,351
2024-04-17 17:00:00+00:00,7.6,21.3,348
2024-04-17 18:00:00+00:00,6.2,20.2,341
2024-04-17 19:00:00+00:00,5.7,21.0,353
2024-04-17 20:00:00+00:00,4.7,20.9,358
2024-04-17 21:00:00+00:00,4.3,20.5,1
2024-04-17 22:00:00+00:00,3.9,19.1,1
2024-04-17 23:00:00+00:00,3.6,16.2,1
2024-04-18 00:00:00+00:00,3.2,13.0,357
2024-04-18 01:00:00+00:00,2.8,11.2,345
2024-04-18 02:00:00+00:00,2.5,10.2,337
2024-04-18 03:00:00+00:00,2.3,9.1,326
2024-04-18 04:00:00+00:00,1.6,6.6,311
2024-04-18 05:00:00+00:00,1.0,5.6,285
2024-04-18 06:00:00+00:00,2.1,6.5,267
2024-04-18 07:00:00+00:00,4.9,7.9,246
2024-04-18 08:00:00+00:00,6.5,11.9,256
2024-04-18 09:00:00+00:00,8.1,13.8,263
2024-04-18 10:00:00+00:00,9.5,14.6,260
2024-04-18 11:00:00+00:00,10.3,17.5,256
2024-04-18 12:00:00+00:00,9.6,23.5,264
2024-04-18 13:00:00+00:00,8.8,23.9,254
2024-04-18 14:00:00+00:00,8.8,23.4,247
2024-04-18 15:00:00+00:00,8.6,25.0,252
2024-04-18 16:00:00+00:00,7.8,26.0,251
2024-04-18 17:00:00+00:00,7.6,22.9,248
2024-04-18 18:00:00+00:00,7.8,27.3,257
2024-04-18 19:00:00+00:00,8.1,35.0,266
2024-04-18 20:00:00+00:00,8.4,31.0,271
2024-04-18 21:00:00+00:00,8.9,32.5,274
2024-04-18 22:00:00+00:00,9.2,33.7,280
2024-04-18 23:00:00+00:00,9.2,31.0,283
2024-04-19 00:00:00+00:00,9.2,30.0,286
2024-04-19 01:00:00+00:00,8.9,34.2,285
2024-04-19 02:00:00+00:00,8.9,36.0,290
2024-04-19 03:00:00+00:00,8.6,33.7,293
2024-04-19 04:00:00+00:00,8.8,33.7,295
2024-04-19 05:00:00+00:00,8.8,33.5,298
2024-04-19 06:00:00+00:00,8.9,31.6,302
2024-04-19 07:00:00+00:00,8.8,28.4,303
2024-04-19 08:00:00+00:00,8.9,25.5,301
2024-04-19 09:00:00+00:00,9.8,26.0,307
2024-04-19 10:00:00+00:00,10.8,24.7,316
2024-04-19 11:00:00+00:00,11.5,22.2,343
2024-04-19 12:00:00+00:00,9.9,23.8,356
2024-04-19 13:00:00+00:00,9.2,20.2,356
2024-04-19 14:00:00+00:00,9.5,19.1,357
2024-04-19 15:00:00+00:00,9.7,16.1,350
2024-04-19 16:00:00+00:00,9.9,15.6,345
2024-04-19 17:00:00+00:00,9.3,18.1,353
2024-04-19 18:00:00+00:00,8.4,17.7,12
2024-04-19 19:00:00+00:00,7.0,16.1,20
2024-04-19 20:00:00+00:00,5.9,13.8,9
2024-04-19 21:00:00+00:00,4.5,11.2,6
2024-04-19 22:00:00+00:00,3.6,11.9,357
2024-04-19 23:00:00+00:00,3.1,11.5,346
2024-04-20 00:00:00+00:00,2.7,10.6,332
2024-04-20 01:00:00+00:00,3.0,13.0,336
2024-04-20 02:00:00+00:00,2.9,12.9,333
2024-04-20 03:00:00+00:00,2.9,14.0,337
2024-04-20 04:00:00+00:00,2.7,14.4,338
2024-04-20 05:00:00+00:00,2.8,14.2,339
2024-04-20 06:00:00+00:00,3.6,14.5,333
2024-04-20 07:00:00+00:00,5.2,15.7,340
2024-04-20 08:00:00+00:00,6.3,16.8,345
2024-04-20 09:00:00+00:00,7.4,16.8,351
2024-04-20 10:00:00+00:00,8.6,20.2,357
2024-04-20 11:00:00+00:00,9.0,19.9,355
2024-04-20 12:00:00+00:00,8.9,16.6,1
2024-04-20 13:00:00+00:00,9.1,14.2,353
2024-04-20 14:00:00+00:00,9.6,12.6,2
2024-04-20 15:00:00+00:00,9.9,9.8,8
2024-04-20 16:00:00+00:00,10.1,10.5,6
2024-04-20 17:00:00+00:00,9.6,8.8,19
2024-04-20 18:00:00+00:00,9.2,6.7,36
2024-04-20 19:00:00+00:00,8.4,5.4,48
2024-04-20 20:00:00+00:00,7.7,11.0,41
2024-04-20 21:00:00+00:00,7.0,8.2,29
2024-04-20 22:00:00+00:00,6.7,9.2,26
2024-04-20 23:00:00+00:00,6.3,8.7,24
2024-04-21 00:00:00+00:00,6.0,8.3,2
2024-04-21 01:00:00+00:00,5.8,10.5,356
2024-04-21 02:00:00+00:00,5.6,12.7,8
2024-04-21 03:00:00+00:00,5.3,12.7,8
2024-04-21 04:00:00+00:00,4.8,12.1,12
2024-04-21 05:00:00+00:00,4.5,12.0,7
2024-04-21 06:00:00+00:00,4.8,12.8,11
2024-04-21 07:00:00+00:00,5.3,15.3,19
2024-04-21 08:00:00+00:00,5.6,15.7,20
2024-04-21 09:00:00+00:00,6.0,17.7,29
2024-04-21 10:00:00+00:00,6.4,17.1,30
2024-04-21 11:00:00+00:00,7.7,17.3,31
2024-04-21 12:00:00+00:00,8.8,17.6,31
2024-04-21 13:00:00+00:00,9.3,14.5,30
2024-04-21 14:00:00+00:00,9.6,14.7,28
2024-04-21 15:00:00+00:00,9.7,14.5,23
2024-04-21 16:00:00+00:00,9.6,14.8,26
2024-04-21 17:00:00+00:00,9.3,13.5,29
2024-04-21 18:00:00+00:00,8.6,11.0,32
2024-04-21 19:00:00+00:00,7.5,7.1,41
2024-04-21 20:00:00+00:00,6.0,4.8,27
2024-04-21 21:00:00+00:00,6.6,6.4,38
2024-04-21 22:00:00+00:00,6.1,7.2,63
2024-04-21 23:00:00+00:00,5.6,5.2,78
2024-04-22 00:00:00+00:00,5.2,3.3,84
2024-04-22 01:00:00+00:00,5.3,0.5,225
2024-04-22 02:00:00+00:00,5.4,2.2,261
2024-04-22 03:00:00+00:00,5.5,2.2,261
2024-04-22 04:00:00+00:00,5.7,1.6,243
2024-04-22 05:00:00+00:00,5.7,3.3,167
2024-04-22 06:00:00+00:00,5.6,5.4,172
2024-04-22 07:00:00+00:00,5.8,6.8,183
2024-04-22 08:00:00+00:00,6.1,5.9,191
2024-04-22 09:00:00+00:00,6.2,6.6,171
2024-04-22 10:00:00+00:00,6.5,6.9,152
2024-04-22 11:00:00+00:00,6.7,7.9,137
2024-04-22 12:00:00+00:00,6.7,8.9,133
2024-04-22 13:00:00+00:00,6.9,5.2,102
2024-04-22 14:00:00+00:00,7.2,2.9,90
2024-04-22 15:00:00+00:00,7.4,2.5,82
2024-04-22 16:00:00+00:00,7.6,1.1,90
2024-04-22 17:00:00+00:00,7.8,1.8,349
2024-04-22 18:00:00+00:00,7.9,5.2,348
2024-04-22 19:00:00+00:00,7.5,2.9,353
2024-04-22 20:00:00+00:00,7.5,4.0,333
2024-04-22 21:00:00+00:00,7.7,8.8,325
2024-04-22 22:00:00+00:00,8.1,12.4,343
2024-04-22 23:00:00+00:00,8.1,16.2,4
2024-04-23 00:00:00+00:00,7.4,17.4,6
2024-04-23 01:00:00+00:00,7.0,16.2,357
2024-04-23 02:00:00+00:00,6.6,16.3,354
2024-04-23 03:00:00+00:00,6.0,17.1,352
2024-04-23 04:00:00+00:00,5.5,16.5,350
2024-04-23 05:00:00+00:00,4.5,17.3,348
2024-04-23 06:00:00+00:00,5.1,18.0,348
2024-04-23 07:00:00+00:00,6.1,17.1,353
2024-04-23 08:00:00+00:00,6.5,24.0,352
2024-04-23 09:00:00+00:00,6.6,25.3,4
2024-04-23 10:00:00+00:00,7.1,24.9,2
2024-04-23 11:00:00+00:00,7.4,23.2,7
2024-04-23 12:00:00+00:00,8.0,25.7,6
2024-04-23 13:00:00+00:00,7.6,22.7,2
2024-04-23 14:00:00+00:00,8.2,23.5,4
2024-04-23 15:00:00+00:00,8.4,20.9,3
2024-04-23 16:00:00+00:00,8.4,18.8,5
2024-04-23 17:00:00+00:00,8.1,16.6,2
2024-04-23 18:00:00+00:00,7.8,13.0,2
2024-04-23 19:00:00+00:00,7.4,9.7,2
2024-04-23 20:00:00+00:00,7.0,6.6,351
2024-04-23 21:00:00+00:00,6.7,6.1,332
2024-04-23 22:00:00+00:00,6.5,4.3,318
2024-04-23 23:00:00+00:00,6.4,8.0,352
2024-04-24 00:00:00+00:00,5.9,15.5,3
2024-04-24 01:00:00+00:00,5.7,13.4,352
2024-04-24 02:00:00+00:00,5.6,14.2,353
2024-04-24 03:00:00+00:00,5.1,14.9,353
2024-04-24 04:00:00+00:00,3.6,15.9,355
2024-04-24 05:00:00+00:00,2.9,15.8,348
2024-04-24 06:00:00+00:00,3.5,16.3,346
2024-04-24 07:00:00+00:00,4.7,18.5,353
2024-04-24 08:00:00+00:00,5.5,22.7,2
2024-04-24 09:00:00+00:00,5.9,22.0,4
2024-04-24 10:00:00+00:00,6.3,20.5,3
2024-04-24 11:00:00+00:00,6.8,20.5,360
2024-04-24 12:00:00+00:00,7.0,18.4,1
2024-04-24 13:00:00+00:00,7.4,18.0,360
2024-04-24 14:00:00+00:00,7.5,18.4,357
2024-04-24 15:00:00+00:00,7.4,15.5,356
2024-04-24 16:00:00+00:00,7.4,13.7,355
2024-04-24 17:00:00+00:00,7.6,10.2,352
2024-04-24 18:00:00+00:00,7.5,7.6,8
2024-04-24 19:00:00+00:00,6.4,4.1,75
2024-04-24 20:00:00+00:00,5.4,4.5,166
2024-04-24 21:00:00+00:00,4.3,4.9,234
2024-04-24 22:00:00+00:00,3.3,5.5,259
2024-04-24 23:00:00+00:00,3.2,6.5,270
2024-04-25 00:00:00+00:00,2.4,6.6,261
2024-04-25 01:00:00+00:00,1.8,8.3,252
2024-04-25 02:00:00+00:00,1.9,9.2,249
2024-04-25 03:00:00+00:00,2.7,11.1,241
2024-04-25 04:00:00+00:00,3.5,12.1,243
2024-04-25 05:00:00+00:00,3.9,12.4,244
2024-04-25 06:00:00+00:00,4.2,13.9,245
2024-04-25 07:00:00+00:00,5.3,14.5,264
2024-04-25 08:00:00+00:00,5.4,13.7,267
2024-04-25 09:00:00+00:00,7.0,15.9,288
2024-04-25 10:00:00+00:00,7.2,17.1,298
2024-04-25 11:00:00+00:00,7.1,16.8,351
2024-04-25 12:00:00+00:00,6.1,15.3,15
2024-04-25 13:00:00+00:00,6.7,10.1,6
2024-04-25 14:00:00+00:00,7.3,9.4,7
2024-04-25 15:00:00+00:00,7.3,8.7,353
2024-04-25 16:00:00+00:00,8.0,9.8,352
2024-04-25 17:00:00+00:00,7.8,12.3,7
2024-04-25 18:00:00+00:00,6.8,12.9,18
2024-04-25 19:00:00+00:00,5.7,9.6,13
2024-04-25 20:00:00+00:00,4.1,10.5,6
2024-04-25 21:00:00+00:00,3.0,9.0,360
2024-04-25 22:00:00+00:00,2.4,9.7,356
2024-04-25 23:00:00+00:00,1.8,9.0,355
2024-04-26 00:00:00+00:00,1.4,8.7,343
2024-04-26 01:00:00+00:00,1.9,10.5,344
2024-04-26 02:00:00+00:00,1.9,10.7,346
2024-04-26 03:00:00+00:00,1.7,10.8,345
2024-04-26 04:00:00+00:00,1.5,10.5,344
2024-04-26 05:00:00+00:00,1.6,11.1,347
2024-04-26 06:00:00+00:00,2.6,13.4,355
2024-04-26 07:00:00+00:00,3.4,14.0,1
2024-04-26 08:00:00+00:00,4.9,14.5,19
2024-04-26 09:00:00+00:00,6.3,13.2,29
2024-04-26 10:00:00+00:00,7.3,11.8,38
2024-04-26 11:00:00+00:00,8.1,12.1,53
2024-04-26 12:00:00+00:00,8.6,11.8,63
2024-04-26 13:00:00+00:00,8.9,9.3,54
2024-04-26 14:00:00+00:00,8.3,14.7,59
2024-04-26 15:00:00+00:00,8.2,12.8,79
2024-04-26 16:00:00+00:00,8.6,12.3,87
2024-04-26 17:00:00+00:00,8.2,11.9,76
2024-04-26 18:00:00+00:00,6.2,13.7,76
2024-04-26 19:00:00+00:00,5.8,10.8,75
2024-04-26 20:00:00+00:00,4.4,5.6,75
2024-04-26 21:00:00+00:00,4.5,5.5,58
2024-04-26 22:00:00+00:00,5.0,8.6,57
2024-04-26 23:00:00+00:00,4.4,6.6,49
2024-04-27 00:00:00+00:00,3.5,5.4,37
2024-04-27 01:00:00+00:00,3.0,5.7,18
2024-04-27 02:00:00+00:00,3.0,6.4,16
2024-04-27 03:00:00+00:00,2.7,7.5,17
2024-04-27 04:00:00+00:00,2.5,8.6,15
2024-04-27 05:00:00+00:00,2.6,10.3,12
2024-04-27 06:00:00+00:00,3.6,11.6,22
2024-04-27 07:00:00+00:00,4.3,13.2,29
2024-04-27 08:00:00+00:00,5.5,15.3,45
2024-04-27 09:00:00+00:00,7.0,15.0,63
2024-04-27 10:00:00+00:00,7.8,16.5,70
2024-04-27 11:00:00+00:00,8.2,17.0,73
2024-04-27 12:00:00+00:00,9.1,18.0,74
2024-04-27 13:00:00+00:00,9.1,17.3,67
2024-04-27 14:00:00+00:00,9.0,17.4,66
2024-04-27 15:00:00+00:00,9.6,17.6,64
2024-04-27 16:00:00+00:00,9.2,18.1,69
2024-04-27 17:00:00+00:00,8.3,17.0,69
2024-04-27 18:00:00+00:00,8.1,15.5,62
2024-04-27 19:00:00+00:00,7.4,15.0,60
2024-04-27 20:00:00+00:00,6.3,14.8,47
2024-04-27 21:00:00+00:00,5.7,14.8,45
2024-04-27 22:00:00+00:00,5.6,15.7,37
2024-04-27 23:00:00+00:00,5.1,15.3,30
2024-04-28 00:00:00+00:00,5.0,15.0,17
2024-04-28 01:00:00+00:00,4.6,19.8,10
2024-04-28 02:00:00+00:00,4.6,18.4,11
2024-04-28 03:00:00+00:00,4.6,20.5,2
2024-04-28 04:00:00+00:00,4.5,22.0,3
2024-04-28 05:00:00+00:00,4.4,24.1,2
2024-04-28 06:00:00+00:00,4.4,24.3,354
2024-04-28 07:00:00+00:00,4.7,23.8,345
2024-04-28 08:00:00+00:00,4.8,24.5,340
2024-04-28 09:00:00+00:00,4.5,22.1,336
2024-04-28 10:00:00+00:00,4.0,23.2,327
2024-04-28 11:00:00+00:00,5.1,22.7,313
2024-04-28 12:00:00+00:00,7.0,19.0,297
2024-04-28 13:00:00+00:00,9.2,23.1,291
2024-04-28 14:00:00+00:00,9.8,23.9,282
2024-04-28 15:00:00+00:00,9.9,25.4,277
2024-04-28 16:00:00+00:00,9.9,24.1,268
2024-04-28 17:00:00+00:00,9.3,22.8,265
2024-04-28 18:00:00+00:00,8.7,18.2,256
2024-04-28 19:00:00+00:00,7.5,14.0,247
2024-04-28 20:00:00+00:00,5.9,10.0,232
2024-04-28 21:00:00+00:00,5.1,12.1,217
2024-04-28 22:00:00+00:00,5.9,18.7,230
2024-04-28 23:00:00+00:00,6.0,19.6,224
2024-04-29 00:00:00+00:00,5.4,18.9,215
2024-04-29 01:00:00+00:00,5.2,19.5,219
2024-04-29 02:00:00+00:00,5.2,21.2,215
2024-04-29 03:00:00+00:00,5.4,22.3,218
2024-04-29 04:00:00+00:00,5.4,22.9,213
2024-04-29 05:00:00+00:00,5.7,22.1,210
2024-04-29 06:00:00+00:00,6.4,22.1,202
2024-04-29 07:00:00+00:00,8.1,22.4,199
2024-04-29 08:00:00+00:00,9.4,30.0,204
2024-04-29 09:00:00+00:00,10.2,30.3,200
2024-04-29 10:00:00+00:00,11.6,30.0,194
2024-04-29 11:00:00+00:00,12.0,33.8,192
2024-04-29 12:00:00+00:00,12.8,34.2,188
2024-04-29 13:00:00+00:00,12.6,33.8,187
2024-04-29 14:00:00+00:00,13.4,36.0,188
2024-04-29 15:00:00+00:00,12.9,37.2,189
2024-04-29 16:00:00+00:00,12.5,29.7,186
2024-04-29 17:00:00+00:00,12.1,27.4,182
2024-04-29 18:00:00+00:00,12.1,28.6,186
2024-04-29 19:00:00+00:00,11.6,27.1,185
2024-04-29 20:00:00+00:00,11.1,27.1,185
2024-04-29 21:00:00+00:00,10.9,27.4,190
2024-04-29 22:00:00+00:00,10.6,26.6,189
2024-04-29 23:00:00+00:00,10.3,25.5,189
2024-04-30 00:00:00+00:00,9.6,25.0,186
2024-04-30 01:00:00+00:00,9.4,22.7,179
2024-04-30 02:00:00+00:00,9.2,20.7,173
2024-04-30 03:00:00+00:00,8.4,18.8,173
2024-04-30 04:00:00+00:00,7.9,17.9,165
2024-04-30 05:00:00+00:00,7.5,18.6,158
2024-04-30 06:00:00+00:00,8.2,19.1,158
2024-04-30 07:00:00+00:00,9.4,17.3,149
2024-04-30 08:00:00+00:00,10.8,21.4,153
2024-04-30 09:00:00+00:00,12.1,24.9,158
2024-04-30 10:00:00+00:00,13.4,26.0,158
2024-04-30 11:00:00+00:00,14.3,25.6,156
2024-04-30 12:00:00+00:00,15.6,31.9,160
2024-04-30 13:00:00+00:00,16.5,26.6,152
2024-04-30 14:00:00+00:00,16.9,26.2,153
2024-04-30 15:00:00+00:00,17.0,28.7,158
2024-04-30 16:00:00+00:00,16.6,26.5,159
2024-04-30 17:00:00+00:00,16.1,20.6,164
2024-04-30 18:00:00+00:00,15.4,18.4,163
2024-04-30 19:00:00+00:00,13.7,14.0,157
2024-04-30 20:00:00+00:00,11.6,9.5,151
2024-04-30 21:00:00+00:00,10.4,9.5,143
2024-04-30 22:00:00+00:00,9.9,9.7,153
2024-04-30 23:00:00+00:00,9.4,9.4,157
2024-05-01 00:00:00+00:00,8.7,7.4,166
2024-05-01 01:00:00+00:00,8.5,5.8,150
2024-05-01 02:00:00+00:00,8.0,5.8,150
2024-05-01 03:00:00+00:00,9.4,6.2,144
2024-05-01 04:00:00+00:00,9.4,4.2,160
2024-05-01 05:00:00+00:00,9.8,3.8,139
2024-05-01 06:00:00+00:00,10.1,5.1,94
2024-05-01 07:00:00+00:00,10.6,5.0,90
2024-05-01 08:00:00+00:00,11.0,3.7,79
2024-05-01 09:00:00+00:00,11.8,6.4,63
2024-05-01 10:00:00+00:00,13.2,6.5,71
2024-05-01 11:00:00+00:00,14.4,5.8,60
2024-05-01 12:00:00+00:00,15.7,5.7,72
2024-05-01 13:00:00+00:00,16.7,12.5,51
2024-05-01 14:00:00+00:00,16.9,13.5,56
2024-05-01 15:00:00+00:00,16.4,13.2,47
2024-05-01 16:00:00+00:00,16.4,12.2,62
2024-05-01 17:00:00+00:00,15.9,13.7,60
2024-05-01 18:00:00+00:00,15.4,14.4,53
2024-05-01 19:00:00+00:00,14.4,13.6,50
2024-05-01 20:00:00+00:00,12.8,12.4,26
2024-05-01 21:00:00+00:00,12.2,17.8,14
2024-05-01 22:00:00+00:00,11.4,19.2,13
2024-05-01 23:00:00+00:00,10.6,20.8,10
2024-05-02 00:00:00+00:00,9.4,22.3,2
2024-05-02 01:00:00+00:00,8.8,23.9,355
2024-05-02 02:00:00+00:00,8.4,23.1,356
2024-05-02 03:00:00+00:00,8.4,23.4,357
2024-05-02 04:00:00+00:00,8.3,26.4,355
2024-05-02 05:00:00+00:00,8.8,25.6,1
2024-05-02 06:00:00+00:00,9.4,26.4,5
2024-05-02 07:00:00+00:00,10.1,27.3,8
2024-05-02 08:00:00+00:00,11.6,28.1,16
2024-05-02 09:00:00+00:00,13.6,28.2,32
2024-05-02 10:00:00+00:00,15.1,26.6,36
2024-05-02 11:00:00+00:00,16.3,27.3,41
2024-05-02 12:00:00+00:00,17.1,25.1,51
2024-05-02 13:00:00+00:00,17.4,23.3,35
2024-05-02 14:00:00+00:00,17.9,21.8,39
2024-05-02 15:00:00+00:00,17.5,21.7,40
2024-05-02 16:00:00+00:00,16.9,20.8,37
2024-05-02 17:00:00+00:00,16.0,19.6,36
2024-05-02 18:00:00+00:00,14.8,20.5,31
2024-05-02 19:00:00+00:00,13.3,19.0,25
2024-05-02 20:00:00+00:00,12.0,18.3,20
2024-05-02 21:00:00+00:00,10.7,19.3,9
2024-05-02 22:00:00+00:00,9.5,19.1,3
2024-05-02 23:00:00+00:00,8.8,18.4,360
2024-05-03 00:00:00+00:00,8.3,17.4,354
2024-05-03 01:00:00+00:00,8.3,16.7,353
2024-05-03 02:00:00+00:00,8.2,13.5,344
2024-05-03 03:00:00+00:00,8.3,14.2,339
2024-05-03 04:00:00+00:00,8.7,13.7,333
2024-05-03 05:00:00+00:00,9.3,11.1,324
2024-05-03 06:00:00+00:00,10.1,10.4,326
2024-05-03 07:00:00+00:00,10.9,10.5,322
2024-05-03 08:00:00+00:00,11.8,9.7,315
2024-05-03 09:00:00+00:00,12.5,12.1,300
2024-05-03 10:00:00+00:00,13.5,12.8,302
2024-05-03 11:00:00+00:00,14.3,13.6,310
2024-05-03 12:00:00+00:00,14.4,12.1,307
2024-05-03 13:00:00+00:00,14.3,13.9,280
2024-05-03 14:00:00+00:00,14.5,16.9,286
2024-05-03 15:00:00+00:00,13.7,14.8,283
2024-05-03 16:00:00+00:00,13.3,14.8,274
2024-05-03 17:00:00+00:00,12.9,16.9,272
2024-05-03 18:00:00+00:00,12.6,15.1,269
2024-05-03 19:00:00+00:00,12.1,14.4,267
2024-05-03 20:00:00+00:00,11.7,15.5,265
2024-05-03 21:00:00+00:00,11.4,15.0,259
2024-05-03 22:00:00+00:00,11.2,14.9,250
2024-05-03 23:00:00+00:00,10.6,17.2,237
2024-05-04 00:00:00+00:00,10.0,16.6,240
2024-05-04 01:00:00+00:00,10.1,15.9,237
2024-05-04 02:00:00+00:00,9.9,15.5,239
2024-05-04 03:00:00+00:00,9.7,14.4,233
2024-05-04 04:00:00+00:00,9.7,14.0,222
2024-05-04 05:00:00+00:00,9.7,14.0,215
2024-05-04 06:00:00+00:00,10.0,15.3,214
2024-05-04 07:00:00+00:00,10.3,17.7,218
2024-05-04 08:00:00+00:00,10.3,17.4,220
2024-05-04 09:00:00+00:00,11.0,18.6,224
2024-05-04 10:00:00+00:00,11.4,17.9,220
2024-05-04 11:00:00+00:00,11.9,18.8,216
2024-05-04 12:00:00+00:00,12.5,19.4,215
2024-05-04 13:00:00+00:00,13.5,18.9,215
2024-05-04 14:00:00+00:00,13.6,18.2,218
2024-05-04 15:00:00+00:00,13.5,15.5,222
2024-05-04 16:00:00+00:00,13.3,13.6,233
2024-05-04 17:00:00+00:00,13.3,11.4,242
2024-05-04 18:00:00+00:00,13.0,8.9,238
2024-05-04 19:00:00+00:00,12.4,5.0,240
2024-05-04 20:00:00+00:00,11.1,5.1,231
2024-05-04 21:00:00+00:00,10.3,4.1,255
2024-05-04 22:00:00+00:00,9.7,2.9,270
2024-05-04 23:00:00+00:00,9.7,1.4,270
2024-05-05 00:00:00+00:00,9.2,2.9,263
2024-05-05 01:00:00+00:00,7.1,3.6,270
2024-05-05 02:00:00+00:00,7.1,3.6,264
2024-05-05 03:00:00+00:00,6.4,4.0,265
2024-05-05 04:00:00+00:00,6.3,4.0,265
2024-05-05 05:00:00+00:00,6.9,3.3,264
2024-05-05 06:00:00+00:00,9.1,3.6,270
2024-05-05 07:00:00+00:00,12.0,2.8,220
2024-05-05 08:00:00+00:00,13.5,3.8,197
2024-05-05 09:00:00+00:00,14.8,5.2,196
2024-05-05 10:00:00+00:00,15.9,8.3,198
2024-05-05 11:00:00+00:00,16.3,9.8,197
2024-05-05 12:00:00+00:00,16.7,7.5,197
2024-05-05 13:00:00+00:00,17.5,8.7,185
2024-05-05 14:00:00+00:00,18.0,8.4,173
2024-05-05 15:00:00+00:00,17.9,10.3,168
2024-05-05 16:00:00+00:00,16.7,12.8,170
2024-05-05 17:00:00+00:00,16.5,10.1,178
2024-05-05 18:00:00+00:00,15.9,6.7,196
2024-05-05 19:00:00+00:00,13.7,5.4,200
2024-05-05 20:00:00+00:00,13.8,4.3,246
2024-05-05 21:00:00+00:00,10.7,7.1,225
2024-05-05 22:00:00+00:00,10.1,4.3,275
2024-05-05 23:00:00+00:00,9.3,6.6,315
2024-05-06 00:00:00+00:00,8.6,6.6,311
2024-05-06 01:00:00+00:00,9.2,4.7,293
2024-05-06 02:00:00+00:00,8.5,3.8,287
2024-05-06 03:00:00+00:00,8.4,4.2,290
2024-05-06 04:00:00+00:00,8.4,3.8,287
2024-05-06 05:00:00+00:00,8.6,2.2,270
2024-05-06 06:00:00+00:00,12.1,3.3,354
2024-05-06 07:00:00+00:00,13.3,5.8,22
2024-05-06 08:00:00+00:00,14.4,4.8,27
2024-05-06 09:00:00+00:00,15.6,5.4,53
2024-05-06 10:00:00+00:00,16.3,7.1,60
2024-05-06 11:00:00+00:00,17.0,7.2,53
2024-05-06 12:00:00+00:00,17.1,7.9,60
2024-05-06 13:00:00+00:00,18.0,9.2,79
2024-05-06 14:00:00+00:00,17.5,6.8,25
2024-05-06 15:00:00+00:00,16.8,3.7,241
2024-05-06 16:00:00+00:00,15.5,5.5,349
2024-05-06 17:00:00+00:00,14.6,8.4,25
2024-05-06 18:00:00+00:00,14.0,9.4,328
2024-05-06 19:00:00+00:00,13.3,6.3,336
2024-05-06 20:00:00+00:00,11.4,5.9,346
2024-05-06 21:00:00+00:00,11.2,6.6,338
2024-05-06 22:00:00+00:00,11.3,8.6,345
2024-05-06 23:00:00+00:00,11.0,10.5,356
2024-05-07 00:00:00+00:00,10.7,12.6,5
2024-05-07 01:00:00+00:00,10.9,12.3,21
2024-05-07 02:00:00+00:00,10.7,9.3,16
2024-05-07 03:00:00+00:00,10.6,12.1,10
2024-05-07 04:00:00+00:00,10.2,13.0,2
2024-05-07 05:00:00+00:00,10.0,14.0,359
2024-05-07 06:00:00+00:00,10.0,14.8,359
2024-05-07 07:00:00+00:00,10.6,16.2,13
2024-05-07 08:00:00+00:00,11.1,14.9,20
2024-05-07 09:00:00+00:00,12.3,13.7,30
2024-05-07 10:00:00+00:00,13.7,12.5,33
2024-05-07 11:00:00+00:00,14.7,13.3,33
2024-05-07 12:00:00+00:00,15.2,11.8,31
2024-05-07 13:00:00+00:00,14.6,11.0,32
2024-05-07 14:00:00+00:00,15.3,9.5,37
2024-05-07 15:00:00+00:00,15.6,8.9,32
2024-05-07 16:00:00+00:00,15.5,9.6,34
2024-05-07 17:00:00+00:00,15.2,9.7,51
2024-05-07 18:00:00+00:00,15.0,7.9,66
2024-05-07 19:00:00+00:00,13.3,6.0,73
2024-05-07 20:00:00+00:00,11.0,9.4,94
2024-05-07 21:00:00+00:00,10.1,6.8,115
2024-05-07 22:00:00+00:00,8.5,7.4,166
2024-05-07 23:00:00+00:00,8.6,5.8,210
2024-05-08 00:00:00+00:00,8.1,5.6,230
2024-05-08 01:00:00+00:00,8.4,6.2,234
2024-05-08 02:00:00+00:00,7.8,7.1,225
2024-05-08 03:00:00+00:00,7.3,7.4,219
2024-05-08 04:00:00+00:00,7.7,6.0,213
2024-05-08 05:00:00+00:00,8.6,6.6,221
2024-05-08 06:00:00+00:00,10.4,8.6,213
2024-05-08 07:00:00+00:00,11.2,8.4,205
2024-05-08 08:00:00+00:00,13.1,9.6,193
2024-05-08 09:00:00+00:00,15.1,13.0,186
2024-05-08 10:00:00+00:00,16.4,16.9,192
2024-05-08 11:00:00+00:00,17.2,18.8,197
2024-05-08 12:00:00+00:00,17.8,18.0,200
2024-05-08 13:00:00+00:00,18.1,20.1,207
2024-05-08 14:00:00+00:00,18.4,18.0,213
2024-05-08 15:00:00+00:00,19.1,16.6,214
2024-05-08 16:00:00+00:00,18.9,17.4,230
2024-05-08 17:00:00+00:00,18.3,15.0,246
2024-05-08 18:00:00+00:00,17.5,10.9,264
2024-05-08 19:00:00+00:00,15.7,7.3,281
2024-05-08 20:00:00+00:00,12.7,6.2,291
2024-05-08 21:00:00+00:00,11.3,5.6,285
2024-05-08 22:00:00+00:00,11.4,4.0,280
2024-05-08 23:00:00+00:00,11.0,3.4,252
2024-05-09 00:00:00+00:00,11.3,4.2,239
2024-05-09 01:00:00+00:00,11.5,2.7,247
2024-05-09 02:00:00+00:00,10.9,2.7,247
2024-05-09 03:00:00+00:00,10.6,2.8,230
2024-05-09 04:00:00+00:00,9.5,3.7,259
2024-05-09 05:00:00+00:00,9.5,3.6,264
2024-05-09 06:00:00+00:00,11.4,4.9,234
2024-05-09 07:00:00+00:00,13.0,3.9,248
2024-05-09 08:00:00+00:00,14.3,1.3,236
2024-05-09 09:00:00+00:00,15.6,0.8,243
2024-05-09 10:00:00+00:00,17.5,2.9,353
2024-05-09 11:00:00+00:00,18.5,3.1,324
2024-05-09 12:00:00+00:00,19.2,1.8,307
2024-05-09 13:00:00+00:00,20.1,4.7,266
2024-05-09 14:00:00+00:00,20.6,5.8,300
2024-05-09 15:00:00+00:00,20.1,7.3,327
2024-05-09 16:00:00+00:00,19.6,7.4,331
2024-05-09 17:00:00+00:00,19.3,5.8,330
2024-05-09 18:00:00+00:00,19.0,6.0,343
2024-05-09 19:00:00+00:00,16.9,5.4,352
2024-05-09 20:00:00+00:00,14.1,7.3,340
2024-05-09 21:00:00+00:00,13.6,4.8,312
2024-05-09 22:00:00+00:00,12.9,4.3,294
2024-05-09 23:00:00+00:00,11.9,1.8,270
2024-05-10 00:00:00+00:00,12.9,1.8,270
2024-05-10 01:00:00+00:00,16.1,2.9,210
2024-05-10 02:00:00+00:00,15.5,4.1,128
2024-05-10 03:00:00+00:00,14.1,5.1,135
2024-05-10 04:00:00+00:00,13.5,2.5,225
2024-05-10 05:00:00+00:00,12.8,3.5,246
2024-05-10 06:00:00+00:00,14.3,4.3,222
2024-05-10 07:00:00+00:00,15.8,4.3,185
2024-05-10 08:00:00+00:00,17.0,5.9,166
2024-05-10 09:00:00+00:00,18.0,7.6,155
2024-05-10 10:00:00+00:00,18.9,10.1,153
2024-05-10 11:00:00+00:00,19.7,11.0,157
2024-05-10 12:00:00+00:00,20.5,10.6,162
2024-05-10 13:00:00+00:00,21.1,9.4,180
2024-05-10 14:00:00+00:00,21.3,9.4,176
2024-05-10 15:00:00+00:00,21.2,9.5,171
2024-05-10 16:00:00+00:00,21.1,9.0,164
2024-05-10 17:00:00+00:00,20.3,7.9,164
2024-05-10 18:00:00+00:00,20.3,4.3,156
2024-05-10 19:00:00+00:00,18.9,4.5,119
2024-05-10 20:00:00+00:00,16.6,8.4,115
2024-05-10 21:00:00+00:00,15.1,7.2,143
2024-05-10 22:00:00+00:00,13.0,7.3,171
2024-05-10 23:00:00+00:00,11.9,8.1,193
2024-05-11 00:00:00+00:00,11.4,8.7,210
2024-05-11 01:00:00+00:00,11.6,7.7,217
2024-05-11 02:00:00+00:00,11.2,7.4,231
2024-05-11 03:00:00+00:00,10.7,7.9,227
2024-05-11 04:00:00+00:00,10.0,8.0,216
2024-05-11 05:00:00+00:00,10.7,6.2,201
2024-05-11 06:00:00+00:00,12.8,5.8,173
2024-05-11 07:00:00+00:00,14.1,5.2,155
2024-05-11 08:00:00+00:00,15.5,5.9,137
2024-05-11 09:00:00+00:00,16.7,8.7,128
2024-05-11 10:00:00+00:00,17.6,10.5,128
2024-05-11 11:00:00+00:00,18.5,12.1,127
2024-05-11 12:00:00+00:00,19.3,13.6,127
2024-05-11 13:00:00+00:00,20.2,16.5,134
2024-05-11 14:00:00+00:00,19.9,16.1,138
2024-05-11 15:00:00+00:00,19.5,15.6,142
2024-05-11 16:00:00+00:00,19.7,15.3,139
2024-05-11 17:00:00+00:00,19.2,15.4,127
2024-05-11 18:00:00+00:00,18.5,14.5,120
2024-05-11 19:00:00+00:00,17.0,16.1,110
2024-05-11 20:00:00+00:00,14.5,10.4,104
2024-05-11 21:00:00+00:00,13.1,5.8,97
2024-05-11 22:00:00+00:00,12.1,4.4,99
2024-05-11 23:00:00+00:00,11.0,6.6,103
2024-05-12 00:00:00+00:00,10.7,6.2,111
2024-05-12 01:00:00+00:00,10.2,5.2,78
2024-05-12 02:00:00+00:00,10.1,4.3,66
2024-05-12 03:00:00+00:00,9.2,4.6,45
2024-05-12 04:00:00+00:00,8.6,5.1,39
2024-05-12 05:00:00+00:00,9.6,3.1,21
2024-05-12 06:00:00+00:00,11.3,5.3,28
2024-05-12 07:00:00+00:00,12.8,5.1,39
2024-05-12 08:00:00+00:00,14.3,5.9,47
2024-05-12 09:00:00+00:00,15.8,7.9,60
2024-05-12 10:00:00+00:00,17.3,10.0,77
2024-05-12 11:00:00+00:00,18.6,11.9,87
2024-05-12 12:00:00+00:00,20.2,12.7,97
2024-05-12 13:00:00+00:00,21.1,13.4,110
2024-05-12 14:00:00+00:00,21.2,15.0,134
2024-05-12 15:00:00+00:00,21.6,16.9,140
2024-05-12 16:00:00+00:00,21.7,16.3,137
2024-05-12 17:00:00+00:00,21.4,17.1,141
2024-05-12 18:00:00+00:00,20.7,12.8,148
2024-05-12 19:00:00+00:00,19.2,10.9,146
2024-05-12 20:00:00+00:00,17.9,11.4,145
2024-05-12 21:00:00+00:00,17.2,12.4,154
2024-05-12 22:00:00+00:00,15.5,9.0,164
2024-05-12 23:00:00+00:00,14.0,6.8,177
2024-05-13 00:00:00+00:00,13.1,6.2,190
2024-05-13 01:00:00+00:00,12.9,5.7,215
2024-05-13 02:00:00+00:00,12.7,6.9,223
2024-05-13 03:00:00+00:00,13.1,10.2,222
2024-05-13 04:00:00+00:00,13.4,9.3,216
2024-05-13 05:00:00+00:00,13.6,11.9,215
2024-05-13 06:00:00+00:00,13.4,14.3,214
2024-05-13 07:00:00+00:00,13.9,14.0,206
2024-05-13 08:00:00+00:00,15.1,17.7,185
2024-05-13 09:00:00+00:00,16.3,19.9,174
2024-05-13 10:00:00+00:00,16.5,20.3,174
2024-05-13 11:00:00+00:00,18.2,26.4,174
2024-05-13 12:00:00+00:00,18.6,28.1,171
2024-05-13 13:00:00+00:00,18.2,28.0,173
2024-05-13 14:00:00+00:00,18.0,27.2,165
2024-05-13 15:00:00+00:00,18.2,27.9,165
2024-05-13 16:00:00+00:00,18.2,26.0,163
2024-05-13 17:00:00+00:00,18.0,24.9,160
2024-05-13 18:00:00+00:00,17.3,20.5,162
2024-05-13 19:00:00+00:00,16.4,21.1,160
2024-05-13 20:00:00+00:00,15.4,19.7,159
2024-05-13 21:00:00+00:00,15.0,18.4,154
2024-05-13 22:00:00+00:00,14.8,17.1,155
2024-05-13 23:00:00+00:00,14.7,15.1,152
2024-05-14 00:00:00+00:00,14.5,12.8,142
2024-05-14 01:00:00+00:00,14.2,12.8,122
2024-05-14 02:00:00+00:00,13.5,12.9,117
2024-05-14 03:00:00+00:00,13.3,12.2,118
2024-05-14 04:00:00+00:00,13.3,13.1,111
2024-05-14 05:00:00+00:00,13.3,12.2,109
2024-05-14 06:00:00+00:00,13.5,12.5,102
2024-05-14 07:00:00+00:00,13.8,14.0,119
2024-05-14 08:00:00+00:00,14.2,13.7,117
2024-05-14 09:00:00+00:00,14.8,14.6,123
2024-05-14 10:00:00+00:00,14.8,16.3,133
2024-05-14 11:00:00+00:00,14.9,15.5,149
2024-05-14 12:00:00+00:00,15.9,16.7,161
2024-05-14 13:00:00+00:00,15.3,15.0,163
2024-05-14 14:00:00+00:00,16.1,17.7,160
2024-05-14 15:00:00+00:00,15.7,20.5,156
2024-05-14 16:00:00+00:00,15.5,19.3,156
2024-05-14 17:00:00+00:00,15.4,18.5,151
2024-05-14 18:00:00+00:00,15.0,17.7,147
2024-05-14 19:00:00+00:00,14.5,14.1,142
2024-05-14 20:00:00+00:00,13.6,12.5,136
2024-05-14 21:00:00+00:00,13.2,12.3,140
2024-05-14 22:00:00+00:00,12.9,12.3,142
2024-05-14 23:00:00+00:00,12.6,10.9,136
2024-05-15 00:00:00+00:00,12.5,9.9,136
2024-05-15 01:00:00+00:00,12.0,6.4,137
2024-05-15 02:00:00+00:00,12.2,5.8,120
2024-05-15 03:00:00+00:00,12.0,7.0,111
2024-05-15 04:00:00+00:00,12.0,9.9,109
2024-05-15 05:00:00+00:00,12.2,10.1,107
2024-05-15 06:00:00+00:00,12.4,12.7,125
2024-05-15 07:00:00+00:00,12.9,10.9,124
2024-05-15 08:00:00+00:00,13.9,11.8,110
2024-05-15 09:00:00+00:00,15.1,12.9,103
2024-05-15 10:00:00+00:00,14.9,12.2,109
2024-05-15 11:00:00+00:00,15.6,13.3,109
2024-05-15 12:00:00+00:00,14.4,12.4,112
2024-05-15 13:00:00+00:00,16.0,10.9,117
2024-05-15 14:00:00+00:00,16.7,12.8,100
2024-05-15 15:00:00+00:00,15.0,13.5,138
2024-05-15 16:00:00+00:00,14.8,2.6,106
2024-05-15 17:00:00+00:00,15.8,10.9,107
2024-05-15 18:00:00+00:00,14.5,7.7,139
2024-05-15 19:00:00+00:00,14.3,4.3,85
2024-05-15 20:00:00+00:00,12.4,6.5,71
2024-05-15 21:00:00+00:00,12.9,5.0,120
2024-05-15 22:00:00+00:00,12.9,3.6,90
2024-05-15 23:00:00+00:00,12.0,4.7,58
2024-05-16 00:00:00+00:00,11.4,4.3,24
2024-05-16 01:00:00+00:00,12.7,2.1,31
2024-05-16 02:00:00+00:00,12.7,6.5,19
2024-05-16 03:00:00+00:00,12.4,8.0,27
2024-05-16 04:00:00+00:00,12.2,6.4,27
2024-05-16 05:00:00+00:00,12.1,7.0,12
2024-05-16 06:00:00+00:00,12.3,9.0,16
2024-05-16 07:00:00+00:00,12.3,10.4,14
2024-05-16 08:00:00+00:00,12.8,11.7,18
2024-05-16 09:00:00+00:00,13.7,12.3,15
2024-05-16 10:00:00+00:00,14.9,12.1,17
2024-05-16 11:00:00+00:00,14.4,9.4,7
2024-05-16 12:00:00+00:00,14.5,10.5,16
2024-05-16 13:00:00+00:00,15.8,14.5,7
2024-05-16 14:00:00+00:00,15.3,12.6,5
2024-05-16 15:00:00+00:00,15.8,11.2,354
2024-05-16 16:00:00+00:00,16.3,16.9,20
2024-05-16 17:00:00+00:00,15.6,19.9,49
2024-05-16 18:00:00+00:00,15.4,15.6,52
2024-05-16 19:00:00+00:00,14.7,9.9,44
2024-05-16 20:00:00+00:00,14.2,10.3,36
2024-05-16 21:00:00+00:00,13.6,12.2,43
2024-05-16 22:00:00+00:00,13.2,10.0,41
2024-05-16 23:00:00+00:00,12.7,8.8,35
2024-05-17 00:00:00+00:00,12.3,8.4,31
2024-05-17 01:00:00+00:00,11.9,5.9,38
2024-05-17 02:00:00+00:00,11.7,6.2,21
2024-05-17 03:00:00+00:00,11.6,5.7,18
2024-05-17 04:00:00+00:00,11.6,4.3,24
2024-05-17 05:00:00+00:00,11.7,3.5,24
2024-05-17 06:00:00+00:00,12.1,2.5,82
2024-05-17 07:00:00+00:00,12.7,5.9,142
2024-05-17 08:00:00+00:00,14.2,5.4,180
2024-05-17 09:00:00+00:00,15.7,5.4,180
2024-05-17 10:00:00+00:00,16.9,7.0,168
2024-05-17 11:00:00+00:00,17.3,6.2,170
2024-05-17 12:00:00+00:00,18.7,5.8,184
2024-05-17 13:00:00+00:00,19.0,6.5,174
2024-05-17 14:00:00+00:00,19.2,6.5,183
2024-05-17 15:00:00+00:00,19.3,2.7,247
2024-05-17 16:00:00+00:00,18.5,7.6,335
2024-05-17 17:00:00+00:00,17.3,12.0,351
2024-05-17 18:00:00+00:00,17.3,8.1,13
2024-05-17 19:00:00+00:00,16.9,5.7,18
2024-05-17 20:00:00+00:00,15.4,5.8,356
2024-05-17 21:00:00+00:00,13.9,5.8,22
2024-05-17 22:00:00+00:00,12.7,6.3,59
2024-05-17 23:00:00+00:00,11.6,4.4,325
2024-05-18 00:00:00+00:00,11.9,6.3,336
2024-05-18 01:00:00+00:00,12.1,6.1,360
2024-05-18 02:00:00+00:00,12.4,9.0,358
2024-05-18 03:00:00+00:00,12.3,11.5,356
2024-05-18 04:00:00+00:00,12.2,12.1,348
2024-05-18 05:00:00+00:00,11.9,12.2,346
2024-05-18 06:00:00+00:00,11.9,14.1,356
2024-05-18 07:00:00+00:00,12.2,15.8,1
2024-05-18 08:00:00+00:00,13.0,17.2,11
2024-05-18 09:00:00+00:00,14.2,16.5,10
2024-05-18 10:00:00+00:00,15.6,15.3,15
2024-05-18 11:00:00+00:00,17.0,15.6,29
2024-05-18 12:00:00+00:00,18.3,15.2,36
2024-05-18 13:00:00+00:00,18.4,13.7,45
2024-05-18 14:00:00+00:00,19.4,12.7,55
2024-05-18 15:00:00+00:00,20.1,13.5,61
2024-05-18 16:00:00+00:00,20.2,13.5,56
2024-05-18 17:00:00+00:00,19.5,12.2,45
2024-05-18 18:00:00+00:00,18.9,11.2,40
2024-05-18 19:00:00+00:00,17.4,11.5,41
2024-05-18 20:00:00+00:00,15.2,11.3,37
2024-05-18 21:00:00+00:00,13.2,10.2,18
2024-05-18 22:00:00+00:00,12.0,10.2,10
2024-05-18 23:00:00+00:00,11.3,11.9,2
2024-05-19 00:00:00+00:00,10.8,15.2,355
2024-05-19 01:00:00+00:00,10.8,16.8,351
2024-05-19 02:00:00+00:00,10.3,17.3,348
2024-05-19 03:00:00+00:00,10.1,17.3,348
2024-05-19 04:00:00+00:00,9.7,17.2,349
2024-05-19 05:00:00+00:00,9.9,16.7,353
2024-05-19 06:00:00+00:00,10.8,15.9,356
2024-05-19 07:00:00+00:00,12.0,15.8,1
2024-05-19 08:00:00+00:00,13.3,16.3,8
2024-05-19 09:00:00+00:00,14.7,15.5,12
2024-05-19 10:00:00+00:00,16.1,14.6,16
2024-05-19 11:00:00+00:00,17.2,14.6,20
2024-05-19 12:00:00+00:00,18.1,14.7,25
2024-05-19 13:00:00+00:00,18.2,12.7,29
2024-05-19 14:00:00+00:00,18.6,12.0,33
2024-05-19 15:00:00+00:00,18.8,12.4,36
2024-05-19 16:00:00+00:00,18.7,12.5,39
2024-05-19 17:00:00+00:00,18.2,12.7,47
2024-05-19 18:00:00+00:00,17.3,13.6,53
2024-05-19 19:00:00+00:00,15.7,13.0,66
2024-05-19 20:00:00+00:00,13.5,10.9,73
2024-05-19 21:00:00+00:00,11.7,7.8,68
2024-05-19 22:00:00+00:00,10.8,6.5,56
2024-05-19 23:00:00+00:00,10.3,6.2,54
2024-05-20 00:00:00+00:00,10.0,7.7,41
2024-05-20 01:00:00+00:00,10.3,12.5,33
2024-05-20 02:00:00+00:00,10.2,12.2,24
2024-05-20 03:00:00+00:00,10.0,13.2,22
2024-05-20 04:00:00+00:00,10.1,13.0,28
2024-05-20 05:00:00+00:00,10.5,13.5,34
2024-05-20 06:00:00+00:00,10.9,14.3,41
2024-05-20 07:00:00+00:00,11.2,14.0,46
2024-05-20 08:00:00+00:00,11.7,14.3,47
2024-05-20 09:00:00+00:00,12.1,14.1,50
2024-05-20 10:00:00+00:00,12.7,13.3,52
2024-05-20 11:00:00+00:00,13.7,12.8,52
2024-05-20 12:00:00+00:00,14.7,12.5,51
2024-05-20 13:00:00+00:00,13.9,13.1,53
2024-05-20 14:00:00+00:00,14.5,12.6,53
2024-05-20 15:00:00+00:00,14.7,12.3,52
2024-05-20 16:00:00+00:00,15.0,12.1,60
2024-05-20 17:00:00+00:00,14.9,12.4,60
2024-05-20 18:00:00+00:00,14.7,12.1,63
2024-05-20 19:00:00+00:00,14.0,11.8,63
2024-05-20 20:00:00+00:00,12.0,8.5,62
2024-05-20 21:00:00+00:00,10.5,7.7,53
2024-05-20 22:00:00+00:00,9.5,6.1,45
2024-05-20 23:00:00+00:00,8.8,6.5,19
2024-05-21 00:00:00+00:00,8.6,9.1,7
2024-05-21 01:00:00+00:00,8.7,9.5,11
2024-05-21 02:00:00+00:00,8.5,10.9,6
2024-05-21 03:00:00+00:00,8.8,13.0,360
2024-05-21 04:00:00+00:00,8.2,13.3,358
2024-05-21 05:00:00+00:00,8.4,13.3,357
2024-05-21 06:00:00+00:00,9.3,13.8,6
2024-05-21 07:00:00+00:00,10.5,14.0,360
2024-05-21 08:00:00+00:00,12.0,12.1,12
2024-05-21 09:00:00+00:00,13.1,11.1,13
2024-05-21 10:00:00+00:00,14.9,13.0,34
2024-05-21 11:00:00+00:00,15.2,10.2,39
2024-05-21 12:00:00+00:00,15.4,8.7,42
2024-05-21 13:00:00+00:00,15.2,8.1,45
2024-05-21 14:00:00+00:00,15.7,8.4,40
2024-05-21 15:00:00+00:00,16.2,9.3,36
2024-05-21 16:00:00+00:00,16.5,8.2,41
2024-05-21 17:00:00+00:00,16.6,8.4,40
2024-05-21 18:00:00+00:00,16.4,9.5,37
2024-05-21 19:00:00+00:00,15.2,10.6,35
2024-05-21 20:00:00+00:00,13.9,8.3,360
2024-05-21 21:00:00+00:00,13.5,10.8,2
2024-05-21 22:00:00+00:00,13.5,9.0,23
2024-05-21 23:00:00+00:00,13.2,10.1,27
2024-05-22 00:00:00+00:00,13.1,10.8,21
2024-05-22 01:00:00+00:00,13.2,10.5,354
2024-05-22 02:00:00+00:00,12.9,12.6,355
2024-05-22 03:00:00+00:00,12.4,14.1,347
2024-05-22 04:00:00+00:00,12.2,14.8,346
2024-05-22 05:00:00+00:00,12.2,16.2,343
2024-05-22 06:00:00+00:00,12.2,16.7,341
2024-05-22 07:00:00+00:00,12.4,17.1,335
2024-05-22 08:00:00+00:00,12.6,18.3,324
2024-05-22 09:00:00+00:00,13.1,16.4,320
2024-05-22 10:00:00+00:00,13.4,15.1,310
2024-05-22 11:00:00+00:00,13.5,14.6,286
2024-05-22 12:00:00+00:00,13.7,16.5,281
2024-05-22 13:00:00+00:00,13.8,19.8,289
2024-05-22 14:00:00+00:00,13.9,22.7,288
2024-05-22 15:00:00+00:00,14.6,27.1,284
2024-05-22 16:00:00+00:00,13.9,27.4,273
2024-05-22 17:00:00+00:00,13.8,26.3,273
2024-05-22 18:00:00+00:00,13.7,24.1,270
2024-05-22 19:00:00+00:00,13.0,21.6,267
2024-05-22 20:00:00+00:00,12.8,24.2,267
2024-05-22 21:00:00+00:00,12.8,27.4,267
2024-05-22 22:00:00+00:00,12.5,28.7,263
2024-05-22 23:00:00+00:00,12.3,28.9,259
2024-05-23 00:00:00+00:00,12.2,31.7,261
2024-05-23 01:00:00+00:00,11.7,29.9,255
2024-05-23 02:00:00+00:00,11.5,30.0,257
2024-05-23 03:00:00+00:00,11.1,28.7,258
2024-05-23 04:00:00+00:00,10.8,28.9,256
2024-05-23 05:00:00+00:00,10.7,28.3,255
2024-05-23 06:00:00+00:00,10.7,27.6,258
2024-05-23 07:00:00+00:00,10.7,26.8,255
2024-05-23 08:00:00+00:00,10.8,27.6,255
2024-05-23 09:00:00+00:00,11.0,26.9,252
2024-05-23 10:00:00+00:00,11.6,31.8,260
2024-05-23 11:00:00+00:00,11.8,30.8,259
2024-05-23 12:00:00+00:00,12.4,31.0,261
2024-05-23 13:00:00+00:00,12.1,29.7,259
2024-05-23 14:00:00+00:00,12.3,31.2,256
2024-05-23 15:00:00+00:00,12.2,28.6,256
2024-05-23 16:00:00+00:00,12.1,27.3,254
2024-05-23 17:00:00+00:00,11.4,25.9,254
2024-05-23 18:00:00+00:00,11.3,27.0,257
2024-05-23 19:00:00+00:00,11.0,24.8,257
2024-05-23 20:00:00+00:00,10.9,23.7,260
2024-05-23 21:00:00+00:00,10.8,23.2,263
2024-05-23 22:00:00+00:00,10.7,22.5,264
2024-05-23 23:00:00+00:00,10.7,20.4,261
2024-05-24 00:00:00+00:00,10.7,18.4,259
2024-05-24 01:00:00+00:00,10.1,16.1,246
2024-05-24 02:00:00+00:00,10.0,17.1,245
2024-05-24 03:00:00+00:00,9.9,18.0,254
2024-05-24 04:00:00+00:00,9.7,16.6,252
2024-05-24 05:00:00+00:00,9.8,15.0,246
2024-05-24 06:00:00+00:00,10.1,16.8,255
2024-05-24 07:00:00+00:00,10.5,15.8,258
2024-05-24 08:00:00+00:00,11.2,14.1,257
2024-05-24 09:00:00+00:00,12.0,11.6,244
2024-05-24 10:00:00+00:00,12.3,10.7,237
2024-05-24 11:00:00+00:00,13.2,11.0,229
2024-05-24 12:00:00+00:00,13.6,12.2,225
2024-05-24 13:00:00+00:00,13.4,12.0,224
2024-05-24 14:00:00+00:00,13.9,12.4,216
2024-05-24 15:00:00+00:00,14.0,12.4,216
2024-05-24 16:00:00+00:00,13.9,11.7,214
2024-05-24 17:00:00+00:00,13.5,10.7,213
2024-05-24 18:00:00+00:00,13.3,9.2,219
2024-05-24 19:00:00+00:00,13.1,7.2,217
2024-05-24 20:00:00+00:00,12.5,4.2,211
2024-05-24 21:00:00+00:00,11.8,4.0,190
2024-05-24 22:00:00+00:00,11.1,4.7,212
2024-05-24 23:00:00+00:00,10.8,5.5,191
2024-05-25 00:00:00+00:00,10.1,5.9,191
2024-05-25 01:00:00+00:00,8.3,7.0,201
2024-05-25 02:00:00+00:00,7.7,7.8,202
2024-05-25 03:00:00+00:00,8.4,7.0,192
2024-05-25 04:00:00+00:00,9.6,5.8,210
2024-05-25 05:00:00+00:00,8.6,4.6,231
2024-05-25 06:00:00+00:00,10.9,2.6,164
2024-05-25 07:00:00+00:00,12.3,3.9,112
2024-05-25 08:00:00+00:00,13.7,4.0,95
2024-05-25 09:00:00+00:00,15.0,6.8,87
2024-05-25 10:00:00+00:00,16.1,10.9,84
2024-05-25 11:00:00+00:00,16.1,14.8,90
2024-05-25 12:00:00+00:00,15.3,16.2,91
2024-05-25 13:00:00+00:00,15.4,17.0,95
2024-05-25 14:00:00+00:00,14.2,15.9,93
2024-05-25 15:00:00+00:00,13.8,14.8,91
2024-05-25 16:00:00+00:00,13.5,15.1,91
2024-05-25 17:00:00+00:00,13.7,13.9,100
2024-05-25 18:00:00+00:00,13.3,12.6,95
2024-05-25 19:00:00+00:00,12.9,12.1,100
2024-05-25 20:00:00+00:00,12.6,9.6,103
2024-05-25 21:00:00+00:00,12.5,7.7,101
2024-05-25 22:00:00+00:00,12.3,6.6,103
2024-05-25 23:00:00+00:00,12.3,6.3,114
2024-05-26 00:00:00+00:00,12.0,7.2,127
2024-05-26 01:00:00+00:00,11.7,5.1,129
2024-05-26 02:00:00+00:00,11.5,5.6,135
2024-05-26 03:00:00+00:00,11.5,7.4,141
2024-05-26 04:00:00+00:00,11.5,7.8,158
2024-05-26 05:00:00+00:00,11.6,3.3,139
2024-05-26 06:00:00+00:00,11.7,6.0,155
2024-05-26 07:00:00+00:00,11.8,4.8,138
2024-05-26 08:00:00+00:00,12.2,10.7,135
2024-05-26 09:00:00+00:00,12.4,13.0,132
2024-05-26 10:00:00+00:00,13.4,15.0,136
2024-05-26 11:00:00+00:00,14.3,13.4,144
2024-05-26 12:00:00+00:00,13.6,17.4,158
2024-05-26 13:00:00+00:00,14.5,8.2,203
2024-05-26 14:00:00+00:00,16.6,7.6,188
2024-05-26 15:00:00+00:00,16.1,11.7,198
2024-05-26 16:00:00+00:00,15.8,12.8,218
2024-05-26 17:00:00+00:00,16.4,15.8,227
2024-05-26 18:00:00+00:00,15.0,17.0,238
2024-05-26 19:00:00+00:00,13.8,12.0,237
2024-05-26 20:00:00+00:00,12.5,10.2,231
2024-05-26 21:00:00+00:00,11.7,10.2,231
2024-05-26 22:00:00+00:00,11.3,13.3,232
2024-05-26 23:00:00+00:00,10.6,16.0,234
2024-05-27 00:00:00+00:00,10.3,15.3,231
2024-05-27 01:00:00+00:00,10.0,17.1,228
2024-05-27 02:00:00+00:00,9.6,17.3,227
2024-05-27 03:00:00+00:00,9.7,17.3,228
2024-05-27 04:00:00+00:00,9.8,16.3,225
2024-05-27 05:00:00+00:00,10.3,18.8,227
2024-05-27 06:00:00+00:00,10.9,20.7,231
2024-05-27 07:00:00+00:00,11.6,22.4,240
2024-05-27 08:00:00+00:00,12.5,20.7,247
2024-05-27 09:00:00+00:00,13.2,17.3,247
2024-05-27 10:00:00+00:00,13.9,16.9,246
2024-05-27 11:00:00+00:00,13.8,16.3,242
2024-05-27 12:00:00+00:00,14.6,14.9,250
2024-05-27 13:00:00+00:00,13.7,20.0,252
2024-05-27 14:00:00+00:00,14.8,16.5,259
2024-05-27 15:00:00+00:00,14.9,13.6,258
2024-05-27 16:00:00+00:00,13.1,14.5,251
2024-05-27 17:00:00+00:00,13.9,12.7,255
2024-05-27 18:00:00+00:00,13.5,11.6,244
2024-05-27 19:00:00+00:00,12.9,8.1,238
2024-05-27 20:00:00+00:00,10.7,6.1,230
2024-05-27 21:00:00+00:00,9.2,6.2,234
2024-05-27 22:00:00+00:00,8.7,5.4,233
2024-05-27 23:00:00+00:00,8.4,6.1,225
2024-05-28 00:00:00+00:00,8.1,6.6,225
2024-05-28 01:00:00+00:00,8.2,6.7,216
2024-05-28 02:00:00+00:00,8.2,7.6,211
2024-05-28 03:00:00+00:00,8.3,9.2,201
2024-05-28 04:00:00+00:00,8.8,10.9,197
2024-05-28 05:00:00+00:00,9.8,12.8,190
2024-05-28 06:00:00+00:00,10.7,15.7,191
2024-05-28 07:00:00+00:00,11.6,18.4,186
2024-05-28 08:00:00+00:00,11.5,17.3,179
2024-05-28 09:00:00+00:00,11.9,17.2,170
2024-05-28 10:00:00+00:00,12.7,16.6,176
2024-05-28 11:00:00+00:00,13.0,17.8,166
2024-05-28 12:00:00+00:00,13.6,19.1,176
2024-05-28 13:00:00+00:00,15.5,18.1,185
2024-05-28 14:00:00+00:00,16.7,19.8,207
2024-05-28 15:00:00+00:00,16.5,24.0,221
2024-05-28 16:00:00+00:00,16.9,22.0,230
2024-05-28 17:00:00+00:00,16.7,20.4,234
2024-05-28 18:00:00+00:00,16.2,19.0,243
2024-05-28 19:00:00+00:00,15.5,19.5,236
2024-05-28 20:00:00+00:00,14.6,18.6,234
2024-05-28 21:00:00+00:00,13.4,20.8,236
2024-05-28 22:00:00+00:00,13.4,23.6,236
2024-05-28 23:00:00+00:00,13.0,22.1,258
2024-05-29 00:00:00+00:00,13.0,22.6,262
2024-05-29 01:00:00+00:00,12.0,20.4,261
2024-05-29 02:00:00+00:00,11.9,20.1,255
2024-05-29 03:00:00+00:00,11.7,23.2,254
2024-05-29 04:00:00+00:00,11.6,23.9,258
2024-05-29 05:00:00+00:00,11.8,23.1,265
2024-05-29 06:00:00+00:00,12.0,21.6,271
2024-05-29 07:00:00+00:00,12.5,21.7,276
2024-05-29 08:00:00+00:00,14.2,25.5,278
2024-05-29 09:00:00+00:00,14.6,25.5,279
2024-05-29 10:00:00+00:00,14.9,23.4,274
2024-05-29 11:00:00+00:00,15.3,24.0,279
2024-05-29 12:00:00+00:00,15.9,24.0,278
2024-05-29 13:00:00+00:00,15.1,27.4,271
2024-05-29 14:00:00+00:00,15.2,27.0,272
2024-05-29 15:00:00+00:00,15.6,28.6,275
2024-05-29 16:00:00+00:00,15.5,27.4,280
2024-05-29 17:00:00+00:00,13.8,24.7,278
2024-05-29 18:00:00+00:00,13.4,27.2,281
2024-05-29 19:00:00+00:00,13.3,26.5,285
2024-05-29 20:00:00+00:00,12.8,27.3,286
2024-05-29 21:00:00+00:00,12.4,27.3,288
2024-05-29 22:00:00+00:00,11.7,26.3,287
2024-05-29 23:00:00+00:00,11.2,26.2,286
2024-05-30 00:00:00+00:00,10.9,25.7,288
2024-05-30 01:00:00+00:00,10.9,26.8,287
2024-05-30 02:00:00+00:00,11.0,25.3,293
2024-05-30 03:00:00+00:00,10.8,24.5,292
2024-05-30 04:00:00+00:00,10.6,23.7,296
2024-05-30 05:00:00+00:00,10.9,22.6,301
2024-05-30 06:00:00+00:00,11.8,20.9,314
2024-05-30 07:00:00+00:00,12.6,19.8,327
2024-05-30 08:00:00+00:00,13.3,16.8,325
2024-05-30 09:00:00+00:00,14.0,19.7,332
2024-05-30 10:00:00+00:00,15.4,22.7,333
2024-05-30 11:00:00+00:00,15.6,22.8,325
2024-05-30 12:00:00+00:00,16.8,24.5,332
2024-05-30 13:00:00+00:00,15.3,23.8,342
2024-05-30 14:00:00+00:00,15.1,20.9,345
2024-05-30 15:00:00+00:00,15.4,21.8,347
2024-05-30 16:00:00+00:00,14.5,18.5,352
2024-05-30 17:00:00+00:00,14.2,16.2,360
2024-05-30 18:00:00+00:00,13.7,19.2,355
2024-05-30 19:00:00+00:00,13.5,19.8,359
2024-05-30 20:00:00+00:00,13.3,20.8,351
2024-05-30 21:00:00+00:00,12.7,21.4,353
2024-05-30 22:00:00+00:00,12.2,20.1,350
2024-05-30 23:00:00+00:00,11.6,19.4,345
2024-05-31 00:00:00+00:00,11.1,21.9,340
2024-05-31 01:00:00+00:00,10.9,24.8,341
2024-05-31 02:00:00+00:00,10.5,24.7,341
2024-05-31 03:00:00+00:00,10.1,23.7,343
2024-05-31 04:00:00+00:00,10.0,25.0,345
2024-05-31 05:00:00+00:00,10.0,25.4,344
2024-05-31 06:00:00+00:00,10.7,24.9,346
2024-05-31 07:00:00+00:00,11.4,31.3,352
2024-05-31 08:00:00+00:00,12.0,31.6,352
2024-05-31 09:00:00+00:00,12.5,29.5,2
2024-05-31 10:00:00+00:00,13.0,27.1,5
2024-05-31 11:00:00+00:00,13.2,26.4,6
2024-05-31 12:00:00+00:00,13.9,26.0,10
2024-05-31 13:00:00+00:00,13.3,23.9,6
2024-05-31 14:00:00+00:00,13.8,23.1,4
2024-05-31 15:00:00+00:00,14.2,23.4,4
2024-05-31 16:00:00+00:00,14.6,22.4,6
2024-05-31 17:00:00+00:00,14.5,23.3,8
2024-05-31 18:00:00+00:00,13.8,21.5,14
2024-05-31 19:00:00+00:00,12.8,18.3,10
2024-05-31 20:00:00+00:00,11.4,13.3,2
2024-05-31 21:00:00+00:00,10.5,13.0,354
2024-05-31 22:00:00+00:00,10.1,13.6,348
2024-05-31 23:00:00+00:00,9.8,15.3,352
2024-06-01 00:00:00+00:00,9.5,14.7,349
2024-06-01 01:00:00+00:00,9.4,16.9,348
2024-06-01 02:00:00+00:00,9.3,17.6,349
2024-06-01 03:00:00+00:00,9.3,17.6,349
2024-06-01 04:00:00+00:00,9.2,16.3,346
2024-06-01 05:00:00+00:00,9.9,18.1,347
2024-06-01 06:00:00+00:00,11.0,21.3,355
2024-06-01 07:00:00+00:00,11.8,25.2,360
2024-06-01 08:00:00+00:00,12.9,24.9,3
2024-06-01 09:00:00+00:00,13.4,24.9,5
2024-06-01 10:00:00+00:00,13.7,24.2,5
2024-06-01 11:00:00+00:00,13.9,24.3,8
2024-06-01 12:00:00+00:00,14.5,23.4,11
2024-06-01 13:00:00+00:00,14.5,22.4,11
2024-06-01 14:00:00+00:00,14.8,21.1,8
2024-06-01 15:00:00+00:00,15.2,21.0,5
2024-06-01 16:00:00+00:00,15.3,19.2,8
2024-06-01 17:00:00+00:00,15.2,18.2,9
2024-06-01 18:00:00+00:00,14.7,17.2,11
2024-06-01 19:00:00+00:00,13.9,13.2,17
2024-06-01 20:00:00+00:00,12.3,11.3,9
2024-06-01 21:00:00+00:00,10.8,9.0,355
2024-06-01 22:00:00+00:00,9.9,7.0,325
2024-06-01 23:00:00+00:00,9.1,5.6,315
